NAME,state,county,tract,mhi,mhi_moe,aggregate_income,aggregate_income_moe,lq_mean_income,lq_mean_income_moe,lq_upper_limit,lq_upper_limit_moe,mhi_owner,mhi_owner_moe,mhi_renter,mhi_renter_moe,population,population_moe,households,households_moe,avg_household_size,avg_household_size_moe,poverty_count,poverty_count_moe,poverty_universe,poverty_universe_moe,geoid,geo_level,acs_year,poverty_rate,mean_income,income_skew
Census Tract 1; San Diego County; California,06,073,000100,211023.0,92509.0,381253900.0,88920550.0,41954.0,15933.0,73625.0,21724.0,218750.0,88034.0,183750.0,84996.0,2746,344,1103,133,2.49,0.2,46,43,2746,344,06073000100,tract,2023,0.016751638747268753,345651.7679057117,1.637981489722503
Census Tract 2.01; San Diego County; California,06,073,000201,110476.0,28513.0,249983000.0,64732392.0,14647.0,5307.0,23950.0,33373.0,188889.0,19108.0,78355.0,6471.0,2376,347,1258,121,1.89,0.22,210,106,2376,347,06073000201,tract,2023,0.08838383838383838,198714.62639109697,1.7987130814936907
Census Tract 2.02; San Diego County; California,06,073,000202,121264.0,17112.0,341385800.0,63281472.0,25478.0,14097.0,51213.0,15164.0,167656.0,42803.0,111496.0,21124.0,4019,399,2253,210,1.75,0.12,158,135,3936,399,06073000202,tract,2023,0.04014227642276423,151524.988903684,1.249546352616473
Census Tract 3.01; San Diego County; California,06,073,000301,79605.0,23452.0,172907900.0,35029120.0,15254.0,13469.0,37063.0,22405.0,119141.0,57332.0,71641.0,19668.0,2487,427,1368,173,1.82,0.19,386,362,2487,427,06073000301,tract,2023,0.15520707679935666,126394.66374269006,1.5877729256037945
Census Tract 3.02; San Diego County; California,06,073,000302,89850.0,25629.0,248230000.0,62613572.0,18105.0,10824.0,40755.0,12503.0,151786.0,94683.0,77953.0,12712.0,2925,321,1773,184,1.53,0.14,277,112,2759,322,06073000302,tract,2023,0.10039869517941283,140005.6401579244,1.5582152493925923
Census Tract 4; San Diego County; California,06,073,000400,89565.0,2746.0,273838700.0,58555079.0,24037.0,10003.0,43809.0,25060.0,123906.0,72701.0,88073.0,6423.0,4079,537,2509,269,1.57,0.12,305,188,3933,535,06073000400,tract,2023,0.0775489448258327,109142.5667596652,1.2185850137851304
Census Tract 5; San Diego County; California,06,073,000500,101875.0,11689.0,240207400.0,48741038.0,24400.0,12630.0,54850.0,14517.0,147083.0,27884.0,90083.0,12099.0,2828,351,1572,173,1.8,0.14,141,95,2828,351,06073000500,tract,2023,0.04985855728429986,152803.68956743003,1.4999135172263072
Census Tract 6; San Diego County; California,06,073,000600,99161.0,8869.0,215041400.0,34854943.0,23750.0,10607.0,52771.0,13938.0,127708.0,36074.0,85433.0,14469.0,3111,350,1879,200,1.64,0.1,146,58,3111,350,06073000600,tract,2023,0.046930247508839604,114444.59819052687,1.1541291252662527
Census Tract 7; San Diego County; California,06,073,000700,109484.0,24464.0,309480400.0,59911848.0,20472.0,7996.0,39389.0,18933.0,129492.0,32435.0,91464.0,39282.0,4371,520,2587,346,1.69,0.16,315,182,4371,520,06073000700,tract,2023,0.0720658888126287,119629.06841901816,1.0926625663934288
Census Tract 8; San Diego County; California,06,073,000800,92348.0,23374.0,339509200.0,51974675.0,21144.0,9331.0,41569.0,19197.0,146731.0,21144.0,78676.0,16621.0,5105,612,2898,270,1.76,0.13,372,252,5105,612,06073000800,tract,2023,0.07286973555337904,117152.93305728088,1.268602818223252
Census Tract 9.01; San Diego County; California,06,073,000901,106133.0,18715.0,229298200.0,42698208.0,27486.0,13511.0,47905.0,7826.0,175568.0,31191.0,94602.0,18780.0,3951,462,2031,217,1.94,0.21,538,528,3951,462,06073000901,tract,2023,0.13616805871931156,112899.16297390449,1.063751735783446
Census Tract 9.02; San Diego County; California,06,073,000902,83678.0,12241.0,142954800.0,34527495.0,9866.0,6567.0,22025.0,7378.0,163977.0,44813.0,77500.0,19042.0,2661,307,1551,148,1.71,0.12,388,145,2640,302,06073000902,tract,2023,0.14696969696969697,92169.43907156673,1.1014775576802351
Census Tract 10; San Diego County; California,06,073,001000,86443.0,5129.0,272799100.0,42760364.0,27287.0,8547.0,49271.0,9082.0,104750.0,27120.0,85147.0,4997.0,4622,487,2603,237,1.77,0.12,385,204,4597,485,06073001000,tract,2023,0.08375027191646726,104801.8056089128,1.2123804774118527
Census Tract 11; San Diego County; California,06,073,001100,94007.0,2767.0,199009600.0,43435334.0,31225.0,6546.0,49400.0,10704.0,128750.0,49743.0,93527.0,4441.0,2939,399,1664,242,1.76,0.15,111,56,2894,404,06073001100,tract,2023,0.03835521769177609,119597.11538461539,1.272214998719408
Census Tract 12.01; San Diego County; California,06,073,001201,68750.0,15710.0,122789100.0,49081613.0,16212.0,11692.0,44067.0,15204.0,127083.0,90205.0,67165.0,9967.0,2290,631,1363,303,1.68,0.27,235,98,2290,631,06073001201,tract,2023,0.10262008733624454,90087.38077769626,1.3103619022210367
Census Tract 12.02; San Diego County; California,06,073,001202,102857.0,19094.0,178810800.0,34127928.0,22281.0,8584.0,42500.0,13255.0,143798.0,14824.0,80063.0,21857.0,2966,432,1720,249,1.72,0.12,472,206,2966,432,06073001202,tract,2023,0.15913688469318948,103959.76744186046,1.0107213650199836
Census Tract 13.01; San Diego County; California,06,073,001301,105903.0,23274.0,184299400.0,29964720.0,37623.0,7878.0,58796.0,6738.0,116250.0,48156.0,94412.0,35341.0,2713,414,1575,180,1.72,0.16,196,110,2713,414,06073001301,tract,2023,0.07224474751197936,117015.49206349206,1.1049308524167594
Census Tract 13.02; San Diego County; California,06,073,001302,83659.0,17693.0,212025800.0,39224922.0,30866.0,7357.0,49059.0,10055.0,156250.0,74269.0,78429.0,14389.0,3245,285,2060,228,1.58,0.14,259,140,3245,285,06073001302,tract,2023,0.0798151001540832,102925.14563106796,1.2302937595604533
Census Tract 14; San Diego County; California,06,073,001400,94156.0,17154.0,237115200.0,48894036.0,17699.0,9998.0,32852.0,29637.0,148750.0,25362.0,87195.0,15154.0,3341,363,1829,225,1.82,0.13,325,235,3341,363,06073001400,tract,2023,0.09727626459143969,129641.99015855658,1.3768850647707696
Census Tract 15; San Diego County; California,06,073,001500,110380.0,17505.0,264920400.0,34133625.0,35062.0,5752.0,49155.0,10857.0,103929.0,35518.0,111685.0,26804.0,3934,359,1979,167,1.98,0.13,163,95,3921,356,06073001500,tract,2023,0.04157102779903086,133865.79080343607,1.212772158030767
Census Tract 16; San Diego County; California,06,073,001600,63003.0,13122.0,154827600.0,30553826.0,8288.0,6847.0,24972.0,14852.0,67104.0,23595.0,50000.0,28579.0,5065,889,2269,272,2.23,0.29,1100,633,5065,889,06073001600,tract,2023,0.21717670286278382,68236.0511238431,1.0830603482983843
Census Tract 17; San Diego County; California,06,073,001700,90404.0,16680.0,250639200.0,56680793.0,18844.0,11129.0,41086.0,18706.0,107708.0,37451.0,84302.0,20993.0,4846,675,2425,373,2.0,0.23,442,350,4846,675,06073001700,tract,2023,0.09120924473792819,103356.37113402062,1.1432721022744639
Census Tract 18.01; San Diego County; California,06,073,001801,70682.0,15759.0,74932300.0,16933454.0,19797.0,5381.0,27520.0,5071.0,,,70477.0,15212.0,1805,337,922,119,1.96,0.24,137,96,1805,337,06073001801,tract,2023,0.07590027700831024,81271.47505422993,1.1498185542886439
Census Tract 18.02; San Diego County; California,06,073,001802,82013.0,10343.0,170033600.0,24455010.0,25574.0,5610.0,40254.0,12932.0,139432.0,40121.0,81108.0,7041.0,3248,554,1786,273,1.8,0.13,382,213,3248,554,06073001802,tract,2023,0.11761083743842364,95203.58342665173,1.160835275220413
Census Tract 19; San Diego County; California,06,073,001900,131619.0,24834.0,227147900.0,35801053.0,24025.0,9075.0,45905.0,27415.0,157933.0,42623.0,130208.0,44179.0,3343,361,1553,174,2.13,0.11,351,176,3330,360,06073001900,tract,2023,0.10540540540540541,146263.9407598197,1.1112676798928702
Census Tract 20.01; San Diego County; California,06,073,002001,188306.0,21061.0,319420000.0,35104770.0,40678.0,13909.0,76943.0,18038.0,195288.0,78914.0,156161.0,66842.0,3566,463,1516,101,2.33,0.23,248,182,3566,463,06073002001,tract,2023,0.06954570947840717,210699.20844327178,1.1189192508112953
Census Tract 20.02; San Diego County; California,06,073,002002,166605.0,18864.0,218729900.0,37699827.0,44216.0,17632.0,79200.0,24184.0,191625.0,47667.0,151818.0,134601.0,2626,341,1139,138,2.31,0.17,173,97,2599,338,06073002002,tract,2023,0.06656406310119277,192036.78665496048,1.1526471993935385
Census Tract 21; San Diego County; California,06,073,002100,76648.0,16950.0,304471800.0,71862749.0,32875.0,5473.0,48033.0,6847.0,149844.0,54366.0,74000.0,4729.0,5795,734,2670,342,2.17,0.18,778,335,5795,734,06073002100,tract,2023,0.13425366695427093,114034.38202247191,1.487767221877569
Census Tract 22.01; San Diego County; California,06,073,002201,40647.0,27369.0,86925700.0,27706702.0,14024.0,5266.0,20713.0,2599.0,,,51181.0,27067.0,3145,699,1425,467,2.15,0.42,928,501,3145,699,06073002201,tract,2023,0.2950715421303657,61000.491228070176,1.5007378460420246
Census Tract 22.02; San Diego County; California,06,073,002202,53537.0,8570.0,103424100.0,19808579.0,7968.0,4310.0,14743.0,6911.0,95731.0,21114.0,52232.0,13882.0,4825,586,1632,155,2.89,0.24,1147,441,4825,586,06073002202,tract,2023,0.237720207253886,63372.61029411765,1.1837161270545165
Census Tract 23.01; San Diego County; California,06,073,002301,76884.0,9128.0,134530800.0,42665023.0,,,28250.0,20548.0,141531.0,74155.0,71886.0,10805.0,3190,567,1437,237,2.22,0.21,264,107,3190,567,06073002301,tract,2023,0.08275862068965517,93619.20668058455,1.2176682623248603
Census Tract 23.02; San Diego County; California,06,073,002302,46806.0,28089.0,139503300.0,62593789.0,,,17154.0,7570.0,162109.0,109667.0,33286.0,7796.0,5882,1675,2036,405,2.87,0.54,1154,452,5882,1675,06073002302,tract,2023,0.19619177150629039,68518.32023575639,1.463878994909977
Census Tract 24.01; San Diego County; California,06,073,002401,75813.0,12888.0,169972000.0,28996986.0,24546.0,7754.0,44320.0,13874.0,100673.0,33235.0,71146.0,14105.0,4314,648,1642,157,2.62,0.3,834,445,4264,635,06073002401,tract,2023,0.19559099437148217,103515.22533495737,1.3654020462843757
Census Tract 24.02; San Diego County; California,06,073,002402,54944.0,6724.0,110296700.0,27321603.0,16212.0,7447.0,28153.0,3351.0,,,54110.0,7351.0,4951,723,1739,365,2.84,0.48,888,518,4951,723,06073002402,tract,2023,0.17935770551403757,63425.359401955146,1.1543637048987176
Census Tract 25.01; San Diego County; California,06,073,002501,76208.0,18818.0,130623600.0,22474550.0,17528.0,6529.0,32722.0,12558.0,110978.0,11760.0,63090.0,6654.0,4878,362,1383,127,3.5,0.34,1251,408,4875,362,06073002501,tract,2023,0.25661538461538463,94449.45770065076,1.2393640785829672
Census Tract 25.02; San Diego County; California,06,073,002502,94092.0,12147.0,260830000.0,40024408.0,27462.0,13197.0,55870.0,12735.0,121990.0,25004.0,76771.0,24796.0,6932,869,2349,226,2.95,0.28,1021,721,6891,873,06073002502,tract,2023,0.14816427223915252,111038.7398893146,1.1801081908059623
Census Tract 26.01; San Diego County; California,06,073,002601,65000.0,18201.0,113126100.0,22155047.0,18202.0,5608.0,28683.0,12671.0,47700.0,16179.0,76554.0,18664.0,5994,824,1516,183,3.94,0.34,1481,572,5981,819,06073002601,tract,2023,0.24761745527503762,74621.43799472296,1.148022122995738
Census Tract 26.02; San Diego County; California,06,073,002602,58417.0,27970.0,106690600.0,18213244.0,20301.0,5648.0,30844.0,3248.0,101250.0,17148.0,49183.0,20440.0,4655,767,1359,288,3.38,0.34,960,438,4613,767,06073002602,tract,2023,0.20810752221981357,78506.69610007359,1.3439015372250132
Census Tract 27.02; San Diego County; California,06,073,002702,80090.0,11113.0,258243200.0,92898419.0,27244.0,6052.0,42167.0,10619.0,128192.0,10106.0,70152.0,15669.0,5559,529,1928,179,2.7,0.22,606,264,5225,531,06073002702,tract,2023,0.11598086124401914,133943.56846473028,1.672413141025475
Census Tract 27.03; San Diego County; California,06,073,002703,83644.0,13236.0,248787100.0,51643270.0,20191.0,7407.0,40569.0,20059.0,98889.0,37711.0,77917.0,32147.0,7082,1218,2356,276,2.95,0.3,843,483,7082,1218,06073002703,tract,2023,0.11903417113809658,105597.24108658744,1.2624604405168027
Census Tract 27.05; San Diego County; California,06,073,002705,75703.0,30517.0,119797700.0,23929094.0,16558.0,8752.0,35114.0,14038.0,99524.0,18677.0,36451.0,1390.0,4756,703,1514,323,3.14,0.47,898,575,4739,706,06073002705,tract,2023,0.1894914538932264,79126.61822985469,1.045224340248797
Census Tract 27.07; San Diego County; California,06,073,002707,45529.0,27645.0,100851800.0,34468825.0,9305.0,3823.0,14922.0,11116.0,118750.0,68105.0,40700.0,24997.0,4980,1031,1578,264,3.13,0.31,1706,469,4980,1031,06073002707,tract,2023,0.342570281124498,63911.15335868188,1.4037460378809523
Census Tract 27.08; San Diego County; California,06,073,002708,41119.0,8340.0,93875000.0,14146252.0,13467.0,2971.0,19719.0,4810.0,,,42388.0,7642.0,4789,772,1850,193,2.59,0.26,1027,547,4789,772,06073002708,tract,2023,0.21444978074754645,50743.24324324324,1.2340583001348098
Census Tract 27.09; San Diego County; California,06,073,002709,53520.0,30439.0,68565500.0,15267729.0,4658.0,3955.0,11482.0,4147.0,85341.0,42116.0,33962.0,30300.0,3800,767,1178,177,3.22,0.37,1400,674,3800,767,06073002709,tract,2023,0.3684210526315789,58205.00848896435,1.0875375278207091
Census Tract 27.10; San Diego County; California,06,073,002710,58636.0,25891.0,86171200.0,21199735.0,16376.0,4858.0,25200.0,7177.0,91178.0,17389.0,48342.0,22608.0,3921,464,1092,115,3.57,0.25,728,363,3869,484,06073002710,tract,2023,0.18816231584388732,78911.3553113553,1.3457833977651155
Census Tract 27.11; San Diego County; California,06,073,002711,87011.0,16250.0,104255000.0,17030323.0,29498.0,5478.0,44052.0,6963.0,112250.0,14870.0,75909.0,19645.0,3772,527,995,119,3.77,0.28,320,129,3735,512,06073002711,tract,2023,0.0856760374832664,104778.8944723618,1.2042028533445404
Census Tract 27.12; San Diego County; California,06,073,002712,54083.0,15947.0,131476100.0,23583587.0,11378.0,3841.0,20607.0,7554.0,80500.0,28678.0,36627.0,9188.0,5566,892,1759,167,3.16,0.33,1529,567,5517,848,06073002712,tract,2023,0.27714337502265723,74744.79818078454,1.3820386846288952
Census Tract 28.01; San Diego County; California,06,073,002801,73795.0,51570.0,82180600.0,25236975.0,6107.0,7663.0,18098.0,12720.0,218906.0,45073.0,31300.0,25128.0,4477,384,569,87,3.2,0.38,741,311,1818,379,06073002801,tract,2023,0.4075907590759076,144429.8769771529,1.9571770035524478
Census Tract 28.03; San Diego County; California,06,073,002803,80991.0,15057.0,234616400.0,43975684.0,20344.0,5375.0,33742.0,7846.0,97500.0,13180.0,61471.0,23725.0,5207,625,2438,238,2.12,0.15,809,332,5191,625,06073002803,tract,2023,0.1558466576767482,96233.14191960623,1.1881955022114339
Census Tract 28.04; San Diego County; California,06,073,002804,88156.0,17820.0,227928100.0,46000727.0,19156.0,10354.0,36270.0,6905.0,142219.0,32915.0,37692.0,17953.0,5541,796,1545,192,3.07,0.34,1169,664,4741,793,06073002804,tract,2023,0.2465724530689728,147526.27831715212,1.673468377843279
Census Tract 29.02; San Diego County; California,06,073,002902,75729.0,24525.0,253929800.0,34846434.0,18993.0,6302.0,29980.0,19785.0,116339.0,14577.0,61375.0,15747.0,5979,729,2587,243,2.29,0.21,928,424,5979,729,06073002902,tract,2023,0.1552099013212912,98156.08813297255,1.2961492708602063
Census Tract 29.03; San Diego County; California,06,073,002903,93344.0,7103.0,167398100.0,40106703.0,32346.0,8437.0,50568.0,15554.0,94656.0,14025.0,67356.0,13379.0,4606,767,1592,372,2.89,0.4,547,296,4606,767,06073002903,tract,2023,0.11875814155449414,105149.56030150753,1.1264736919513576
Census Tract 29.04; San Diego County; California,06,073,002904,45746.0,13495.0,169976400.0,37506135.0,6345.0,5333.0,15749.0,4447.0,76364.0,75859.0,40798.0,16438.0,9812,1336,2488,320,2.93,0.33,3370,1302,7323,1330,06073002904,tract,2023,0.46019390959989076,68318.4887459807,1.4934308736497335
Census Tract 29.05; San Diego County; California,06,073,002905,74500.0,16280.0,169684000.0,26994372.0,14292.0,6604.0,29066.0,8869.0,118594.0,12835.0,58935.0,16203.0,5310,695,1918,188,2.75,0.35,1532,659,5148,686,06073002905,tract,2023,0.2975912975912976,88469.23879040667,1.187506560945056
Census Tract 30.01; San Diego County; California,06,073,003001,91397.0,24196.0,124839700.0,20755865.0,26277.0,9653.0,46226.0,7831.0,99884.0,31434.0,80641.0,12894.0,4484,594,1145,148,3.59,0.44,453,208,4053,597,06073003001,tract,2023,0.11176905995558846,109030.30567685589,1.1929309022928092
Census Tract 30.03; San Diego County; California,06,073,003003,84622.0,16361.0,163428000.0,28789175.0,18170.0,9950.0,34944.0,12129.0,94779.0,19594.0,70600.0,23583.0,4926,609,1587,119,3.1,0.33,775,407,4902,604,06073003003,tract,2023,0.15809873521011833,102979.20604914933,1.2169318386371077
Census Tract 30.04; San Diego County; California,06,073,003004,64815.0,14589.0,185269700.0,113149162.0,16393.0,9830.0,36226.0,10279.0,119625.0,29069.0,49755.0,9391.0,5260,682,1466,169,3.56,0.35,644,252,5230,672,06073003004,tract,2023,0.1231357552581262,126377.69440654843,1.9498217142104208
Census Tract 31.01; San Diego County; California,06,073,003101,88229.0,26162.0,116958900.0,22089715.0,37400.0,9527.0,52040.0,13052.0,111625.0,36173.0,67885.0,13487.0,3913,650,1028,117,3.78,0.37,335,205,3913,650,06073003101,tract,2023,0.08561206235624841,113773.24902723735,1.2895221415547875
Census Tract 31.03; San Diego County; California,06,073,003103,99919.0,22260.0,192094800.0,30251913.0,22281.0,10865.0,49354.0,18608.0,110000.0,23195.0,,,6462,811,1704,175,3.73,0.3,467,244,6460,811,06073003103,tract,2023,0.07229102167182662,112731.69014084506,1.1282307683307986
Census Tract 31.05; San Diego County; California,06,073,003105,108068.0,28865.0,124778700.0,30869460.0,22105.0,14507.0,47833.0,46436.0,108939.0,32897.0,100288.0,39308.0,4343,971,1221,249,3.54,0.33,432,370,4268,938,06073003105,tract,2023,0.10121836925960637,102193.85749385749,0.9456440157480243
Census Tract 31.07; San Diego County; California,06,073,003107,97105.0,19046.0,174788500.0,28490166.0,25431.0,8857.0,44205.0,9551.0,106141.0,7849.0,83167.0,24430.0,5307,770,1538,160,3.36,0.29,433,231,5307,770,06073003107,tract,2023,0.08159035236480121,113646.6189856957,1.1703477574346914
Census Tract 31.08; San Diego County; California,06,073,003108,112837.0,23794.0,116472000.0,21357298.0,28132.0,9734.0,55021.0,23843.0,132417.0,29708.0,61000.0,34552.0,3526,396,1021,127,3.44,0.32,251,125,3490,389,06073003108,tract,2023,0.07191977077363897,114076.39569049951,1.0109839475570914
Census Tract 31.09; San Diego County; California,06,073,003109,123368.0,11980.0,111799700.0,21495589.0,43597.0,15240.0,80011.0,10798.0,123838.0,6410.0,93833.0,23195.0,3319,713,861,152,3.7,0.3,373,226,3319,713,06073003109,tract,2023,0.1123832479662549,129848.6643437863,1.0525311615960888
Census Tract 31.11; San Diego County; California,06,073,003111,46528.0,24311.0,143032000.0,30647447.0,7533.0,4159.0,15569.0,5345.0,120304.0,18678.0,32913.0,10843.0,6211,912,1828,185,3.37,0.37,1532,648,6211,912,06073003111,tract,2023,0.24665915311544034,78245.07658643326,1.6816771962352404
Census Tract 31.12; San Diego County; California,06,073,003112,85965.0,6383.0,107474700.0,16000028.0,26163.0,11032.0,46292.0,33918.0,87484.0,10357.0,73879.0,33705.0,3938,504,1161,110,3.35,0.32,198,201,3933,503,06073003112,tract,2023,0.05034324942791762,92570.80103359174,1.0768429132041148
Census Tract 31.13; San Diego County; California,06,073,003113,114028.0,13252.0,151624600.0,19280772.0,28292.0,10799.0,54000.0,16877.0,120089.0,12656.0,102333.0,58957.0,4719,483,1205,103,3.86,0.27,347,168,4714,484,06073003113,tract,2023,0.07361052184980908,125829.54356846472,1.1034968917148833
Census Tract 31.14; San Diego County; California,06,073,003114,110081.0,5780.0,104522700.0,17924664.0,42469.0,12023.0,64404.0,16857.0,110563.0,2984.0,96681.0,25393.0,3482,568,894,135,3.82,0.38,326,184,3385,554,06073003114,tract,2023,0.09630723781388478,116915.77181208054,1.0620885694359656
Census Tract 31.15; San Diego County; California,06,073,003115,85156.0,24370.0,151884700.0,21216540.0,11231.0,6299.0,24508.0,10886.0,106744.0,13872.0,23854.0,20436.0,5613,522,1655,152,3.34,0.23,917,309,5593,525,06073003115,tract,2023,0.1639549436795995,91773.2326283988,1.077707180097689
Census Tract 32.01; San Diego County; California,06,073,003201,93508.0,20690.0,173565600.0,59648415.0,17018.0,15445.0,45357.0,23512.0,139365.0,7716.0,72170.0,26754.0,5488,1255,1515,309,3.59,0.3,628,439,5488,1255,06073003201,tract,2023,0.11443148688046648,114564.75247524753,1.2251866415199504
Census Tract 32.02; San Diego County; California,06,073,003202,91435.0,13133.0,148540300.0,20788142.0,37815.0,7671.0,56363.0,4538.0,92370.0,38964.0,75662.0,26853.0,4891,648,1289,130,3.73,0.33,173,85,4877,646,06073003202,tract,2023,0.03547262661472216,115236.85027152831,1.2603144339862011
Census Tract 32.04; San Diego County; California,06,073,003204,118750.0,21744.0,157041400.0,34721869.0,26537.0,12523.0,42333.0,16482.0,121286.0,23299.0,101522.0,43566.0,3605,665,1054,100,3.4,0.54,312,287,3534,635,06073003204,tract,2023,0.08828522920203735,148995.6356736243,1.254700089883152
Census Tract 32.07; San Diego County; California,06,073,003207,109704.0,15445.0,343603000.0,93038647.0,41075.0,7364.0,54664.0,10590.0,127803.0,21676.0,73508.0,37193.0,5768,840,2276,305,2.53,0.36,344,216,5763,839,06073003207,tract,2023,0.0596911330904043,150967.92618629173,1.3761387568939303
Census Tract 32.08; San Diego County; California,06,073,003208,82594.0,11388.0,186583000.0,27200181.0,20891.0,8179.0,34246.0,14164.0,113528.0,19058.0,67422.0,20188.0,6749,1307,2031,161,3.32,0.49,708,457,6749,1307,06073003208,tract,2023,0.1049044302859683,91867.55292959133,1.1122787724240422
Census Tract 32.09; San Diego County; California,06,073,003209,80436.0,24081.0,164045100.0,32803894.0,23891.0,8349.0,41193.0,5760.0,130423.0,35727.0,52250.0,12162.0,5277,769,1765,222,2.98,0.22,161,89,5277,769,06073003209,tract,2023,0.03050975933295433,92943.39943342777,1.1554950449230166
Census Tract 32.11; San Diego County; California,06,073,003211,96563.0,13225.0,98557200.0,14089604.0,33307.0,10844.0,60569.0,16164.0,105526.0,9920.0,93370.0,7116.0,3077,365,903,112,3.4,0.46,253,141,3072,364,06073003211,tract,2023,0.08235677083333333,109144.18604651163,1.1302899251940353
Census Tract 32.12; San Diego County; California,06,073,003212,103281.0,23605.0,121139200.0,17895779.0,28585.0,12059.0,51797.0,26092.0,104922.0,23890.0,68807.0,61940.0,3930,437,1048,91,3.55,0.33,330,157,3721,433,06073003212,tract,2023,0.08868583714055361,115590.83969465649,1.1191878437917573
Census Tract 32.13; San Diego County; California,06,073,003213,125164.0,18320.0,151090800.0,33332516.0,43281.0,8958.0,66333.0,11944.0,126071.0,19462.0,96829.0,56846.0,3825,391,998,68,3.78,0.3,249,176,3825,391,06073003213,tract,2023,0.06509803921568627,151393.5871743487,1.2095617523756728
Census Tract 32.14; San Diego County; California,06,073,003214,80762.0,16741.0,170118200.0,26401419.0,34655.0,5731.0,47099.0,2815.0,81829.0,15815.0,73785.0,33392.0,4587,575,1551,240,2.95,0.2,269,212,4587,575,06073003214,tract,2023,0.05864399389579246,109682.91424887169,1.3581005206516887
Census Tract 33.01; San Diego County; California,06,073,003301,72773.0,10692.0,80931700.0,12961891.0,15795.0,4654.0,27739.0,3431.0,115720.0,21794.0,64517.0,12736.0,3338,627,1014,107,3.29,0.42,649,383,3300,611,06073003301,tract,2023,0.19666666666666666,79814.29980276134,1.0967570363013939
Census Tract 33.03; San Diego County; California,06,073,003303,57699.0,9450.0,90485700.0,16136629.0,7687.0,6924.0,14250.0,17857.0,76458.0,26229.0,54176.0,16347.0,3969,577,1401,209,2.83,0.35,683,344,3969,577,06073003303,tract,2023,0.17208364827412445,64586.509635974304,1.1193696534770845
Census Tract 33.04; San Diego County; California,06,073,003304,45362.0,13488.0,68798000.0,13183027.0,9558.0,4935.0,21923.0,9167.0,76806.0,18957.0,35781.0,13229.0,3164,440,1065,151,2.97,0.31,677,303,3164,440,06073003304,tract,2023,0.21396965865992415,64599.06103286385,1.4240787670928057
Census Tract 33.05; San Diego County; California,06,073,003305,56842.0,15196.0,119841700.0,22848003.0,9729.0,4192.0,17444.0,11412.0,118309.0,41233.0,36631.0,10447.0,6521,1006,1666,201,3.87,0.28,1720,657,6476,1005,06073003305,tract,2023,0.2655960469425571,71933.79351740696,1.2655042665178382
Census Tract 34.01; San Diego County; California,06,073,003401,78026.0,9352.0,212529700.0,46722571.0,16159.0,9642.0,35868.0,8297.0,135255.0,37834.0,52950.0,15646.0,5794,903,2026,260,2.8,0.31,613,249,5697,903,06073003401,tract,2023,0.10760049148674741,104901.13524185587,1.3444382031868334
Census Tract 34.03; San Diego County; California,06,073,003403,66711.0,17951.0,81790500.0,12725762.0,18575.0,8784.0,35157.0,5392.0,61923.0,47340.0,66908.0,20443.0,3681,455,1052,94,3.5,0.34,621,346,3681,455,06073003403,tract,2023,0.1687041564792176,77747.62357414448,1.1654393364534257
Census Tract 34.04; San Diego County; California,06,073,003404,75843.0,8514.0,106010900.0,24216430.0,25945.0,9072.0,44167.0,12922.0,98125.0,20185.0,69934.0,13904.0,4595,864,1150,148,3.96,0.5,264,127,4595,864,06073003404,tract,2023,0.05745375408052231,92183.39130434782,1.2154502235453215
Census Tract 35.01; San Diego County; California,06,073,003501,59974.0,35259.0,79440200.0,21135670.0,9006.0,8777.0,22423.0,18116.0,111302.0,32078.0,36500.0,18024.0,3591,547,1003,166,3.57,0.43,809,443,3591,547,06073003501,tract,2023,0.2252854358117516,79202.59222333001,1.320615470426018
Census Tract 35.02; San Diego County; California,06,073,003502,43807.0,24120.0,79463500.0,20619069.0,11065.0,6902.0,22963.0,5646.0,95682.0,34906.0,36010.0,11946.0,4655,1096,1203,124,3.86,0.7,1214,504,4626,1096,06073003502,tract,2023,0.2624297449200173,66054.44721529509,1.5078514213549226
Census Tract 36.01; San Diego County; California,06,073,003601,83233.0,14855.0,71571200.0,20521021.0,19992.0,8379.0,36088.0,11805.0,100865.0,22658.0,80179.0,12396.0,3460,918,759,120,4.55,0.61,488,309,3452,919,06073003601,tract,2023,0.1413673232908459,94296.70619235837,1.132924515424872
Census Tract 36.02; San Diego County; California,06,073,003602,64444.0,9065.0,71658500.0,15761633.0,17532.0,6405.0,31071.0,8022.0,71771.0,52727.0,58811.0,17955.0,3719,788,840,133,4.33,0.54,624,214,3719,788,06073003602,tract,2023,0.1677870395267545,85307.73809523809,1.323749892856404
Census Tract 36.03; San Diego County; California,06,073,003603,63664.0,18766.0,75414500.0,12143239.0,19952.0,5995.0,28912.0,4378.0,90677.0,37154.0,53333.0,23855.0,3176,467,1025,92,3.04,0.44,557,367,3176,467,06073003603,tract,2023,0.1753778337531486,73575.12195121951,1.1556785931015883
Census Tract 38; San Diego County; California,06,073,003800,,,,,,,,,,,,,8774,323,16,27,,,0,19,16,27,06073003800,tract,2023,0.0,,
Census Tract 39.01; San Diego County; California,06,073,003901,67459.0,9633.0,81355600.0,12537815.0,15734.0,8032.0,36107.0,8822.0,65781.0,29443.0,70352.0,11108.0,4381,698,1068,137,4.1,0.41,791,402,4341,691,06073003901,tract,2023,0.18221607924441374,76175.65543071162,1.1292141216251592
Census Tract 39.02; San Diego County; California,06,073,003902,53750.0,15339.0,87515000.0,16955773.0,15613.0,4559.0,22118.0,2967.0,81128.0,68967.0,53003.0,17239.0,4257,667,1378,247,3.08,0.49,495,264,4233,668,06073003902,tract,2023,0.11693834160170093,63508.708272859214,1.1815573632159855
Census Tract 40; San Diego County; California,06,073,004000,53643.0,21162.0,82190000.0,14209031.0,14482.0,7005.0,29220.0,9825.0,83654.0,60464.0,42197.0,6775.0,4151,784,1206,163,3.42,0.43,921,440,4139,786,06073004000,tract,2023,0.22251751630828703,68150.91210613599,1.270453034061033
Census Tract 41.01; San Diego County; California,06,073,004101,56931.0,29915.0,189926400.0,27830728.0,30389.0,3430.0,35915.0,5088.0,,,56922.0,28571.0,4163,558,2268,462,1.76,0.26,275,164,4153,558,06073004101,tract,2023,0.06621719239104262,83741.79894179894,1.4709349728934842
Census Tract 41.02; San Diego County; California,06,073,004102,75000.0,29379.0,75310500.0,27299621.0,16358.0,6566.0,26952.0,5247.0,226098.0,77920.0,64688.0,29596.0,2169,502,852,209,2.31,0.29,888,301,2161,502,06073004102,tract,2023,0.41092086996760757,88392.60563380281,1.1785680751173708
Census Tract 42; San Diego County; California,06,073,004200,138021.0,42409.0,364531500.0,54549188.0,47427.0,10544.0,70512.0,8100.0,182704.0,13577.0,90911.0,17450.0,5903,489,2263,191,2.54,0.19,207,161,5826,487,06073004200,tract,2023,0.03553038105046344,161083.29650905877,1.1670926635009076
Census Tract 43; San Diego County; California,06,073,004300,107846.0,18479.0,271625700.0,34983551.0,33226.0,11221.0,59670.0,14928.0,143158.0,41577.0,93036.0,17925.0,4339,476,1957,198,2.2,0.16,336,210,4322,475,06073004300,tract,2023,0.07774178621008793,138796.98518140012,1.2869924260649455
Census Tract 44; San Diego County; California,06,073,004400,102069.0,32278.0,271132400.0,70950342.0,22901.0,7567.0,41423.0,15205.0,161696.0,35710.0,84395.0,8017.0,4097,593,1734,212,2.3,0.21,410,160,4097,593,06073004400,tract,2023,0.10007322431047108,156362.39907727798,1.5319283923353613
Census Tract 45.01; San Diego County; California,06,073,004501,77444.0,12330.0,141300400.0,23604578.0,28996.0,6095.0,42600.0,10960.0,134091.0,23938.0,75068.0,14305.0,2850,304,1528,160,1.84,0.19,269,180,2850,304,06073004501,tract,2023,0.0943859649122807,92474.08376963351,1.1940768009094767
Census Tract 46; San Diego County; California,06,073,004600,72774.0,9243.0,88981400.0,18474892.0,17483.0,6991.0,33708.0,10107.0,138529.0,55665.0,69732.0,7938.0,1996,357,1043,139,1.85,0.2,189,89,1996,357,06073004600,tract,2023,0.09468937875751503,85312.94343240652,1.1722997695936257
Census Tract 47; San Diego County; California,06,073,004700,64338.0,5887.0,62939300.0,18313201.0,21040.0,8943.0,41360.0,9704.0,122311.0,97784.0,62559.0,18298.0,1327,253,693,157,1.88,0.25,114,54,1305,253,06073004700,tract,2023,0.08735632183908046,90821.50072150072,1.4116307737495837
Census Tract 48; San Diego County; California,06,073,004800,61783.0,17540.0,94003000.0,33002625.0,9229.0,4532.0,16125.0,11454.0,83721.0,74137.0,44630.0,18660.0,3395,660,1288,285,2.61,0.34,802,355,3395,660,06073004800,tract,2023,0.23622974963181148,72983.69565217392,1.1812908996354001
Census Tract 49; San Diego County; California,06,073,004900,46533.0,17672.0,126591300.0,43794636.0,,,20538.0,2809.0,85658.0,41649.0,37375.0,18007.0,5166,768,1611,215,3.2,0.32,1511,521,5128,756,06073004900,tract,2023,0.29465678627145087,78579.32960893854,1.6886796382983804
Census Tract 50; San Diego County; California,06,073,005000,39050.0,29597.0,37879900.0,15029210.0,8660.0,4305.0,16411.0,8006.0,,,39925.0,34654.0,1897,449,668,153,2.63,0.38,383,216,1754,448,06073005000,tract,2023,0.21835803876852908,56706.4371257485,1.4521494782522024
Census Tract 51.01; San Diego County; California,06,073,005101,64155.0,40722.0,138483300.0,30420769.0,10026.0,6096.0,22889.0,14151.0,,,81953.0,37641.0,3618,891,1509,191,2.03,0.46,924,150,3618,891,06073005101,tract,2023,0.25538971807628524,91771.57057654076,1.4304663794956085
Census Tract 51.02; San Diego County; California,06,073,005102,85541.0,14106.0,344910200.0,47041716.0,9137.0,6074.0,19906.0,34203.0,175155.0,34737.0,68843.0,31030.0,4673,507,3222,310,1.4,0.09,791,241,4673,507,06073005102,tract,2023,0.1692702760539268,107048.47920546244,1.2514288961487758
Census Tract 51.03; San Diego County; California,06,073,005103,24125.0,21424.0,38690200.0,17084094.0,4411.0,4305.0,12574.0,7208.0,,,24000.0,20186.0,3045,653,787,184,2.29,0.57,1292,223,3022,655,06073005103,tract,2023,0.42753143613500993,49161.62642947903,2.037787624019856
Census Tract 52.01; San Diego County; California,06,073,005201,105271.0,13575.0,229567700.0,39663968.0,20883.0,13018.0,60114.0,43537.0,117167.0,93567.0,101550.0,14142.0,3207,383,2063,234,1.46,0.1,459,142,3207,383,06073005201,tract,2023,0.1431244153414406,111278.57489093553,1.0570677099194985
Census Tract 52.02; San Diego County; California,06,073,005202,58140.0,8104.0,287897800.0,67656546.0,7553.0,3086.0,15705.0,5540.0,122325.0,69244.0,54415.0,7877.0,5108,707,3344,408,1.47,0.1,1389,360,5108,707,06073005202,tract,2023,0.2719263899765074,86093.83971291866,1.4808021966446279
Census Tract 53.01; San Diego County; California,06,073,005301,74775.0,8114.0,188419700.0,42365690.0,10431.0,5435.0,16941.0,21080.0,88882.0,72870.0,74344.0,8570.0,3313,499,1975,248,1.37,0.13,753,278,3303,499,06073005301,tract,2023,0.22797456857402362,95402.37974683545,1.2758593078814502
Census Tract 53.02; San Diego County; California,06,073,005302,86250.0,16712.0,167656900.0,43138177.0,17540.0,6693.0,29256.0,17640.0,189688.0,40015.0,75441.0,14672.0,4116,383,1301,240,1.59,0.18,126,93,2123,376,06073005302,tract,2023,0.05934997644842204,128867.71714066103,1.494118459601867
Census Tract 54.01; San Diego County; California,06,073,005401,185814.0,45434.0,231320100.0,62991755.0,26225.0,17307.0,34601.0,76953.0,186037.0,26802.0,146629.0,108479.0,1813,430,1182,300,1.53,0.18,118,104,1813,430,06073005401,tract,2023,0.06508549365692223,195702.2842639594,1.0532160346580957
Census Tract 54.02; San Diego County; California,06,073,005402,131332.0,45688.0,427683900.0,137313842.0,15320.0,9342.0,38178.0,32446.0,166734.0,64360.0,127826.0,71388.0,4506,996,2637,511,1.71,0.1,546,243,4506,996,06073005402,tract,2023,0.12117177097203728,162185.779294653,1.2349296385850592
Census Tract 54.03; San Diego County; California,06,073,005403,140388.0,22843.0,283153600.0,63018846.0,37742.0,13452.0,68409.0,16565.0,250001.0,,113362.0,37162.0,2407,356,1555,223,1.55,0.13,79,64,2407,356,06073005403,tract,2023,0.0328209389281263,182092.34726688103,1.2970649006103159
Census Tract 55; San Diego County; California,06,073,005500,,,,,,,,,,,,,295,102,16,17,5.88,0.91,0,14,94,98,06073005500,tract,2023,0.0,,
Census Tract 56.01; San Diego County; California,06,073,005601,58924.0,24608.0,182943300.0,65715175.0,2343.0,5547.0,12737.0,14200.0,59113.0,43653.0,58847.0,46253.0,2525,492,1839,206,1.34,0.19,708,286,2519,492,06073005601,tract,2023,0.2810639142516872,99479.77161500815,1.6882725479432517
Census Tract 56.02; San Diego County; California,06,073,005602,100397.0,12457.0,167261800.0,32729075.0,21606.0,11902.0,42383.0,27522.0,117326.0,50203.0,80074.0,23866.0,2117,289,1381,150,1.52,0.12,238,122,2117,289,06073005602,tract,2023,0.11242324043457723,121116.43736422883,1.2063750646356846
Census Tract 57; San Diego County; California,06,073,005700,75181.0,6791.0,83033500.0,20357089.0,15112.0,4638.0,24470.0,7689.0,86827.0,36279.0,72245.0,7542.0,2154,201,925,121,1.34,0.12,765,283,2152,190,06073005700,tract,2023,0.3554832713754647,89765.94594594595,1.1939977646738664
Census Tract 58.01; San Diego County; California,06,073,005801,100909.0,32114.0,149939200.0,31329007.0,16818.0,13761.0,38719.0,19943.0,192898.0,91692.0,100085.0,37734.0,1703,218,1244,142,1.37,0.11,177,109,1703,218,06073005801,tract,2023,0.10393423370522607,120529.9035369775,1.1944415615750577
Census Tract 58.02; San Diego County; California,06,073,005802,143182.0,17973.0,271907100.0,43853995.0,45136.0,20290.0,87346.0,42339.0,124696.0,35389.0,152061.0,23981.0,2830,458,1796,219,1.58,0.14,146,90,2830,458,06073005802,tract,2023,0.051590106007067135,151395.93541202674,1.0573670951099072
Census Tract 59; San Diego County; California,06,073,005900,87813.0,24121.0,289591900.0,120983136.0,25487.0,5333.0,36958.0,4061.0,136250.0,54399.0,77917.0,26398.0,3187,377,2087,243,1.47,0.1,274,148,3088,377,06073005900,tract,2023,0.08873056994818652,138759.89458552946,1.5801748554943966
Census Tract 60; San Diego County; California,06,073,006000,99044.0,16657.0,409332700.0,87180450.0,13593.0,8733.0,28792.0,20634.0,134188.0,50194.0,87950.0,23485.0,4431,484,2458,294,1.71,0.16,604,301,4383,484,06073006000,tract,2023,0.1378051562856491,166530.7973962571,1.6813819857463057
Census Tract 61; San Diego County; California,06,073,006100,95655.0,16694.0,125455000.0,24694629.0,17226.0,9464.0,32875.0,19958.0,105644.0,37361.0,88115.0,23856.0,2225,350,1087,136,2.05,0.25,155,148,2225,350,06073006100,tract,2023,0.0696629213483146,115413.98344066237,1.2065650874566136
Census Tract 62; San Diego County; California,06,073,006200,,,,,,,,,,,,,31,4,0,14,,,0,14,0,14,06073006200,tract,2023,,,
Census Tract 63; San Diego County; California,06,073,006300,,,,,,,,,,,,,2490,222,0,14,,,0,14,0,14,06073006300,tract,2023,,,
Census Tract 65; San Diego County; California,06,073,006500,69057.0,12622.0,130582900.0,24823374.0,11423.0,3699.0,18087.0,8439.0,126964.0,59552.0,60181.0,26946.0,3554,416,1594,198,1.71,0.14,844,303,3532,417,06073006500,tract,2023,0.23895809739524349,81921.51819322459,1.1862884022361904
Census Tract 66; San Diego County; California,06,073,006600,101250.0,29396.0,51631600.0,10439129.0,42882.0,18340.0,62688.0,6540.0,,,101250.0,29396.0,2001,266,476,73,4.2,0.51,141,136,2001,266,06073006600,tract,2023,0.0704647676161919,108469.74789915966,1.0713061520904659
Census Tract 68.01; San Diego County; California,06,073,006801,90531.0,15262.0,158192300.0,34914199.0,21611.0,6895.0,36628.0,6949.0,92604.0,21488.0,87325.0,21414.0,3299,527,1569,248,2.1,0.21,314,171,3299,527,06073006801,tract,2023,0.0951803576841467,100823.64563416189,1.113691946782449
Census Tract 68.02; San Diego County; California,06,073,006802,89634.0,13142.0,269984500.0,39075337.0,13923.0,7903.0,34741.0,16116.0,94706.0,49397.0,89281.0,17835.0,6017,612,2741,231,2.1,0.15,1272,590,5851,611,06073006802,tract,2023,0.2173987352589301,98498.54067858445,1.0988970778787563
Census Tract 69; San Diego County; California,06,073,006900,140768.0,7025.0,404495800.0,59074337.0,48849.0,10232.0,73028.0,9008.0,181920.0,53872.0,111653.0,52515.0,5878,1001,2098,232,2.79,0.25,398,373,5852,1001,06073006900,tract,2023,0.06801093643198906,192800.66730219257,1.369634201680727
Census Tract 70.02; San Diego County; California,06,073,007002,179239.0,43673.0,280856200.0,44800248.0,37740.0,21881.0,73750.0,17922.0,172778.0,37984.0,216026.0,32524.0,3170,296,1270,125,2.5,0.15,159,111,3170,296,06073007002,tract,2023,0.050157728706624605,221146.61417322836,1.233808569414181
Census Tract 71; San Diego County; California,06,073,007100,148464.0,34809.0,406027000.0,73042658.0,16358.0,11819.0,40555.0,16033.0,196042.0,30012.0,32031.0,19997.0,4296,502,2091,300,2.05,0.18,357,216,4296,502,06073007100,tract,2023,0.08310055865921788,194178.38354854137,1.3079156128660239
Census Tract 72; San Diego County; California,06,073,007200,177039.0,28808.0,398309500.0,58631826.0,48022.0,16082.0,89960.0,28145.0,177647.0,40305.0,175104.0,64642.0,5809,381,1523,138,2.6,0.16,169,215,3981,378,06073007200,tract,2023,0.04245164531524743,261529.5469468155,1.4772425677213241
Census Tract 73.02; San Diego County; California,06,073,007302,179449.0,40264.0,250779200.0,55423668.0,39630.0,17078.0,63917.0,60072.0,197426.0,29278.0,,,2741,396,987,170,2.78,0.22,51,50,2741,396,06073007302,tract,2023,0.018606348048157608,254082.2695035461,1.4159023984728034
Census Tract 73.03; San Diego County; California,06,073,007303,115000.0,17690.0,140639500.0,30130565.0,35429.0,13186.0,53000.0,41659.0,118542.0,29679.0,113438.0,23059.0,1712,298,922,121,1.86,0.29,68,45,1712,298,06073007303,tract,2023,0.0397196261682243,152537.4186550976,1.3264123361312834
Census Tract 73.04; San Diego County; California,06,073,007304,104311.0,24939.0,221024600.0,44371607.0,27268.0,19940.0,57644.0,16006.0,123975.0,7287.0,90456.0,23144.0,3620,541,2039,309,1.78,0.21,552,453,3620,541,06073007304,tract,2023,0.15248618784530388,108398.52869053457,1.0391859793361637
Census Tract 74.01; San Diego County; California,06,073,007401,81477.0,40444.0,162830400.0,44035160.0,25892.0,6502.0,38155.0,19247.0,141434.0,26984.0,71427.0,7629.0,2745,500,1413,315,1.94,0.21,286,136,2730,498,06073007401,tract,2023,0.10476190476190476,115237.36730360934,1.414354570045649
Census Tract 74.02; San Diego County; California,06,073,007402,131159.0,39750.0,230031300.0,60766216.0,27462.0,13723.0,58114.0,18021.0,141528.0,73167.0,124241.0,42221.0,3806,831,1577,267,2.41,0.25,329,204,3806,831,06073007402,tract,2023,0.08644245927482921,145866.39188332277,1.112134065396372
Census Tract 75.01; San Diego County; California,06,073,007501,83750.0,23071.0,216266500.0,52203746.0,18303.0,9699.0,39250.0,14852.0,126548.0,48985.0,76752.0,23390.0,4160,719,2162,258,1.92,0.19,383,169,4160,719,06073007501,tract,2023,0.0920673076923077,100030.75855689177,1.1943971170972152
Census Tract 75.02; San Diego County; California,06,073,007502,84550.0,15902.0,194003600.0,33677088.0,31452.0,6172.0,45244.0,16803.0,115536.0,50126.0,83552.0,12167.0,3010,361,1745,179,1.72,0.12,219,117,3010,361,06073007502,tract,2023,0.07275747508305648,111176.84813753581,1.3149242831169226
Census Tract 76.01; San Diego County; California,06,073,007601,93785.0,17369.0,120134500.0,32124935.0,14489.0,29283.0,44464.0,31060.0,95455.0,49781.0,87188.0,25147.0,1750,357,1035,209,1.66,0.23,190,167,1750,357,06073007601,tract,2023,0.10857142857142857,116071.9806763285,1.237639075292728
Census Tract 76.02; San Diego County; California,06,073,007602,129764.0,49376.0,190856200.0,66153261.0,17415.0,21588.0,41148.0,43959.0,,,148125.0,46690.0,1435,342,927,196,1.55,0.22,184,125,1435,342,06073007602,tract,2023,0.12822299651567945,205885.8683926645,1.5866177706657048
Census Tract 77.01; San Diego County; California,06,073,007701,126346.0,17449.0,359344200.0,99128711.0,29689.0,12068.0,52895.0,12728.0,161719.0,84726.0,113893.0,17210.0,4243,784,2070,239,2.05,0.23,365,131,4243,784,06073007701,tract,2023,0.08602403959462644,173596.23188405798,1.3739748934201161
Census Tract 77.02; San Diego County; California,06,073,007702,109414.0,57870.0,242924900.0,46728644.0,26222.0,8290.0,43405.0,6376.0,198750.0,52012.0,87697.0,38440.0,3188,509,1743,236,1.82,0.15,222,151,3188,509,06073007702,tract,2023,0.06963613550815559,139371.7154331612,1.2738014827459119
Census Tract 78; San Diego County; California,06,073,007800,105938.0,19031.0,306145800.0,61856075.0,25298.0,10904.0,47206.0,8477.0,104323.0,56973.0,106750.0,28598.0,5939,960,2682,456,2.21,0.24,820,510,5927,960,06073007800,tract,2023,0.13834992407626118,114148.32214765101,1.07750120020815
Census Tract 79.05; San Diego County; California,06,073,007905,120074.0,19150.0,183511700.0,39452672.0,24630.0,16327.0,52061.0,32193.0,124199.0,49897.0,116552.0,26024.0,2557,388,1379,176,1.84,0.18,362,263,2557,388,06073007905,tract,2023,0.14157215486898708,133075.92458303118,1.1082825972569514
Census Tract 79.07; San Diego County; California,06,073,007907,115660.0,23303.0,196335700.0,33201878.0,21042.0,12735.0,49711.0,23415.0,134130.0,25949.0,101827.0,31687.0,3167,448,1609,163,1.96,0.17,434,209,3167,448,06073007907,tract,2023,0.13703820650457846,122023.43070229956,1.0550184221191385
Census Tract 79.08; San Diego County; California,06,073,007908,89936.0,25549.0,185475500.0,32535752.0,27485.0,6970.0,46054.0,11015.0,121875.0,49848.0,88529.0,21989.0,3285,509,1617,212,2.03,0.15,238,114,3285,509,06073007908,tract,2023,0.07245053272450533,114703.46320346321,1.2753898683893348
Census Tract 79.10; San Diego County; California,06,073,007910,100227.0,37939.0,202614000.0,47266380.0,19555.0,9930.0,41583.0,22604.0,80500.0,45767.0,106875.0,41666.0,2832,525,1546,186,1.82,0.2,278,153,2832,525,06073007910,tract,2023,0.0981638418079096,131056.9210866753,1.3076009566950553
Census Tract 79.11; San Diego County; California,06,073,007911,115134.0,19621.0,178299600.0,32657539.0,26007.0,9040.0,40115.0,26873.0,145000.0,80435.0,110944.0,32203.0,2347,273,1333,133,1.76,0.12,136,124,2347,273,06073007911,tract,2023,0.057946314443971025,133758.13953488372,1.161760553223928
Census Tract 79.12; San Diego County; California,06,073,007912,113724.0,16943.0,124051700.0,16355443.0,58421.0,9191.0,71134.0,9218.0,,,113250.0,27150.0,1795,302,951,94,1.89,0.27,88,105,1795,302,06073007912,tract,2023,0.04902506963788301,130443.42797055731,1.1470175861784435
Census Tract 80.02; San Diego County; California,06,073,008002,184653.0,44363.0,228243600.0,54675218.0,46671.0,14276.0,81333.0,26618.0,183264.0,47933.0,200188.0,75925.0,2680,351,1023,102,2.62,0.2,78,53,2680,351,06073008002,tract,2023,0.029104477611940297,223112.02346041056,1.2082772739159968
Census Tract 80.03; San Diego County; California,06,073,008003,158704.0,31017.0,361352400.0,107663173.0,41531.0,14255.0,77708.0,18000.0,238233.0,50783.0,133509.0,19786.0,3440,509,1880,414,1.83,0.2,196,92,3440,509,06073008003,tract,2023,0.056976744186046514,192208.72340425532,1.2111145491245041
Census Tract 80.06; San Diego County; California,06,073,008006,131125.0,31809.0,334227800.0,69664191.0,42663.0,8812.0,72228.0,12847.0,176094.0,27470.0,114250.0,24244.0,4039,452,1835,181,2.18,0.14,205,120,4006,452,06073008006,tract,2023,0.05117324013979031,182140.49046321525,1.3890599844668465
Census Tract 81.01; San Diego County; California,06,073,008101,104457.0,29078.0,310790800.0,69079677.0,25033.0,10666.0,46853.0,8092.0,183750.0,64940.0,80296.0,36724.0,3696,558,1830,271,2.0,0.13,305,135,3641,560,06073008101,tract,2023,0.08376819555067289,169831.03825136612,1.625846408104446
Census Tract 81.02; San Diego County; California,06,073,008102,188545.0,20128.0,354425800.0,65690695.0,47472.0,12188.0,74794.0,25461.0,200833.0,42210.0,157891.0,45949.0,3367,545,1303,200,2.58,0.18,136,81,3360,545,06073008102,tract,2023,0.04047619047619048,272007.52110514196,1.4426663189431805
Census Tract 82.01; San Diego County; California,06,073,008201,129688.0,52821.0,197650800.0,86320840.0,20716.0,10278.0,43083.0,16893.0,212143.0,62641.0,74219.0,66800.0,1763,559,879,174,1.97,0.37,105,68,1763,559,06073008201,tract,2023,0.05955757231990925,224858.70307167235,1.7338435558546077
Census Tract 82.02; San Diego County; California,06,073,008202,105094.0,52290.0,108119900.0,29624242.0,24185.0,7894.0,37405.0,16570.0,187788.0,42584.0,72679.0,25940.0,1196,217,659,137,1.64,0.19,59,36,1081,217,06073008202,tract,2023,0.0545790934320074,164066.61608497723,1.5611416073703277
Census Tract 83.01; San Diego County; California,06,073,008301,230962.0,27043.0,342013200.0,67747281.0,56651.0,13080.0,85000.0,19604.0,230096.0,27968.0,250001.0,,3461,494,1300,226,2.61,0.31,73,54,3389,494,06073008301,tract,2023,0.02154027736795515,263087.07692307694,1.1390924780833078
Census Tract 83.03; San Diego County; California,06,073,008303,227275.0,49611.0,358554300.0,60243613.0,24711.0,11922.0,49522.0,16861.0,247458.0,39108.0,146875.0,133309.0,3021,584,1307,154,2.31,0.24,247,141,3001,585,06073008303,tract,2023,0.08230589803398868,274333.81790359603,1.2070567282085405
Census Tract 83.05; San Diego County; California,06,073,008305,41776.0,9023.0,25720600.0,5905690.0,6180.0,5191.0,12292.0,32556.0,,,41711.0,9112.0,7705,400,465,69,2.0,0.22,266,89,932,117,06073008305,tract,2023,0.2854077253218884,55313.11827956989,1.3240405562899724
Census Tract 83.06; San Diego County; California,06,073,008306,232614.0,52700.0,255362700.0,45594940.0,40916.0,17195.0,82118.0,35664.0,202159.0,56715.0,246198.0,18084.0,2688,335,1069,100,2.51,0.22,220,142,2688,335,06073008306,tract,2023,0.0818452380952381,238879.9812909261,1.0269372492237188
Census Tract 83.07; San Diego County; California,06,073,008307,122083.0,62726.0,276210600.0,46464653.0,30239.0,13842.0,56375.0,31002.0,149844.0,88646.0,102804.0,25695.0,4348,753,1689,236,2.54,0.29,192,113,4343,753,06073008307,tract,2023,0.0442090720699977,163534.99111900534,1.3395394208776434
Census Tract 83.10; San Diego County; California,06,073,008310,153897.0,31629.0,586231700.0,85887285.0,38714.0,12199.0,70909.0,11758.0,160313.0,32149.0,151225.0,30364.0,6250,791,2395,231,2.6,0.2,168,133,6231,791,06073008310,tract,2023,0.026961964371689937,244773.15240083507,1.590499830411477
Census Tract 83.11; San Diego County; California,06,073,008311,250001.0,,415067700.0,66549249.0,66964.0,32039.0,125636.0,33313.0,236464.0,40673.0,250001.0,,2724,338,1064,150,2.53,0.19,126,120,2718,338,06073008311,tract,2023,0.046357615894039736,390101.22180451127,1.5603986456234626
Census Tract 83.12; San Diego County; California,06,073,008312,140463.0,27123.0,351588700.0,76478809.0,29896.0,10851.0,57214.0,17207.0,167875.0,57705.0,85781.0,9142.0,3841,620,1692,200,2.11,0.25,285,208,3573,614,06073008312,tract,2023,0.07976490344248531,207794.73995271866,1.4793557018767836
Census Tract 83.13; San Diego County; California,06,073,008313,242083.0,23668.0,228603400.0,33272462.0,55867.0,17784.0,108000.0,23800.0,242639.0,24664.0,170625.0,150633.0,2214,275,808,82,2.74,0.22,142,112,2209,273,06073008313,tract,2023,0.06428248076052512,282925.0,1.168710731443348
Census Tract 83.24; San Diego County; California,06,073,008324,194130.0,29128.0,751072700.0,124090102.0,65577.0,22677.0,112490.0,15581.0,219250.0,56837.0,172132.0,44335.0,7175,930,2994,407,2.4,0.23,356,222,7175,930,06073008324,tract,2023,0.04961672473867596,250859.28523714095,1.2922231764134393
Census Tract 83.27; San Diego County; California,06,073,008327,174659.0,37121.0,480044300.0,73004362.0,33807.0,17622.0,65746.0,23609.0,193359.0,67194.0,151615.0,62368.0,6038,719,2416,236,2.45,0.22,269,172,5968,719,06073008327,tract,2023,0.04507372654155496,198693.83278145696,1.137610044609536
Census Tract 83.28; San Diego County; California,06,073,008328,250001.0,,1044853400.0,225995742.0,41860.0,62857.0,134053.0,92187.0,250001.0,,,,7766,762,2543,309,3.05,0.23,380,314,7766,762,06073008328,tract,2023,0.04893123873293845,410874.3216673221,1.6434907127064375
Census Tract 83.30; San Diego County; California,06,073,008330,176190.0,44632.0,397128300.0,78415410.0,26104.0,12881.0,50278.0,29182.0,196250.0,40818.0,124643.0,67197.0,4901,767,1840,171,2.66,0.23,269,294,4901,767,06073008330,tract,2023,0.05488675780452969,215830.59782608695,1.2249877849258581
Census Tract 83.31; San Diego County; California,06,073,008331,217083.0,55110.0,237619700.0,59587894.0,63886.0,22726.0,127942.0,19188.0,241250.0,63639.0,188036.0,82075.0,2766,430,943,149,2.93,0.17,77,57,2757,428,06073008331,tract,2023,0.02792890823358723,251982.7147401909,1.1607666871205524
Census Tract 83.36; San Diego County; California,06,073,008336,197841.0,26371.0,161145300.0,23700243.0,60130.0,15198.0,93667.0,32747.0,195179.0,31383.0,198984.0,28164.0,2086,196,742,60,2.81,0.23,7,12,2086,196,06073008336,tract,2023,0.003355704697986577,217176.95417789757,1.097734818252524
Census Tract 83.37; San Diego County; California,06,073,008337,180496.0,10181.0,354830500.0,67212903.0,64388.0,17253.0,101406.0,26721.0,181815.0,9726.0,154688.0,46471.0,4996,753,1510,174,3.31,0.31,94,62,4996,753,06073008337,tract,2023,0.018815052041633307,234987.08609271524,1.3018963638679817
Census Tract 83.39; San Diego County; California,06,073,008339,80417.0,18793.0,85583500.0,15808007.0,8627.0,7550.0,24361.0,15783.0,145667.0,58257.0,77596.0,12054.0,1882,268,777,85,2.42,0.19,648,223,1882,268,06073008339,tract,2023,0.3443145589798087,110146.07464607464,1.3696864424944308
Census Tract 83.43; San Diego County; California,06,073,008343,82325.0,15574.0,200722100.0,31293769.0,14860.0,7789.0,37586.0,9659.0,90625.0,63169.0,81925.0,18971.0,4165,501,1765,153,2.36,0.17,1095,366,4154,500,06073008343,tract,2023,0.26360134809821856,113723.56940509914,1.3813977455827409
Census Tract 83.44; San Diego County; California,06,073,008344,176680.0,40484.0,270650900.0,53444235.0,52923.0,16762.0,99100.0,17465.0,228088.0,60926.0,120787.0,33218.0,3460,416,1181,129,2.91,0.2,127,63,3437,412,06073008344,tract,2023,0.03695082921152167,229170.9568162574,1.297096201133447
Census Tract 83.45; San Diego County; California,06,073,008345,88095.0,19599.0,241929600.0,44894702.0,25889.0,5812.0,41934.0,7249.0,157045.0,59740.0,49363.0,12812.0,4204,591,1950,221,2.16,0.16,325,136,4204,591,06073008345,tract,2023,0.07730732635585157,124066.46153846153,1.4083258021279474
Census Tract 83.46; San Diego County; California,06,073,008346,177386.0,18781.0,332630100.0,49430868.0,49672.0,16711.0,97594.0,18027.0,178322.0,15056.0,164375.0,64452.0,4255,479,1561,156,2.72,0.16,93,54,4242,476,06073008346,tract,2023,0.021923620933521924,213087.8283151826,1.2012663249364808
Census Tract 83.47; San Diego County; California,06,073,008347,145714.0,24569.0,333946400.0,50679010.0,30882.0,12480.0,53900.0,20160.0,143775.0,25618.0,152132.0,105460.0,6704,728,2020,190,3.3,0.26,270,179,6704,728,06073008347,tract,2023,0.0402744630071599,165320.0,1.1345512442181258
Census Tract 83.48; San Diego County; California,06,073,008348,150847.0,23788.0,285825600.0,36988213.0,51488.0,10477.0,81457.0,12933.0,155417.0,43547.0,150363.0,24797.0,4935,498,1677,164,2.93,0.17,261,213,4935,498,06073008348,tract,2023,0.05288753799392097,170438.6404293381,1.1298775609016958
Census Tract 83.49; San Diego County; California,06,073,008349,129038.0,29108.0,176478300.0,29403818.0,29022.0,15352.0,67690.0,34688.0,157125.0,33223.0,123094.0,30103.0,3822,499,1108,98,3.41,0.36,263,143,3762,469,06073008349,tract,2023,0.06990962254120149,159276.4440433213,1.2343375133163974
Census Tract 83.50; San Diego County; California,06,073,008350,121335.0,11751.0,290779800.0,47836997.0,27658.0,20406.0,66250.0,21110.0,130216.0,31263.0,120955.0,5486.0,6334,770,2100,188,3.01,0.26,577,300,6332,771,06073008350,tract,2023,0.09112444725205307,138466.57142857142,1.1411923305606084
Census Tract 83.51; San Diego County; California,06,073,008351,149196.0,42676.0,226080000.0,36796930.0,58054.0,11295.0,85667.0,14724.0,172250.0,26263.0,133974.0,29670.0,4817,834,1397,194,3.42,0.3,243,187,4804,834,06073008351,tract,2023,0.05058284762697752,161832.49821045095,1.0846972989252457
Census Tract 83.52; San Diego County; California,06,073,008352,133869.0,17270.0,146548200.0,18633293.0,45698.0,15914.0,79185.0,13271.0,137340.0,23826.0,102321.0,28216.0,4119,1259,1001,98,4.06,1.14,198,112,4108,1258,06073008352,tract,2023,0.048198636806231744,146401.7982017982,1.0936198686910203
Census Tract 83.53; San Diego County; California,06,073,008353,151857.0,31416.0,272496700.0,57818624.0,43776.0,12901.0,77208.0,20486.0,161635.0,72173.0,147386.0,43998.0,4802,599,1558,212,3.06,0.19,302,207,4783,594,06073008353,tract,2023,0.0631402885218482,174901.60462130938,1.1517520076210472
Census Tract 83.55; San Diego County; California,06,073,008355,154000.0,13398.0,162794600.0,18638878.0,41688.0,13393.0,73450.0,28643.0,166964.0,17968.0,132768.0,25677.0,3093,191,924,58,3.32,0.23,145,105,3093,191,06073008355,tract,2023,0.046880051729712255,176184.63203463203,1.1440560521729353
Census Tract 83.56; San Diego County; California,06,073,008356,121548.0,12435.0,204047700.0,33641595.0,26800.0,10004.0,51324.0,20947.0,99242.0,24577.0,152853.0,54437.0,3950,617,1420,146,2.78,0.24,315,242,3950,617,06073008356,tract,2023,0.07974683544303797,143695.5633802817,1.1822124870856099
Census Tract 83.57; San Diego County; California,06,073,008357,114583.0,19948.0,228540400.0,50936883.0,32682.0,7599.0,51101.0,5007.0,135197.0,18952.0,95112.0,19038.0,4608,497,1496,115,3.07,0.2,733,422,4606,497,06073008357,tract,2023,0.15914025184541902,152767.64705882352,1.333248798328055
Census Tract 83.58; San Diego County; California,06,073,008358,115942.0,43244.0,264298800.0,41117106.0,25880.0,7363.0,41694.0,17286.0,124821.0,28476.0,62469.0,16175.0,6522,918,2063,263,3.12,0.32,643,374,6498,911,06073008358,tract,2023,0.09895352416128039,128113.81483276782,1.1049819291781047
Census Tract 83.59; San Diego County; California,06,073,008359,86685.0,7857.0,191534600.0,27122834.0,24558.0,6868.0,41814.0,17443.0,84375.0,11094.0,87106.0,10048.0,4426,634,1817,190,2.44,0.24,348,174,4406,629,06073008359,tract,2023,0.07898320472083523,105412.5481563016,1.2160413930472584
Census Tract 83.60; San Diego County; California,06,073,008360,99122.0,7842.0,311311800.0,77809501.0,30712.0,10589.0,52663.0,4730.0,99523.0,9396.0,88359.0,46416.0,7071,1810,2392,383,2.95,0.38,524,298,7071,1810,06073008360,tract,2023,0.07410550134351578,130147.07357859531,1.3129988658279224
Census Tract 83.61; San Diego County; California,06,073,008361,97772.0,23700.0,157760300.0,31259332.0,9220.0,9305.0,26490.0,18462.0,121932.0,46609.0,75134.0,24968.0,2720,432,1467,203,1.85,0.21,725,361,2720,432,06073008361,tract,2023,0.2665441176470588,107539.40013633265,1.0998997681987956
Census Tract 83.62; San Diego County; California,06,073,008362,114071.0,28379.0,211606100.0,43446884.0,24522.0,8306.0,48528.0,19671.0,127375.0,34239.0,96450.0,36878.0,3270,599,1562,242,2.09,0.15,213,82,3260,599,06073008362,tract,2023,0.06533742331288343,135471.2548015365,1.1876046918282166
Census Tract 83.63; San Diego County; California,06,073,008363,70206.0,9705.0,160985700.0,31128011.0,7121.0,4039.0,15366.0,9055.0,,,71088.0,10486.0,5373,738,1900,214,2.59,0.23,2297,651,4923,752,06073008363,tract,2023,0.46658541539711557,84729.31578947368,1.206867159352102
Census Tract 83.64; San Diego County; California,06,073,008364,97066.0,32554.0,259316200.0,42512212.0,7452.0,7806.0,24910.0,19109.0,113472.0,79498.0,96476.0,28199.0,4596,558,2293,220,2.0,0.14,1066,360,4596,558,06073008364,tract,2023,0.231940818102698,113090.36197121674,1.1650872805227035
Census Tract 83.65; San Diego County; California,06,073,008365,207865.0,14970.0,235946900.0,37125604.0,36770.0,27408.0,85200.0,50736.0,208212.0,13020.0,159167.0,111717.0,2611,326,949,150,2.75,0.17,69,41,2603,325,06073008365,tract,2023,0.02650787552823665,248626.87038988408,1.1960978057387444
Census Tract 83.66; San Diego County; California,06,073,008366,225692.0,39893.0,603156000.0,116202901.0,68666.0,15027.0,108146.0,25702.0,248750.0,36548.0,145750.0,75952.0,6994,931,2392,314,2.92,0.21,100,99,6994,931,06073008366,tract,2023,0.014297969688304261,252155.51839464883,1.1172550130028926
Census Tract 83.67; San Diego County; California,06,073,008367,120742.0,32485.0,181025600.0,26926078.0,22730.0,4749.0,29043.0,11449.0,203277.0,52980.0,49091.0,36695.0,3312,407,1191,158,2.78,0.19,368,242,3312,407,06073008367,tract,2023,0.1111111111111111,151994.62636439965,1.258838070964533
Census Tract 83.68; San Diego County; California,06,073,008368,211830.0,25620.0,487180400.0,62225762.0,54789.0,18877.0,104213.0,26556.0,214464.0,33687.0,98750.0,87534.0,6464,604,1937,147,3.34,0.18,510,302,6464,604,06073008368,tract,2023,0.07889851485148515,251512.8549303046,1.1873334982311505
Census Tract 83.69; San Diego County; California,06,073,008369,168393.0,45156.0,353003800.0,129817941.0,35591.0,16996.0,70226.0,25538.0,250001.0,,134129.0,46050.0,4599,1276,1969,491,2.34,0.31,210,126,4599,1276,06073008369,tract,2023,0.045662100456621,179280.75165058405,1.0646567948227303
Census Tract 83.70; San Diego County; California,06,073,008370,156184.0,23703.0,307112300.0,49727460.0,47475.0,16676.0,85167.0,22471.0,166553.0,40713.0,141063.0,35808.0,3790,448,1626,169,2.33,0.14,128,103,3790,448,06073008370,tract,2023,0.033773087071240104,188875.9532595326,1.209316916326465
Census Tract 83.71; San Diego County; California,06,073,008371,159405.0,49619.0,324497800.0,68140447.0,50923.0,18264.0,80482.0,57514.0,250001.0,,145833.0,53121.0,4005,745,1542,248,2.6,0.24,59,54,4005,745,06073008371,tract,2023,0.014731585518102372,210439.55901426717,1.3201565761065661
Census Tract 83.72; San Diego County; California,06,073,008372,225481.0,76562.0,390736000.0,67268679.0,30438.0,21369.0,75563.0,28387.0,250001.0,,,,3965,521,1351,197,2.93,0.31,284,170,3965,521,06073008372,tract,2023,0.07162673392181589,289219.837157661,1.2826794149292444
Census Tract 83.73; San Diego County; California,06,073,008373,219271.0,56389.0,305802600.0,48699431.0,53935.0,25938.0,94663.0,35316.0,200855.0,67705.0,250001.0,,3446,453,1299,137,2.65,0.21,197,164,3446,453,06073008373,tract,2023,0.0571677307022635,235413.85681293302,1.0736205736870494
Census Tract 83.74; San Diego County; California,06,073,008374,250001.0,,450785900.0,67836390.0,116031.0,38600.0,193333.0,63785.0,250001.0,,104236.0,27480.0,4170,526,1185,129,3.52,0.22,0,14,4151,525,06073008374,tract,2023,0.0,380410.0421940928,1.5216340822400423
Census Tract 83.75; San Diego County; California,06,073,008375,121607.0,47140.0,284102300.0,75299402.0,4344.0,8444.0,14529.0,26251.0,147143.0,72748.0,120893.0,55235.0,4306,527,2179,250,1.98,0.14,1246,452,4306,527,06073008375,tract,2023,0.2893636785880167,130381.9642037632,1.072158380716268
Census Tract 83.76; San Diego County; California,06,073,008376,120563.0,27284.0,401822000.0,59258860.0,34636.0,17386.0,72275.0,9267.0,208235.0,172124.0,118618.0,28146.0,6335,1261,2833,262,2.24,0.33,779,455,6335,1261,06073008376,tract,2023,0.12296764009471192,141836.21602541476,1.1764489605054185
Census Tract 83.77; San Diego County; California,06,073,008377,79444.0,32635.0,88719700.0,26304205.0,3283.0,6307.0,14527.0,15830.0,89886.0,73519.0,63750.0,52973.0,1927,303,970,150,1.98,0.17,570,219,1919,303,06073008377,tract,2023,0.297029702970297,91463.60824742269,1.1512966145640033
Census Tract 83.78; San Diego County; California,06,073,008378,73750.0,44146.0,32878700.0,9474390.0,5361.0,12453.0,22556.0,27539.0,157292.0,2362.0,53750.0,43088.0,914,213,376,64,2.43,0.41,374,196,914,213,06073008378,tract,2023,0.40919037199124725,87443.35106382979,1.185672556797692
Census Tract 83.79; San Diego County; California,06,073,008379,65625.0,22326.0,178987100.0,43112402.0,4641.0,4941.0,15500.0,7830.0,50938.0,2824.0,70649.0,14228.0,4035,635,1877,268,2.12,0.25,1455,529,3976,636,06073008379,tract,2023,0.3659456740442656,95358.07139051678,1.4530753735697794
Census Tract 83.80; San Diego County; California,06,073,008380,92583.0,15252.0,332897600.0,53786613.0,25505.0,12832.0,50107.0,29934.0,130833.0,54614.0,89577.0,14634.0,6512,944,2743,322,2.37,0.19,792,387,6512,944,06073008380,tract,2023,0.12162162162162163,121362.59569814072,1.3108518377903149
Census Tract 83.81; San Diego County; California,06,073,008381,202833.0,31226.0,232746900.0,69847123.0,58787.0,25258.0,109857.0,36364.0,154758.0,54965.0,204667.0,71606.0,3473,1005,1056,225,3.29,0.34,307,285,3473,1005,06073008381,tract,2023,0.0883961992513677,220404.26136363635,1.086629204141517
Census Tract 85.01; San Diego County; California,06,073,008501,131944.0,25533.0,321968200.0,38461328.0,36756.0,9300.0,57222.0,5347.0,146890.0,23591.0,98750.0,78425.0,5800,994,2132,218,2.7,0.28,405,172,5735,989,06073008501,tract,2023,0.07061900610287707,151016.97936210132,1.144553593661715
Census Tract 85.02; San Diego County; California,06,073,008502,100387.0,22802.0,327038800.0,78023372.0,21706.0,9336.0,43908.0,10940.0,118696.0,36108.0,70617.0,19997.0,6776,1298,2507,322,2.69,0.3,1099,546,6772,1299,06073008502,tract,2023,0.16228588304784405,130450.25927403271,1.299473629793028
Census Tract 85.03; San Diego County; California,06,073,008503,118141.0,15467.0,479688700.0,94542754.0,21178.0,12594.0,53670.0,23291.0,151417.0,32004.0,86238.0,13715.0,7714,1737,3155,409,2.44,0.29,850,485,7703,1737,06073008503,tract,2023,0.11034661820070102,152040.79239302693,1.286943503043202
Census Tract 85.04; San Diego County; California,06,073,008504,131429.0,27167.0,289664700.0,44987644.0,29789.0,12947.0,62663.0,17643.0,143347.0,10926.0,68456.0,44129.0,5896,896,2276,240,2.58,0.28,563,361,5896,896,06073008504,tract,2023,0.09548846675712347,127269.20035149386,0.9683494537087999
Census Tract 85.05; San Diego County; California,06,073,008505,87178.0,21875.0,280746400.0,49642703.0,31376.0,8561.0,49810.0,15199.0,134762.0,44401.0,70982.0,30747.0,5406,773,2013,215,2.69,0.25,500,491,5406,773,06073008505,tract,2023,0.0924898261191269,139466.66666666666,1.599791996451704
Census Tract 85.06; San Diego County; California,06,073,008506,118633.0,9187.0,240942200.0,64909738.0,25943.0,10832.0,53162.0,15380.0,136036.0,16069.0,83295.0,49406.0,4084,439,1569,175,2.6,0.24,467,239,4084,439,06073008506,tract,2023,0.1143486777668952,153564.18100701083,1.2944474219400237
Census Tract 85.07; San Diego County; California,06,073,008507,87269.0,13030.0,302999200.0,44575705.0,21644.0,10548.0,43151.0,9703.0,127023.0,25042.0,81188.0,15021.0,7252,922,2652,205,2.71,0.28,749,401,7252,922,06073008507,tract,2023,0.10328185328185328,114253.09200603318,1.3092059265722442
Census Tract 85.09; San Diego County; California,06,073,008509,115600.0,22298.0,325095000.0,56565961.0,19585.0,8537.0,41689.0,15456.0,134632.0,23912.0,76970.0,39387.0,6491,886,2664,331,2.43,0.23,437,225,6458,887,06073008509,tract,2023,0.0676680086714153,122032.65765765766,1.055645827488388
Census Tract 85.10; San Diego County; California,06,073,008510,79226.0,31955.0,238578900.0,36594182.0,18400.0,4320.0,29254.0,2553.0,121989.0,6174.0,39565.0,14751.0,5732,589,2551,336,2.24,0.19,506,211,5732,589,06073008510,tract,2023,0.08827634333565945,93523.67698941592,1.180466980403099
Census Tract 85.11; San Diego County; California,06,073,008511,132786.0,25309.0,343629200.0,69631325.0,30356.0,15518.0,58276.0,24255.0,138799.0,3440.0,108498.0,9917.0,5362,969,2620,446,2.01,0.16,478,307,5303,968,06073008511,tract,2023,0.09013765792947388,131156.18320610686,0.9877259892315972
Census Tract 85.12; San Diego County; California,06,073,008512,118224.0,19332.0,230336600.0,31930223.0,27378.0,9055.0,53914.0,8883.0,118224.0,17140.0,118750.0,84095.0,4043,355,1547,103,2.61,0.15,360,165,4043,355,06073008512,tract,2023,0.08904279000742023,148892.43697478992,1.2594095697556327
Census Tract 85.13; San Diego County; California,06,073,008513,132500.0,18926.0,171875600.0,25510549.0,39218.0,13689.0,65706.0,13734.0,151705.0,31795.0,102926.0,37868.0,2909,328,1154,124,2.52,0.19,145,64,2899,326,06073008513,tract,2023,0.05001724732666437,148938.99480069324,1.1240678852882509
Census Tract 86; San Diego County; California,06,073,008600,63924.0,8096.0,191587500.0,28302009.0,23506.0,9369.0,37302.0,11849.0,64269.0,23155.0,63564.0,7481.0,6473,1060,2290,329,2.82,0.34,720,364,6473,1060,06073008600,tract,2023,0.11123126834543488,83662.66375545852,1.3087833013493917
Census Tract 87.01; San Diego County; California,06,073,008701,78516.0,24755.0,116954100.0,17336646.0,12575.0,10214.0,33949.0,13939.0,84432.0,31085.0,75333.0,29782.0,3320,440,1223,163,2.6,0.23,410,187,3176,439,06073008701,tract,2023,0.12909319899244331,95628.86345053148,1.2179538368043645
Census Tract 87.02; San Diego County; California,06,073,008702,111025.0,10502.0,206342600.0,36613065.0,23405.0,11348.0,51500.0,33115.0,139022.0,23130.0,79583.0,28463.0,5220,568,1716,191,2.62,0.23,688,271,4641,569,06073008702,tract,2023,0.1482439129497953,120246.2703962704,1.0830558018128384
Census Tract 88; San Diego County; California,06,073,008800,76775.0,17829.0,198100900.0,31819554.0,13706.0,5198.0,22706.0,11681.0,133962.0,15028.0,55491.0,25139.0,6269,694,2019,154,3.1,0.29,1263,435,6250,704,06073008800,tract,2023,0.20208,98118.32590391283,1.2779983836393727
Census Tract 89.01; San Diego County; California,06,073,008901,95441.0,14431.0,249838700.0,27870724.0,26910.0,5715.0,41000.0,10095.0,72917.0,21521.0,100339.0,9431.0,5604,852,2514,201,2.23,0.24,438,354,5570,848,06073008901,tract,2023,0.07863554757630162,99378.95783611774,1.041260651461298
Census Tract 89.02; San Diego County; California,06,073,008902,104558.0,13222.0,231681700.0,41443252.0,24963.0,8139.0,57524.0,17144.0,88333.0,12378.0,114508.0,18700.0,3485,599,1999,254,1.74,0.17,462,346,3485,599,06073008902,tract,2023,0.13256814921090387,115898.79939969986,1.1084641959457895
Census Tract 90; San Diego County; California,06,073,009000,112292.0,10399.0,184140600.0,37852977.0,35687.0,11842.0,63050.0,17542.0,130478.0,19703.0,89444.0,24379.0,4037,517,1381,180,2.49,0.24,248,123,3432,516,06073009000,tract,2023,0.07226107226107226,133338.59522085445,1.1874273788057426
Census Tract 91.01; San Diego County; California,06,073,009101,108873.0,27368.0,355898500.0,67774764.0,33491.0,9463.0,57143.0,15988.0,139697.0,36745.0,105706.0,25536.0,5334,685,2290,302,2.33,0.17,302,144,5334,685,06073009101,tract,2023,0.05661792275965504,155414.19213973798,1.4274814888883192
Census Tract 91.02; San Diego County; California,06,073,009102,75087.0,9547.0,165774600.0,29693276.0,13719.0,6325.0,26043.0,20267.0,120795.0,30662.0,72718.0,13232.0,3923,892,1968,363,1.99,0.14,544,249,3923,892,06073009102,tract,2023,0.1386693856742289,84235.06097560975,1.1218328202699503
Census Tract 91.03; San Diego County; California,06,073,009103,153807.0,31255.0,298750200.0,53304473.0,36110.0,11817.0,67574.0,19420.0,171375.0,16842.0,99348.0,40860.0,4138,457,1605,142,2.57,0.14,171,86,4138,457,06073009103,tract,2023,0.04132431126147897,186137.19626168226,1.2101997715427923
Census Tract 91.04; San Diego County; California,06,073,009104,147586.0,28179.0,195884000.0,28653574.0,44573.0,13481.0,78500.0,26876.0,140469.0,30168.0,163385.0,45908.0,2838,385,1092,135,2.6,0.18,141,81,2838,385,06073009104,tract,2023,0.049682875264270614,179380.95238095237,1.2154333905719537
Census Tract 91.07; San Diego County; California,06,073,009107,75733.0,21787.0,236015000.0,53397634.0,5133.0,5127.0,16688.0,12258.0,105845.0,15750.0,65644.0,21828.0,5066,706,2279,204,2.06,0.28,1426,566,4702,705,06073009107,tract,2023,0.3032752020416844,103560.77226853883,1.3674457933600785
Census Tract 91.08; San Diego County; California,06,073,009108,88654.0,24800.0,110843500.0,17074566.0,19434.0,7716.0,41352.0,17464.0,145000.0,50633.0,75741.0,16446.0,2064,333,898,151,2.3,0.2,123,49,2064,333,06073009108,tract,2023,0.059593023255813955,123433.74164810691,1.3923087694645127
Census Tract 91.09; San Diego County; California,06,073,009109,177500.0,17909.0,3026700.0,1744314.0,,,102250.0,139926.0,,,177500.0,17909.0,3378,71,18,9,2.17,0.99,0,14,92,25,06073009109,tract,2023,0.0,168150.0,0.9473239436619718
Census Tract 92.01; San Diego County; California,06,073,009201,82727.0,19656.0,243614200.0,49977861.0,,,44887.0,21353.0,134432.0,22880.0,71839.0,5839.0,5739,846,2158,239,2.65,0.21,456,210,5739,846,06073009201,tract,2023,0.07945635128071092,112888.87859128823,1.364595338780425
Census Tract 92.03; San Diego County; California,06,073,009203,128707.0,23477.0,320990100.0,56163787.0,7626.0,15825.0,37774.0,30973.0,167632.0,58125.0,113026.0,61331.0,4302,392,2304,152,1.87,0.13,581,363,4302,392,06073009203,tract,2023,0.13505346350534636,139318.61979166666,1.082447883888729
Census Tract 92.04; San Diego County; California,06,073,009204,163877.0,46478.0,225113600.0,67693941.0,26662.0,9710.0,45857.0,6448.0,163254.0,32845.0,,,4133,1290,1344,228,3.08,0.53,108,74,4133,1290,06073009204,tract,2023,0.026131139608032906,167495.2380952381,1.022078986649976
Census Tract 93.01; San Diego County; California,06,073,009301,106974.0,26704.0,215036300.0,53056231.0,26330.0,9023.0,47122.0,12407.0,107434.0,37536.0,94810.0,37161.0,5304,1161,1876,269,2.8,0.3,422,195,5253,1171,06073009301,tract,2023,0.08033504664001523,114624.8933901919,1.071521055491913
Census Tract 93.05; San Diego County; California,06,073,009305,128674.0,8738.0,353290400.0,79529602.0,46662.0,23303.0,92634.0,29585.0,129648.0,23088.0,123117.0,12667.0,5262,768,2148,329,2.42,0.17,499,336,5262,768,06073009305,tract,2023,0.09483086278981376,164474.11545623836,1.278223382005987
Census Tract 93.06; San Diego County; California,06,073,009306,136375.0,30248.0,308358700.0,38689614.0,36964.0,14098.0,61967.0,20137.0,151370.0,5663.0,115160.0,25125.0,5746,698,2203,194,2.6,0.16,390,326,5746,698,06073009306,tract,2023,0.06787330316742081,139972.17430776215,1.0263770801669085
Census Tract 93.07; San Diego County; California,06,073,009307,114604.0,15534.0,376863800.0,137066681.0,25842.0,20611.0,68306.0,34024.0,105865.0,37156.0,117933.0,18155.0,4328,545,2657,309,1.63,0.16,427,259,4328,545,06073009307,tract,2023,0.09865988909426987,141838.08806925104,1.2376364530841073
Census Tract 93.08; San Diego County; California,06,073,009308,87995.0,12431.0,244150200.0,41692201.0,38725.0,9542.0,55378.0,17734.0,147538.0,140262.0,87679.0,9503.0,4224,703,2184,239,1.93,0.22,133,126,4224,703,06073009308,tract,2023,0.031486742424242424,111790.38461538461,1.2704174625306508
Census Tract 94; San Diego County; California,06,073,009400,86774.0,15118.0,47631500.0,11265378.0,26559.0,13157.0,45063.0,13432.0,,,86774.0,15118.0,4529,383,522,93,3.73,0.32,144,118,1946,367,06073009400,tract,2023,0.07399794450154162,91248.08429118774,1.051560194196277
Census Tract 95.02; San Diego County; California,06,073,009502,137218.0,17482.0,228134300.0,38213267.0,35785.0,11318.0,68045.0,25140.0,154043.0,27339.0,107604.0,43988.0,4133,529,1587,185,2.6,0.2,101,55,4133,529,06073009502,tract,2023,0.02443745463343818,143751.92186515438,1.0476170900694834
Census Tract 95.04; San Diego County; California,06,073,009504,250001.0,,640219600.0,110138708.0,47626.0,15696.0,95135.0,32572.0,247500.0,40122.0,250001.0,,6178,680,2284,267,2.7,0.18,216,160,6178,680,06073009504,tract,2023,0.03496277112334089,280306.3047285464,1.1212207340312494
Census Tract 95.05; San Diego County; California,06,073,009505,111890.0,16156.0,444375600.0,61457503.0,41921.0,9274.0,62242.0,14150.0,123650.0,49455.0,101814.0,10605.0,6159,653,2802,271,2.2,0.15,327,265,6159,653,06073009505,tract,2023,0.053093034583536286,158592.29122055674,1.417394684248429
Census Tract 95.06; San Diego County; California,06,073,009506,154250.0,20383.0,257921200.0,26096832.0,45310.0,13640.0,81574.0,7288.0,165372.0,18191.0,124976.0,30455.0,4582,425,1632,123,2.8,0.14,199,129,4582,425,06073009506,tract,2023,0.043430816237450896,158039.95098039217,1.0245701846378747
Census Tract 95.07; San Diego County; California,06,073,009507,113875.0,24714.0,209036600.0,35315507.0,42180.0,12311.0,70294.0,14015.0,156309.0,6411.0,94242.0,11205.0,3934,612,1520,269,2.58,0.25,199,79,3934,612,06073009507,tract,2023,0.050584646670055924,137524.07894736843,1.2076757756080652
Census Tract 95.09; San Diego County; California,06,073,009509,105272.0,27101.0,323224600.0,44671031.0,38821.0,6824.0,54235.0,5582.0,116250.0,45259.0,104565.0,38370.0,5744,780,2547,205,2.24,0.25,131,170,5718,775,06073009509,tract,2023,0.02291010842952081,126904.04397330193,1.205487156825195
Census Tract 95.10; San Diego County; California,06,073,009510,57759.0,13496.0,99943200.0,17926732.0,15471.0,9894.0,40057.0,8445.0,,,56863.0,13177.0,4752,897,1312,224,3.62,0.21,534,240,4752,897,06073009510,tract,2023,0.11237373737373738,76176.21951219512,1.3188631990199817
Census Tract 95.11; San Diego County; California,06,073,009511,69087.0,14070.0,77345500.0,12733807.0,33435.0,5806.0,44683.0,4702.0,,,68462.0,14350.0,4283,1014,955,150,4.48,0.51,360,227,4283,1014,06073009511,tract,2023,0.08405323371468597,80990.05235602094,1.1722907689727582
Census Tract 96.02; San Diego County; California,06,073,009602,153575.0,19728.0,274372100.0,43007748.0,33806.0,14252.0,67117.0,15204.0,153560.0,25311.0,153750.0,39417.0,4083,550,1637,149,2.49,0.19,229,145,3981,531,06073009602,tract,2023,0.05752323536799799,167606.658521686,1.0913668144013415
Census Tract 96.03; San Diego County; California,06,073,009603,70571.0,13106.0,266262100.0,41208011.0,9723.0,5120.0,20761.0,11987.0,81495.0,25557.0,63887.0,17571.0,6270,959,3302,306,1.86,0.2,1012,394,6216,959,06073009603,tract,2023,0.1628056628056628,80636.61417322834,1.1426310265297126
Census Tract 96.04; San Diego County; California,06,073,009604,90282.0,14876.0,174665400.0,28701924.0,34037.0,12771.0,62079.0,7474.0,108750.0,25019.0,77969.0,21620.0,3212,499,1387,176,2.29,0.21,174,95,3208,499,06073009604,tract,2023,0.05423940149625935,125930.35328046142,1.394855600013972
Census Tract 97.03; San Diego County; California,06,073,009703,132094.0,23875.0,187249600.0,24538649.0,29592.0,6744.0,44111.0,16765.0,131313.0,23410.0,160688.0,125433.0,3595,302,1277,103,2.81,0.19,168,102,3553,281,06073009703,tract,2023,0.047283985364480724,146632.41973375098,1.110061166546179
Census Tract 97.04; San Diego County; California,06,073,009704,114712.0,24662.0,386948200.0,92933116.0,39409.0,11043.0,65468.0,5635.0,128667.0,30374.0,84191.0,23754.0,6587,1044,2747,373,2.39,0.24,528,389,6587,1044,06073009704,tract,2023,0.08015788674662214,140862.10411357845,1.2279631085987381
Census Tract 97.05; San Diego County; California,06,073,009705,136742.0,23566.0,268836900.0,56171779.0,31787.0,15159.0,67744.0,16211.0,189926.0,38905.0,88299.0,29488.0,3700,230,1394,77,2.65,0.13,117,64,3700,230,06073009705,tract,2023,0.031621621621621625,192852.86944045912,1.4103411493210507
Census Tract 97.06; San Diego County; California,06,073,009706,138617.0,30581.0,520097400.0,78628456.0,32424.0,14054.0,66647.0,41118.0,180263.0,45861.0,102202.0,55945.0,7197,780,2641,216,2.72,0.18,645,509,7197,780,06073009706,tract,2023,0.08962067528136723,196931.99545626657,1.4206915129909503
Census Tract 98.01; San Diego County; California,06,073,009801,130543.0,22470.0,310914200.0,70025138.0,23227.0,12915.0,47040.0,31646.0,151389.0,30367.0,98571.0,20659.0,5070,861,2112,284,2.37,0.21,174,101,5070,861,06073009801,tract,2023,0.03431952662721893,147213.16287878787,1.1276986347700595
Census Tract 98.02; San Diego County; California,06,073,009802,107429.0,21037.0,293329300.0,29303341.0,27887.0,11937.0,54719.0,22295.0,126133.0,28641.0,84375.0,20652.0,7026,958,2426,207,2.88,0.22,859,810,6975,951,06073009802,tract,2023,0.12315412186379929,120910.67600989282,1.1254938239199175
Census Tract 98.04; San Diego County; California,06,073,009804,148026.0,22630.0,292389700.0,35003059.0,42177.0,8229.0,64055.0,8759.0,145982.0,29361.0,156250.0,49166.0,5792,771,1880,180,3.06,0.3,120,73,5752,764,06073009804,tract,2023,0.02086230876216968,155526.43617021278,1.0506697213341762
Census Tract 98.05; San Diego County; California,06,073,009805,101644.0,12044.0,279713100.0,41319449.0,27973.0,7651.0,55056.0,14461.0,113625.0,25823.0,85686.0,32881.0,4559,348,1903,101,2.39,0.12,202,111,4559,348,06073009805,tract,2023,0.04430796227242816,146985.33893851814,1.4460798368670864
Census Tract 99.01; San Diego County; California,06,073,009901,,,,,,,,,,,,,1462,64,9,9,1.56,0.65,0,14,14,15,06073009901,tract,2023,0.0,,
Census Tract 99.02; San Diego County; California,06,073,009902,,,,,,,,,,,,,0,14,0,14,,,0,14,0,14,06073009902,tract,2023,,,
Census Tract 100.01; San Diego County; California,06,073,010001,101591.0,31452.0,113491200.0,22703839.0,26816.0,11443.0,44053.0,9808.0,89833.0,22037.0,116000.0,12742.0,3948,749,1018,159,3.88,0.45,220,123,3925,748,06073010001,tract,2023,0.05605095541401274,111484.47937131631,1.097385392124463
Census Tract 100.03; San Diego County; California,06,073,010003,98913.0,13340.0,168597200.0,31872074.0,19231.0,6877.0,37040.0,21212.0,102876.0,10762.0,,,4972,932,1582,203,3.11,0.36,494,213,4958,930,06073010003,tract,2023,0.09963695038321904,106572.18710493046,1.0774335739986702
Census Tract 100.04; San Diego County; California,06,073,010004,105074.0,21849.0,123577600.0,23804039.0,32059.0,6408.0,43985.0,3908.0,111929.0,36691.0,42262.0,5844.0,5229,1204,1090,104,4.76,1.0,417,253,5229,1204,06073010004,tract,2023,0.07974756167527251,113373.94495412844,1.078991424654324
Census Tract 100.05; San Diego County; California,06,073,010005,35503.0,17313.0,164766900.0,42349731.0,5875.0,5451.0,12966.0,3639.0,105602.0,58160.0,21453.0,8322.0,6443,793,2271,346,2.81,0.37,1419,508,6418,793,06073010005,tract,2023,0.22109691492676847,72552.57595772788,2.043561838653857
Census Tract 100.09; San Diego County; California,06,073,010009,74063.0,8577.0,128551000.0,18854895.0,15032.0,5336.0,24269.0,11285.0,106429.0,41684.0,51953.0,27744.0,5436,764,1422,139,3.82,0.39,559,246,5436,764,06073010009,tract,2023,0.10283296541574687,90401.54711673698,1.220603366279208
Census Tract 100.10; San Diego County; California,06,073,010010,65000.0,11665.0,126408400.0,15045569.0,17650.0,5809.0,32957.0,11135.0,80363.0,13008.0,45240.0,14755.0,4807,526,1596,127,3.01,0.22,594,373,4687,506,06073010010,tract,2023,0.12673351824194581,79203.2581453634,1.2185116637748217
Census Tract 100.11; San Diego County; California,06,073,010011,111429.0,31027.0,142946300.0,46830512.0,28158.0,18987.0,65885.0,20650.0,122917.0,41444.0,80987.0,30010.0,4472,954,1048,204,4.23,0.41,262,158,4463,954,06073010011,tract,2023,0.05870490701321981,136399.14122137404,1.2240901490758602
Census Tract 100.12; San Diego County; California,06,073,010012,86111.0,17228.0,123729700.0,36010941.0,12855.0,6461.0,26542.0,20393.0,108875.0,21611.0,69773.0,37426.0,4605,702,1222,138,3.75,0.56,421,171,4605,702,06073010012,tract,2023,0.09142236699239957,101251.80032733224,1.1758288758385367
Census Tract 100.13; San Diego County; California,06,073,010013,69459.0,15798.0,109550500.0,25680971.0,17778.0,5663.0,27219.0,14829.0,90171.0,29070.0,64688.0,14184.0,4845,1011,1518,244,3.19,0.35,528,270,4827,1006,06073010013,tract,2023,0.1093847110006215,72167.65480895915,1.0389964555919198
Census Tract 100.15; San Diego County; California,06,073,010015,129107.0,23504.0,160210500.0,32606926.0,31280.0,7937.0,45636.0,30061.0,140313.0,20274.0,62250.0,17646.0,4646,1062,1179,156,3.69,0.38,213,164,4332,837,06073010015,tract,2023,0.04916897506925208,135886.76844783715,1.0525127874386142
Census Tract 100.16; San Diego County; California,06,073,010016,,,,,,,,,,,,,3217,142,0,14,,,0,14,0,14,06073010016,tract,2023,,,
Census Tract 100.17; San Diego County; California,06,073,010017,108042.0,11729.0,217119800.0,44445432.0,35085.0,14707.0,58469.0,16384.0,108872.0,12338.0,103244.0,23628.0,6581,1273,1735,197,3.79,0.48,501,309,6581,1273,06073010017,tract,2023,0.07612824798662818,125141.09510086455,1.1582634077568403
Census Tract 100.18; San Diego County; California,06,073,010018,139643.0,21213.0,295488200.0,37448756.0,36207.0,15208.0,64672.0,19513.0,170068.0,10381.0,87976.0,40181.0,6695,825,2116,226,3.16,0.26,157,137,6656,831,06073010018,tract,2023,0.023587740384615384,139644.7069943289,1.000012223987804
Census Tract 100.19; San Diego County; California,06,073,010019,131316.0,11542.0,153341700.0,24456316.0,63144.0,23452.0,84398.0,13490.0,145161.0,22326.0,124750.0,49650.0,3568,534,1082,99,3.29,0.45,171,232,3563,534,06073010019,tract,2023,0.04799326410328375,141720.6099815157,1.0792333758377937
Census Tract 101.03; San Diego County; California,06,073,010103,57500.0,13303.0,168107000.0,24036041.0,17088.0,7687.0,28753.0,7229.0,52458.0,25939.0,58750.0,13863.0,6592,972,2238,361,2.94,0.37,1616,913,6552,965,06073010103,tract,2023,0.24664224664224665,75114.8346738159,1.3063449508489722
Census Tract 101.04; San Diego County; California,06,073,010104,103315.0,26206.0,140384900.0,33142002.0,28706.0,24669.0,61032.0,17150.0,103152.0,30263.0,105750.0,57582.0,3203,597,1137,184,2.8,0.4,172,114,3203,597,06073010104,tract,2023,0.05369965657196379,123469.56904133686,1.1950788272887467
Census Tract 101.06; San Diego County; California,06,073,010106,50833.0,15544.0,97491800.0,16597218.0,10111.0,7994.0,21750.0,21467.0,88235.0,9554.0,40864.0,14814.0,4704,505,1336,92,3.5,0.32,1128,536,4704,505,06073010106,tract,2023,0.23979591836734693,72972.90419161676,1.435541954864296
Census Tract 101.07; San Diego County; California,06,073,010107,85875.0,24034.0,158339400.0,23164408.0,24179.0,7103.0,39858.0,9125.0,91808.0,25073.0,59152.0,21164.0,5928,695,1705,151,3.44,0.32,275,151,5913,693,06073010107,tract,2023,0.04650769490952139,92867.68328445748,1.0814286263110042
Census Tract 101.09; San Diego County; California,06,073,010109,104630.0,10198.0,139673100.0,31278874.0,44681.0,7139.0,58412.0,7835.0,106719.0,8680.0,,,4824,848,1167,151,4.13,0.41,229,260,4809,844,06073010109,tract,2023,0.047619047619047616,119685.60411311054,1.143893760041198
Census Tract 101.10; San Diego County; California,06,073,010110,68333.0,15517.0,184088200.0,35454268.0,12904.0,9115.0,29309.0,16971.0,93750.0,29842.0,48673.0,16065.0,7368,872,2068,199,3.56,0.35,1522,637,7277,880,06073010110,tract,2023,0.2091521231276625,89017.50483558995,1.3027015473576449
Census Tract 101.11; San Diego County; California,06,073,010111,59561.0,18718.0,80169000.0,19115068.0,19104.0,6981.0,32604.0,9233.0,79821.0,50092.0,55659.0,20085.0,3614,791,845,135,4.27,0.41,598,375,3607,791,06073010111,tract,2023,0.16578874410867758,94874.55621301776,1.5928973021443185
Census Tract 101.12; San Diego County; California,06,073,010112,57083.0,6714.0,102224300.0,20349038.0,10801.0,7431.0,28800.0,19074.0,57785.0,31369.0,56696.0,12714.0,5241,881,1516,208,3.46,0.31,1195,405,5241,881,06073010112,tract,2023,0.22800992177065446,67430.27704485488,1.1812672257038852
Census Tract 102.01; San Diego County; California,06,073,010201,108250.0,20260.0,169916800.0,41626541.0,36975.0,8474.0,56726.0,12553.0,134821.0,40790.0,82292.0,23862.0,3562,311,1142,134,2.26,0.19,1072,199,3511,332,06073010201,tract,2023,0.3053261179151239,148788.79159369526,1.374492301096492
Census Tract 102.02; San Diego County; California,06,073,010202,103247.0,9409.0,176143700.0,67910267.0,,,61563.0,27948.0,133488.0,62708.0,85000.0,28890.0,3473,645,1350,218,2.57,0.27,319,231,3458,644,06073010202,tract,2023,0.09224985540775014,130476.81481481482,1.263734682991417
Census Tract 103; San Diego County; California,06,073,010300,77722.0,30366.0,155563400.0,28970103.0,14159.0,5746.0,24010.0,4813.0,106964.0,46402.0,40293.0,12828.0,4240,650,1507,121,2.81,0.33,524,240,4240,650,06073010300,tract,2023,0.12358490566037736,103227.20637027206,1.3281594190869002
Census Tract 104.01; San Diego County; California,06,073,010401,70609.0,16801.0,69429800.0,11116346.0,22202.0,5899.0,37104.0,3913.0,102308.0,29713.0,59821.0,15218.0,2150,352,821,107,2.62,0.36,100,60,2150,352,06073010401,tract,2023,0.046511627906976744,84567.3568818514,1.197685236752417
Census Tract 104.02; San Diego County; California,06,073,010402,59227.0,13978.0,139535800.0,19620366.0,15085.0,7272.0,29086.0,4805.0,90909.0,34241.0,57750.0,10955.0,5442,520,1812,164,3.0,0.21,849,466,5442,520,06073010402,tract,2023,0.15600882028665933,77006.51214128036,1.3001926847768814
Census Tract 105.01; San Diego County; California,06,073,010501,118634.0,8121.0,73110900.0,13288161.0,38187.0,16854.0,81136.0,17467.0,117669.0,5514.0,131250.0,40826.0,1288,195,555,72,2.32,0.21,70,42,1282,192,06073010501,tract,2023,0.054602184087363496,131731.35135135136,1.1104013297313702
Census Tract 105.02; San Diego County; California,06,073,010502,65351.0,9463.0,180124700.0,32038367.0,24263.0,6889.0,35928.0,4031.0,122059.0,52602.0,63314.0,10359.0,5742,687,2121,264,2.71,0.29,1004,555,5742,687,06073010502,tract,2023,0.17485196795541624,84924.42244224422,1.2995122100999865
Census Tract 106.01; San Diego County; California,06,073,010601,202692.0,27969.0,215356200.0,65433694.0,52316.0,16365.0,94306.0,11123.0,206618.0,48162.0,148194.0,36433.0,1981,307,864,144,2.29,0.21,96,52,1981,307,06073010601,tract,2023,0.04846037354871277,249254.86111111112,1.2297222441493059
Census Tract 108; San Diego County; California,06,073,010800,132000.0,17669.0,195766000.0,47149418.0,42441.0,16314.0,72691.0,8733.0,165250.0,49337.0,124167.0,18476.0,2474,410,928,136,2.67,0.29,121,96,2474,410,06073010800,tract,2023,0.04890864995957963,210954.74137931035,1.5981419801462906
Census Tract 109; San Diego County; California,06,073,010900,179063.0,44119.0,170448900.0,36164584.0,32549.0,18046.0,65750.0,54848.0,180000.0,49127.0,178393.0,114016.0,1581,308,607,92,2.6,0.32,16,15,1581,308,06073010900,tract,2023,0.010120177103099304,280805.4365733114,1.568193521684052
Census Tract 110; San Diego County; California,06,073,011000,97237.0,30065.0,192954400.0,28727258.0,25102.0,7856.0,32711.0,27510.0,105372.0,52483.0,95724.0,39715.0,2787,379,1376,223,1.89,0.17,81,97,2605,378,06073011000,tract,2023,0.03109404990403071,140228.48837209304,1.4421309622067016
Census Tract 111; San Diego County; California,06,073,011100,127050.0,18141.0,235232600.0,33667112.0,29850.0,8608.0,57286.0,10860.0,154844.0,37830.0,85357.0,60407.0,3531,501,1487,167,2.37,0.3,139,95,3531,501,06073011100,tract,2023,0.03936561880487114,158192.7370544721,1.245121897319733
Census Tract 113; San Diego County; California,06,073,011300,155114.0,102391.0,5074500.0,3557669.0,,,108233.0,45564.0,,,155114.0,102391.0,2386,169,37,27,3.59,0.93,18,25,133,102,06073011300,tract,2023,0.13533834586466165,137148.64864864864,0.8841796913795572
Census Tract 116.01; San Diego County; California,06,073,011601,69542.0,11254.0,119931500.0,18111630.0,13544.0,5959.0,26500.0,12312.0,98018.0,36323.0,65694.0,9782.0,5796,651,1623,180,3.53,0.34,1146,462,5736,652,06073011601,tract,2023,0.1997907949790795,73894.94762784966,1.0625945130690757
Census Tract 116.02; San Diego County; California,06,073,011602,57303.0,9016.0,82868800.0,24561162.0,15815.0,6911.0,28146.0,6396.0,60698.0,33490.0,56831.0,12314.0,3671,845,1320,303,2.71,0.26,443,250,3583,845,06073011602,tract,2023,0.12363940831705275,62779.393939393936,1.0955690616441363
Census Tract 117; San Diego County; California,06,073,011700,56045.0,14419.0,171927400.0,26378272.0,9401.0,3880.0,18494.0,5529.0,86020.0,35627.0,48363.0,16972.0,7376,909,2607,235,2.81,0.29,1005,368,7335,911,06073011700,tract,2023,0.13701431492842536,65948.36977368622,1.1767038946147956
Census Tract 118.01; San Diego County; California,06,073,011801,61146.0,27522.0,86560800.0,11095641.0,13990.0,4731.0,19802.0,9235.0,100217.0,25713.0,43083.0,32580.0,3278,416,1128,151,2.9,0.31,736,414,3278,416,06073011801,tract,2023,0.22452715070164733,76738.29787234042,1.2550011100045861
Census Tract 118.02; San Diego County; California,06,073,011802,57273.0,14114.0,155989600.0,27705918.0,12645.0,7366.0,30115.0,9561.0,85603.0,33701.0,44083.0,5389.0,7161,982,1956,243,3.65,0.33,1167,531,7137,979,06073011802,tract,2023,0.16351408154686844,79749.28425357873,1.3924411896282496
Census Tract 119.02; San Diego County; California,06,073,011902,76685.0,11788.0,177334400.0,27770315.0,22860.0,4073.0,30917.0,5688.0,103965.0,6721.0,37027.0,13845.0,6135,732,1812,229,3.3,0.34,538,379,6097,733,06073011902,tract,2023,0.08824011809086436,97866.66666666667,1.2762165569103041
Census Tract 120.02; San Diego County; California,06,073,012002,38973.0,17638.0,60727300.0,12371618.0,6918.0,4250.0,15333.0,6926.0,78241.0,7550.0,24175.0,22395.0,3319,628,1257,203,2.54,0.3,699,369,3241,628,06073012002,tract,2023,0.21567417463745758,48311.296738265715,1.2396093895329001
Census Tract 120.03; San Diego County; California,06,073,012003,93438.0,22130.0,82540000.0,11501430.0,26044.0,7389.0,41062.0,8446.0,106932.0,27707.0,67500.0,14521.0,2899,399,803,104,3.58,0.28,163,101,2881,392,06073012003,tract,2023,0.05657757723012843,102789.5392278954,1.1000828274138508
Census Tract 121.01; San Diego County; California,06,073,012101,93824.0,22449.0,67413500.0,14135622.0,19464.0,11345.0,43769.0,16397.0,124167.0,33190.0,54222.0,24698.0,2193,455,666,81,3.29,0.47,169,79,2178,450,06073012101,tract,2023,0.0775941230486685,101221.47147147146,1.0788441280639438
Census Tract 121.02; San Diego County; California,06,073,012102,70125.0,11226.0,83144200.0,19686493.0,,,31227.0,13978.0,71765.0,10542.0,57093.0,26713.0,2753,425,944,111,2.91,0.32,462,270,2745,422,06073012102,tract,2023,0.16830601092896175,88076.48305084746,1.2559926281760778
Census Tract 122; San Diego County; California,06,073,012200,60500.0,8626.0,77308900.0,15236517.0,21056.0,7066.0,37664.0,9567.0,67283.0,24188.0,39518.0,22183.0,3355,432,926,160,3.62,0.61,494,247,3355,432,06073012200,tract,2023,0.14724292101341283,83486.93304535637,1.379949306534816
Census Tract 123.02; San Diego County; California,06,073,012302,44750.0,9227.0,58127900.0,20035448.0,10751.0,5334.0,20861.0,11691.0,81250.0,12758.0,40000.0,12464.0,1533,213,786,95,1.89,0.19,282,123,1504,209,06073012302,tract,2023,0.1875,73954.07124681934,1.652604944063002
Census Tract 123.03; San Diego County; California,06,073,012303,75024.0,13594.0,135610400.0,39208692.0,13198.0,9217.0,32851.0,15186.0,111940.0,39818.0,67500.0,8724.0,3847,428,1211,122,2.99,0.24,450,167,3716,427,06073012303,tract,2023,0.12109795479009688,111982.16350123864,1.492617875629647
Census Tract 123.04; San Diego County; California,06,073,012304,90300.0,17649.0,171230300.0,47570064.0,22913.0,9257.0,34975.0,24705.0,147760.0,36164.0,75873.0,16724.0,4427,960,1396,200,3.15,0.42,437,174,4378,957,06073012304,tract,2023,0.09981726815897671,122657.80802292263,1.3583367444398962
Census Tract 124.01; San Diego County; California,06,073,012401,81538.0,23598.0,109333200.0,27026809.0,21419.0,9609.0,38350.0,10358.0,103015.0,31244.0,79511.0,23851.0,3151,474,1172,181,2.69,0.26,214,146,3151,474,06073012401,tract,2023,0.06791494763567121,93287.7133105802,1.1441010732490398
Census Tract 124.02; San Diego County; California,06,073,012402,64018.0,21602.0,141086400.0,27096027.0,21717.0,5791.0,33720.0,8569.0,110804.0,32941.0,52986.0,10865.0,5448,962,1871,267,2.77,0.3,895,503,5325,961,06073012402,tract,2023,0.168075117370892,75406.94815606627,1.1779022799223073
Census Tract 125.01; San Diego County; California,06,073,012501,43125.0,12847.0,80772100.0,14129747.0,11392.0,5563.0,22005.0,4707.0,35733.0,21045.0,45875.0,12242.0,3980,571,1479,138,2.69,0.3,1128,554,3980,571,06073012501,tract,2023,0.2834170854271357,54612.64367816092,1.2663801432617026
Census Tract 125.02; San Diego County; California,06,073,012502,65625.0,20105.0,133296400.0,20245874.0,22319.0,4818.0,33125.0,4272.0,78056.0,30146.0,58750.0,28362.0,4830,569,1775,168,2.71,0.28,596,289,4830,569,06073012502,tract,2023,0.12339544513457557,75096.56338028169,1.1443285848423876
Census Tract 126; San Diego County; California,06,073,012600,78017.0,16798.0,151912700.0,30691649.0,20588.0,5634.0,29500.0,8272.0,107344.0,26755.0,70750.0,13832.0,4700,727,1542,183,3.05,0.26,544,503,4700,727,06073012600,tract,2023,0.11574468085106383,98516.66666666667,1.2627589713353073
Census Tract 127; San Diego County; California,06,073,012700,67961.0,15520.0,125828700.0,22699569.0,11504.0,5381.0,26083.0,7160.0,68224.0,13155.0,67357.0,19352.0,4882,827,1737,175,2.76,0.33,662,253,4882,827,06073012700,tract,2023,0.1356001638672675,72440.24179620034,1.0659090036373853
Census Tract 128; San Diego County; California,06,073,012800,84185.0,18946.0,141900600.0,24673438.0,23967.0,8198.0,43059.0,8939.0,120223.0,23970.0,57768.0,16208.0,3797,577,1339,143,2.82,0.28,276,135,3791,578,06073012800,tract,2023,0.07280400949617515,105975.05601194921,1.258835374614827
Census Tract 129; San Diego County; California,06,073,012900,103438.0,18849.0,156295500.0,47847931.0,30185.0,7122.0,50643.0,4967.0,116023.0,19559.0,91736.0,19204.0,3741,534,1134,131,3.3,0.34,203,157,3741,534,06073012900,tract,2023,0.05426356589147287,137826.71957671957,1.332457313334747
Census Tract 130; San Diego County; California,06,073,013000,72700.0,18165.0,158352200.0,27467898.0,12051.0,5355.0,21777.0,10082.0,98594.0,33329.0,54565.0,26927.0,5526,698,1882,190,2.78,0.21,703,336,5233,701,06073013000,tract,2023,0.13433976686413146,84140.3825717322,1.157364271963304
Census Tract 131.02; San Diego County; California,06,073,013102,64619.0,5761.0,179059800.0,39879060.0,26620.0,6119.0,39478.0,10478.0,81538.0,47331.0,63463.0,5123.0,6868,1250,2067,251,3.31,0.34,682,405,6554,1044,06073013102,tract,2023,0.10405859017393958,86627.8664731495,1.340594352638535
Census Tract 131.03; San Diego County; California,06,073,013103,73333.0,23732.0,63868400.0,19426974.0,19995.0,5598.0,33214.0,12071.0,87884.0,40410.0,71637.0,13108.0,2485,493,770,196,3.22,0.4,338,137,2478,492,06073013103,tract,2023,0.13640032284100082,82945.97402597402,1.1310866052933062
Census Tract 131.04; San Diego County; California,06,073,013104,54750.0,7952.0,129741200.0,20747940.0,19180.0,3021.0,26054.0,4980.0,102750.0,32623.0,51285.0,5893.0,5718,823,1848,189,3.09,0.32,642,305,5718,823,06073013104,tract,2023,0.11227701993704092,70206.27705627706,1.2823064302516358
Census Tract 132.03; San Diego County; California,06,073,013203,52014.0,8030.0,157123700.0,35945585.0,15752.0,3596.0,23492.0,11726.0,128125.0,88861.0,50201.0,4608.0,6020,942,2146,222,2.79,0.29,743,357,6012,943,06073013203,tract,2023,0.12358616101131072,73217.00838769805,1.407640411960204
Census Tract 132.04; San Diego County; California,06,073,013204,61852.0,22142.0,112615000.0,26110431.0,14943.0,10224.0,30680.0,13304.0,60278.0,20087.0,75000.0,32747.0,4522,692,1284,179,3.52,0.47,425,222,4522,692,06073013204,tract,2023,0.09398496240601503,87706.3862928349,1.4180040466409316
Census Tract 132.05; San Diego County; California,06,073,013205,61786.0,35868.0,57052900.0,14634579.0,17634.0,5954.0,27250.0,10576.0,,,62955.0,35103.0,2182,396,704,125,3.06,0.28,278,147,2178,396,06073013205,tract,2023,0.12764003673094582,81041.05113636363,1.3116410050232032
Census Tract 132.06; San Diego County; California,06,073,013206,52622.0,4734.0,130075900.0,19724807.0,15443.0,4000.0,24718.0,3679.0,52888.0,10571.0,52588.0,7356.0,5999,815,2181,206,2.74,0.29,1367,552,5979,815,06073013206,tract,2023,0.2286335507609968,59640.48601558918,1.1333755086387667
Census Tract 133.01; San Diego County; California,06,073,013301,106645.0,20357.0,179380300.0,35005573.0,18368.0,8787.0,34500.0,15569.0,108986.0,17037.0,76701.0,45766.0,4860,753,1567,184,3.09,0.32,355,139,4840,755,06073013301,tract,2023,0.07334710743801653,114473.70772176133,1.0734090461040022
Census Tract 133.02; San Diego County; California,06,073,013302,100772.0,22514.0,164282800.0,25749460.0,27416.0,7831.0,45941.0,16496.0,120260.0,15032.0,66294.0,19302.0,7029,2599,1537,240,4.56,1.31,513,339,7000,2599,06073013302,tract,2023,0.07328571428571429,106885.36109303839,1.0606652750073273
Census Tract 133.03; San Diego County; California,06,073,013303,71750.0,32969.0,125599900.0,28003184.0,19187.0,5492.0,35290.0,13309.0,72717.0,35047.0,68438.0,50225.0,4593,619,1388,175,3.3,0.32,309,176,4576,615,06073013303,tract,2023,0.06752622377622378,90489.84149855908,1.261182459910231
Census Tract 133.06; San Diego County; California,06,073,013306,86563.0,19166.0,117640300.0,17728209.0,27476.0,9271.0,50822.0,11622.0,107974.0,24119.0,58835.0,14294.0,4066,503,1134,125,3.56,0.27,568,265,4064,503,06073013306,tract,2023,0.13976377952755906,103739.24162257496,1.1984247498651266
Census Tract 133.07; San Diego County; California,06,073,013307,80156.0,39180.0,127014900.0,35805591.0,15678.0,6524.0,19917.0,24112.0,87054.0,39470.0,46463.0,45430.0,4538,1104,1287,283,3.49,0.47,972,836,4532,1101,06073013307,tract,2023,0.2144748455428067,98690.67599067598,1.2312325464179348
Census Tract 133.08; San Diego County; California,06,073,013308,95725.0,24041.0,102176200.0,18881784.0,36950.0,8925.0,54500.0,21753.0,119063.0,41236.0,78750.0,18138.0,3885,755,1035,150,3.74,0.43,380,307,3885,755,06073013308,tract,2023,0.0978120978120978,98720.96618357488,1.0312976357646892
Census Tract 133.09; San Diego County; California,06,073,013309,140882.0,19104.0,284767700.0,48624679.0,35973.0,8760.0,58800.0,24349.0,148553.0,16707.0,91964.0,71036.0,7211,923,1896,214,3.77,0.29,326,141,7191,924,06073013309,tract,2023,0.04533444583507162,150193.9345991561,1.0660974049144398
Census Tract 133.12; San Diego County; California,06,073,013312,97188.0,24778.0,91525500.0,16887669.0,16914.0,9934.0,32583.0,29435.0,101042.0,27099.0,89394.0,39848.0,2794,467,875,159,3.18,0.42,103,59,2794,467,06073013312,tract,2023,0.03686471009305655,104600.57142857143,1.0762704390312738
Census Tract 133.15; San Diego County; California,06,073,013315,139476.0,11702.0,182378600.0,47290637.0,40342.0,19340.0,75563.0,17238.0,141758.0,24764.0,,,3893,546,1242,138,3.13,0.26,328,220,3893,546,06073013315,tract,2023,0.08425378885178525,146842.6731078905,1.052816779287408
Census Tract 133.16; San Diego County; California,06,073,013316,141364.0,26410.0,365938000.0,77439945.0,32416.0,25575.0,76955.0,36734.0,160536.0,50886.0,118864.0,41212.0,7733,1488,2246,350,3.44,0.41,403,342,7733,1488,06073013316,tract,2023,0.052114315272210006,162928.7622439893,1.1525477649471527
Census Tract 133.17; San Diego County; California,06,073,013317,139464.0,14364.0,795294300.0,126599563.0,39624.0,12753.0,71243.0,18012.0,151392.0,14542.0,87250.0,32528.0,16919,1805,4937,452,3.43,0.25,1022,582,16766,1764,06073013317,tract,2023,0.0609566980794465,161088.57605833502,1.1550548963053908
Census Tract 133.18; San Diego County; California,06,073,013318,151302.0,46101.0,345102700.0,53441591.0,49479.0,14619.0,79814.0,20871.0,157548.0,68184.0,139038.0,39338.0,7687,1113,2181,223,3.52,0.31,160,161,7687,1113,06073013318,tract,2023,0.020814361909717704,158231.40761118752,1.0457985195911985
Census Tract 133.19; San Diego County; California,06,073,013319,145256.0,23098.0,407046800.0,73290406.0,34215.0,16810.0,69000.0,20095.0,156368.0,6891.0,,,8534,1626,2821,338,3.03,0.46,356,256,8534,1626,06073013319,tract,2023,0.0417154909772674,144291.66962070187,0.9933611666347818
Census Tract 133.20; San Diego County; California,06,073,013320,123000.0,33425.0,259673500.0,33207356.0,52167.0,19394.0,90060.0,26121.0,133088.0,34871.0,108966.0,25780.0,6850,870,1960,139,3.49,0.32,242,222,6753,848,06073013320,tract,2023,0.03583592477417444,132486.47959183675,1.0771258503401362
Census Tract 133.21; San Diego County; California,06,073,013321,148068.0,21230.0,330300400.0,52452174.0,20514.0,8764.0,42542.0,39964.0,155188.0,18254.0,,,8375,1209,2225,206,3.76,0.35,782,566,8298,1212,06073013321,tract,2023,0.09423957580139793,148449.61797752808,1.0025773156760953
Census Tract 133.22; San Diego County; California,06,073,013322,166563.0,46474.0,336674500.0,127543978.0,,,101626.0,10486.0,187256.0,62520.0,133887.0,2667.0,4594,726,1155,56,3.97,0.56,26,63,4594,726,06073013322,tract,2023,0.0056595559425337396,291493.0735930736,1.7500469707742632
Census Tract 133.23; San Diego County; California,06,073,013323,167715.0,40674.0,346682900.0,79727822.0,59337.0,16428.0,74063.0,41809.0,159167.0,55266.0,250001.0,,7172,1198,2045,532,3.5,0.46,317,289,7170,1198,06073013323,tract,2023,0.04421199442119944,169527.09046454768,1.0108045819667155
Census Tract 133.24; San Diego County; California,06,073,013324,125244.0,14687.0,113384800.0,7765174.0,,,104235.0,28981.0,152204.0,42441.0,119581.0,7263.0,2349,279,830,56,2.83,0.23,3,7,2349,279,06073013324,tract,2023,0.001277139208173691,136608.19277108434,1.0907364246677234
Census Tract 133.25; San Diego County; California,06,073,013325,82529.0,38950.0,181746500.0,40070387.0,8848.0,26938.0,34019.0,31010.0,160878.0,14252.0,47225.0,32856.0,5764,846,1897,397,3.03,0.43,724,584,5738,844,06073013325,tract,2023,0.12617636807249913,95807.32735898788,1.1608928662529279
Census Tract 133.26; San Diego County; California,06,073,013326,179425.0,47896.0,220995000.0,97002062.0,96418.0,14342.0,111072.0,22405.0,203750.0,57658.0,94217.0,71052.0,3860,1398,1143,329,3.36,0.57,35,43,3860,1398,06073013326,tract,2023,0.009067357512953367,193346.45669291337,1.0775892807184806
Census Tract 133.27; San Diego County; California,06,073,013327,144328.0,38324.0,272539500.0,81591257.0,32657.0,26436.0,78015.0,38353.0,190488.0,78475.0,118626.0,50205.0,5851,1368,1685,411,3.17,0.22,494,274,5629,1370,06073013327,tract,2023,0.08775981524249422,161744.51038575667,1.1206731222337778
Census Tract 134.01; San Diego County; California,06,073,013401,134358.0,28611.0,195905100.0,34112633.0,25549.0,16988.0,56152.0,19570.0,134511.0,32590.0,134107.0,89791.0,4670,768,1371,151,3.39,0.38,286,138,4657,766,06073013401,tract,2023,0.061412926776895,142892.12253829322,1.063517784860546
Census Tract 134.09; San Diego County; California,06,073,013409,108590.0,16131.0,240523200.0,29810794.0,27488.0,9183.0,45907.0,8166.0,126611.0,13481.0,60379.0,17213.0,6105,647,2031,216,2.98,0.26,309,210,5978,652,06073013409,tract,2023,0.051689528270324525,118425.99704579025,1.0905792158190464
Census Tract 134.11; San Diego County; California,06,073,013411,158802.0,20076.0,273448200.0,31827013.0,41776.0,15386.0,88212.0,16709.0,160365.0,19451.0,,,4838,461,1657,141,2.91,0.17,207,155,4838,461,06073013411,tract,2023,0.042786275320380325,165026.0712130356,1.0391939094786944
Census Tract 134.12; San Diego County; California,06,073,013412,119348.0,18655.0,261063300.0,44301861.0,33373.0,15925.0,63925.0,15924.0,125781.0,22100.0,93875.0,25545.0,5177,593,1750,250,2.91,0.27,194,167,5106,593,06073013412,tract,2023,0.03799451625538582,149179.0285714286,1.2499499662451703
Census Tract 134.14; San Diego County; California,06,073,013414,143600.0,17448.0,427995900.0,132083183.0,33605.0,19161.0,69300.0,47698.0,140000.0,34395.0,143900.0,838.0,7570,1220,2527,420,2.99,0.31,533,338,7564,1222,06073013414,tract,2023,0.07046536224219989,169369.17293233084,1.1794510649883763
Census Tract 134.15; San Diego County; California,06,073,013415,160804.0,19278.0,98171400.0,30200254.0,68278.0,20811.0,106875.0,17647.0,159643.0,17265.0,176719.0,99514.0,1497,199,485,76,3.09,0.31,4,8,1497,199,06073013415,tract,2023,0.0026720106880427524,202415.25773195876,1.2587700413668736
Census Tract 134.16; San Diego County; California,06,073,013416,122210.0,13770.0,172919000.0,26417672.0,52136.0,13964.0,78093.0,28089.0,125824.0,12148.0,,,4411,683,1237,167,3.55,0.41,102,85,4411,683,06073013416,tract,2023,0.023124008161414644,139789.00565885205,1.1438426123791183
Census Tract 134.17; San Diego County; California,06,073,013417,152700.0,11529.0,104171500.0,15964137.0,37521.0,12104.0,62375.0,47091.0,151250.0,14597.0,156786.0,77648.0,2140,302,664,92,3.22,0.23,85,99,2140,302,06073013417,tract,2023,0.0397196261682243,156884.7891566265,1.0274052989955893
Census Tract 134.18; San Diego County; California,06,073,013418,82440.0,24669.0,247710700.0,43259926.0,20907.0,7118.0,36571.0,6618.0,103988.0,24156.0,39353.0,31875.0,5874,759,2190,363,2.68,0.32,716,427,5816,761,06073013418,tract,2023,0.12310866574965612,113109.90867579909,1.372027033913138
Census Tract 134.20; San Diego County; California,06,073,013420,127222.0,30509.0,130761700.0,24759383.0,32445.0,7172.0,47393.0,15554.0,145417.0,36717.0,76500.0,38976.0,3202,438,962,91,3.33,0.24,292,341,3192,440,06073013420,tract,2023,0.09147869674185463,135926.92307692306,1.0684230956668113
Census Tract 134.21; San Diego County; California,06,073,013421,145000.0,23736.0,195295600.0,27240696.0,28783.0,23914.0,69125.0,39721.0,155156.0,14750.0,117723.0,51177.0,4133,517,1298,147,3.18,0.27,286,257,4133,517,06073013421,tract,2023,0.06919912896201307,150458.8597842835,1.0376473088571276
Census Tract 134.22; San Diego County; California,06,073,013422,149167.0,22408.0,221172100.0,48759245.0,28564.0,10593.0,37355.0,44376.0,149750.0,18413.0,,,4213,684,1336,286,3.15,0.54,158,93,4213,684,06073013422,tract,2023,0.03750296700688346,165547.97904191617,1.1098163738756974
Census Tract 134.23; San Diego County; California,06,073,013423,144375.0,33101.0,166331200.0,28510592.0,48196.0,10344.0,73026.0,6326.0,152292.0,42398.0,,,3315,314,1040,84,3.14,0.33,47,35,3279,314,06073013423,tract,2023,0.014333638304361086,159933.84615384616,1.1077668997668997
Census Tract 134.24; San Diego County; California,06,073,013424,160263.0,33102.0,306481200.0,99904752.0,38400.0,14064.0,68400.0,24562.0,161447.0,23483.0,142083.0,129221.0,6647,1701,1884,400,3.53,0.24,196,237,6647,1701,06073013424,tract,2023,0.02948698661050098,162675.79617834394,1.0150552290818464
Census Tract 134.25; San Diego County; California,06,073,013425,188339.0,2393.0,108068700.0,19640491.0,,,125796.0,13960.0,188589.0,2255.0,,,1987,334,513,46,3.83,0.38,51,72,1987,334,06073013425,tract,2023,0.025666834423754403,210660.23391812865,1.1185162601379888
Census Tract 135.03; San Diego County; California,06,073,013503,99470.0,14426.0,213336700.0,30486439.0,25846.0,8973.0,46219.0,8764.0,138669.0,27574.0,80330.0,29708.0,5992,814,1904,138,3.12,0.27,719,365,5972,817,06073013503,tract,2023,0.12039517749497655,112046.58613445378,1.1264359719961172
Census Tract 135.04; San Diego County; California,06,073,013504,138304.0,17434.0,202576800.0,47094669.0,45147.0,7699.0,63074.0,14387.0,138253.0,16848.0,145333.0,87328.0,3991,646,1309,123,3.05,0.33,101,79,3991,646,06073013504,tract,2023,0.025306940616386872,154756.91367456072,1.1189619510249937
Census Tract 135.05; San Diego County; California,06,073,013505,122422.0,22435.0,295141000.0,59929395.0,29692.0,12612.0,61667.0,28894.0,139432.0,14312.0,102500.0,42116.0,5948,968,1995,257,2.98,0.25,823,562,5948,968,06073013505,tract,2023,0.1383658372562206,147940.35087719298,1.2084457930534787
Census Tract 135.06; San Diego County; California,06,073,013506,102031.0,16350.0,138794300.0,20130334.0,23763.0,16246.0,49922.0,14801.0,99904.0,24192.0,108421.0,23769.0,4330,399,1205,161,3.58,0.35,570,424,4307,401,06073013506,tract,2023,0.13234269793359646,115181.99170124481,1.1288921180939597
Census Tract 136.01; San Diego County; California,06,073,013601,114656.0,13117.0,275112400.0,35471750.0,31316.0,8337.0,56730.0,20290.0,125036.0,9549.0,83202.0,19256.0,5475,763,2023,211,2.66,0.21,395,163,5470,763,06073013601,tract,2023,0.07221206581352833,135992.28868017797,1.1860895956616135
Census Tract 136.04; San Diego County; California,06,073,013604,103606.0,8440.0,241961800.0,37340000.0,38708.0,13130.0,68267.0,8938.0,118408.0,22950.0,91589.0,19475.0,6097,744,1984,237,3.04,0.3,319,255,6084,738,06073013604,tract,2023,0.05243261012491782,121956.55241935483,1.1771186265211941
Census Tract 136.05; San Diego County; California,06,073,013605,157344.0,64870.0,408602900.0,143613753.0,48998.0,6746.0,63706.0,10168.0,176071.0,80592.0,79490.0,12619.0,6286,842,2250,420,2.79,0.33,225,197,6286,842,06073013605,tract,2023,0.03579382755329303,181601.2888888889,1.1541672316001175
Census Tract 136.07; San Diego County; California,06,073,013607,80885.0,33632.0,97814400.0,20685823.0,27258.0,12017.0,39233.0,33035.0,87150.0,55564.0,67788.0,54065.0,2301,544,937,142,2.46,0.41,106,152,2270,537,06073013607,tract,2023,0.04669603524229075,104391.03521878335,1.2906105609047827
Census Tract 136.08; San Diego County; California,06,073,013608,84926.0,22728.0,187876500.0,46692402.0,12892.0,6884.0,30052.0,26797.0,103281.0,48956.0,58008.0,33582.0,3881,479,1557,196,2.48,0.23,732,392,3866,479,06073013608,tract,2023,0.1893429901707191,120665.70327552987,1.4208334700271987
Census Tract 137.01; San Diego County; California,06,073,013701,120464.0,13476.0,121077500.0,18003107.0,22453.0,15005.0,47472.0,43043.0,129167.0,26109.0,,,2393,226,873,71,2.74,0.16,197,121,2383,227,06073013701,tract,2023,0.08266890474192194,138691.29438717067,1.151309058201377
Census Tract 137.02; San Diego County; California,06,073,013702,92566.0,10715.0,181399100.0,23982713.0,35202.0,9335.0,54080.0,7027.0,121830.0,33092.0,72452.0,11686.0,5417,733,1608,164,3.34,0.28,517,292,5410,734,06073013702,tract,2023,0.0955637707948244,112810.3855721393,1.218702175443892
Census Tract 138.01; San Diego County; California,06,073,013801,82404.0,21513.0,214933700.0,46431198.0,26187.0,10584.0,46769.0,23516.0,136932.0,38132.0,68750.0,29868.0,5522,1100,1811,200,2.98,0.37,1005,593,5389,1100,06073013801,tract,2023,0.1864910001855632,118682.33020430701,1.4402496262840034
Census Tract 138.02; San Diego County; California,06,073,013802,79583.0,23936.0,78913200.0,11949020.0,27319.0,7596.0,43889.0,11234.0,68646.0,27893.0,92159.0,22018.0,3261,257,870,64,3.65,0.23,359,192,3214,257,06073013802,tract,2023,0.11169881767268201,90704.8275862069,1.1397512984708655
Census Tract 139.03; San Diego County; California,06,073,013903,128289.0,26036.0,162056600.0,25340861.0,27773.0,11833.0,49778.0,25223.0,128191.0,43753.0,130375.0,33546.0,3928,458,1202,138,3.13,0.38,209,116,3869,458,06073013903,tract,2023,0.05401912638924787,134822.46256239602,1.0509276910911771
Census Tract 139.05; San Diego County; California,06,073,013905,127019.0,19691.0,184342800.0,33147191.0,51892.0,9091.0,78182.0,14433.0,126947.0,16952.0,,,4748,846,1260,163,3.76,0.32,155,86,4722,844,06073013905,tract,2023,0.03282507412113511,146303.80952380953,1.1518261797353901
Census Tract 139.06; San Diego County; California,06,073,013906,70833.0,17891.0,191821700.0,71864673.0,19757.0,6649.0,37985.0,8256.0,76406.0,27967.0,59214.0,18443.0,5022,768,1686,232,2.97,0.39,936,600,5009,768,06073013906,tract,2023,0.1868636454382112,113773.2502965599,1.6062181510956743
Census Tract 139.07; San Diego County; California,06,073,013907,59621.0,21738.0,90805700.0,19976572.0,16098.0,6704.0,30095.0,8383.0,122950.0,46202.0,56205.0,17046.0,3718,466,1236,172,2.99,0.39,636,271,3704,458,06073013907,tract,2023,0.1717062634989201,73467.39482200648,1.2322402311602703
Census Tract 139.08; San Diego County; California,06,073,013908,87188.0,32679.0,139625700.0,31006833.0,38158.0,14565.0,59057.0,4963.0,96579.0,47866.0,77500.0,43330.0,4133,518,1172,162,3.47,0.26,379,170,4009,527,06073013908,tract,2023,0.09453729109503617,119134.55631399318,1.3664100141532456
Census Tract 139.09; San Diego County; California,06,073,013909,96767.0,24595.0,189836300.0,82243196.0,30457.0,7877.0,44700.0,7003.0,104332.0,24794.0,41750.0,14162.0,4872,1076,1515,384,3.21,0.46,399,253,4864,1071,06073013909,tract,2023,0.08203125,125304.48844884489,1.2949093022295295
Census Tract 140.01; San Diego County; California,06,073,014001,78529.0,11526.0,154702600.0,20036942.0,16967.0,6957.0,33951.0,11593.0,95750.0,42384.0,49512.0,30470.0,5064,663,1584,158,3.16,0.35,603,288,5014,663,06073014001,tract,2023,0.12026326286398085,97665.78282828283,1.243690647127594
Census Tract 140.02; San Diego County; California,06,073,014002,77500.0,15208.0,127208700.0,29678451.0,,,37750.0,22592.0,87500.0,25377.0,52069.0,32789.0,4132,688,1194,183,3.41,0.47,475,401,4076,678,06073014002,tract,2023,0.11653581943081452,106539.94974874372,1.374709029016048
Census Tract 141.01; San Diego County; California,06,073,014101,98750.0,21360.0,162350000.0,26920118.0,37715.0,11800.0,66118.0,20093.0,109427.0,38821.0,80156.0,22030.0,4050,488,1323,159,3.03,0.26,167,90,4021,486,06073014101,tract,2023,0.041531957224571,122713.529856387,1.2426686567735392
Census Tract 141.02; San Diego County; California,06,073,014102,103617.0,18249.0,118856800.0,18616193.0,32405.0,14724.0,60286.0,12647.0,112202.0,26616.0,76429.0,34063.0,3368,495,1058,119,3.18,0.44,378,331,3368,495,06073014102,tract,2023,0.11223277909738717,112341.02079395085,1.0841948791602811
Census Tract 142; San Diego County; California,06,073,014200,104693.0,21300.0,292206100.0,49794992.0,28684.0,8545.0,55065.0,11924.0,130598.0,42067.0,85603.0,17051.0,7177,733,2159,224,3.25,0.22,716,387,7047,732,06073014200,tract,2023,0.1016035192280403,135343.2607688745,1.292763229336006
Census Tract 143; San Diego County; California,06,073,014300,87547.0,28731.0,112722300.0,14585581.0,24613.0,7967.0,39933.0,8854.0,100938.0,29952.0,62042.0,41004.0,4510,607,1301,125,3.45,0.32,494,213,4504,607,06073014300,tract,2023,0.10968028419182949,86642.81322059954,0.9896719844266455
Census Tract 144; San Diego County; California,06,073,014400,46250.0,9848.0,119570600.0,19303485.0,14673.0,2127.0,19050.0,6987.0,76250.0,63116.0,42955.0,10519.0,4439,497,2046,258,2.16,0.22,644,312,4387,479,06073014400,tract,2023,0.14679735582402553,58441.15347018573,1.2635925074634753
Census Tract 145; San Diego County; California,06,073,014500,81058.0,7678.0,132591000.0,22447276.0,23752.0,7903.0,43020.0,8949.0,104464.0,26713.0,60417.0,27338.0,4019,715,1416,152,2.76,0.36,498,245,3932,715,06073014500,tract,2023,0.1266531027466938,93637.71186440678,1.1551939582077868
Census Tract 146.01; San Diego County; California,06,073,014601,71667.0,13036.0,206431000.0,39221028.0,11377.0,7627.0,26326.0,13627.0,117813.0,53904.0,54018.0,12686.0,4899,552,2296,323,2.11,0.23,852,396,4841,552,06073014601,tract,2023,0.1759966948977484,89908.97212543554,1.254537962038812
Census Tract 146.02; San Diego County; California,06,073,014602,126628.0,22981.0,286957500.0,41388429.0,34124.0,8322.0,54850.0,8386.0,160694.0,30581.0,88250.0,25792.0,5300,560,1902,174,2.79,0.14,139,97,5300,560,06073014602,tract,2023,0.026226415094339622,150871.45110410094,1.1914541104976857
Census Tract 147.01; San Diego County; California,06,073,014701,97788.0,14874.0,199213700.0,58851679.0,20762.0,11659.0,42609.0,12105.0,114063.0,59903.0,83750.0,14847.0,3698,544,1492,182,2.47,0.2,367,251,3673,540,06073014701,tract,2023,0.0999183228968146,133521.24664879357,1.3654154563831307
Census Tract 147.02; San Diego County; California,06,073,014702,115790.0,19439.0,220400500.0,44945736.0,25895.0,12373.0,43474.0,27700.0,124325.0,27308.0,,,4251,682,1637,259,2.6,0.27,87,78,4251,682,06073014702,tract,2023,0.020465772759350742,134636.83567501526,1.1627673864324661
Census Tract 148.03; San Diego County; California,06,073,014803,72500.0,10025.0,207529500.0,34030990.0,16819.0,6889.0,31835.0,6966.0,,,71215.0,15428.0,4464,455,2154,200,1.98,0.17,487,195,4318,455,06073014803,tract,2023,0.11278369615562761,96346.10027855153,1.328911727980021
Census Tract 148.04; San Diego County; California,06,073,014804,82625.0,42745.0,250745100.0,72843037.0,15242.0,7017.0,29241.0,7392.0,128750.0,21065.0,36176.0,23521.0,4281,611,1998,221,2.06,0.23,309,136,4131,612,06073014804,tract,2023,0.074800290486565,125498.04804804805,1.518887117071686
Census Tract 148.05; San Diego County; California,06,073,014805,94479.0,18784.0,230065800.0,31809086.0,18979.0,8780.0,42052.0,13287.0,98750.0,50355.0,93307.0,25084.0,5170,601,2218,210,2.28,0.21,651,355,5007,575,06073014805,tract,2023,0.13001797483523067,103726.69071235348,1.097880912291128
Census Tract 148.06; San Diego County; California,06,073,014806,64075.0,10922.0,125350500.0,33624378.0,9226.0,7999.0,21324.0,10391.0,124231.0,26325.0,61729.0,11615.0,3166,687,1611,316,1.96,0.28,843,517,3151,689,06073014806,tract,2023,0.267534116153602,77809.12476722532,1.2143445145099543
Census Tract 149.01; San Diego County; California,06,073,014901,82240.0,12620.0,205668400.0,25971178.0,29174.0,6059.0,42414.0,17373.0,155250.0,66465.0,64152.0,24093.0,4854,639,1854,178,2.61,0.17,506,346,4842,637,06073014901,tract,2023,0.10450227178851715,110932.25458468177,1.3488844185880564
Census Tract 149.02; San Diego County; California,06,073,014902,72500.0,13682.0,124958400.0,18329471.0,19891.0,5273.0,36875.0,10187.0,109712.0,21317.0,58563.0,16472.0,3004,300,1460,149,1.96,0.15,148,72,2861,299,06073014902,tract,2023,0.0517301642782244,85587.94520547945,1.1805233821445442
Census Tract 150.01; San Diego County; California,06,073,015001,79883.0,21047.0,159841800.0,23685747.0,16671.0,8796.0,31167.0,31363.0,109569.0,24719.0,75556.0,10236.0,4466,1325,1594,174,2.8,0.56,1209,1260,4466,1325,06073015001,tract,2023,0.2707120465741155,100277.16436637391,1.255300431460685
Census Tract 150.02; San Diego County; California,06,073,015002,59313.0,4569.0,92127600.0,27433832.0,,,37107.0,23210.0,74279.0,70790.0,59036.0,3073.0,2876,543,1207,334,2.26,0.48,510,319,2796,543,06073015002,tract,2023,0.18240343347639484,76327.75476387738,1.286863836998253
Census Tract 151; San Diego County; California,06,073,015100,99000.0,8486.0,218058900.0,29239386.0,26228.0,8584.0,52977.0,26054.0,113313.0,20157.0,79464.0,13775.0,4937,728,1772,158,2.77,0.25,262,110,4907,729,06073015100,tract,2023,0.053393111880986346,123058.06997742664,1.2430108078527944
Census Tract 152; San Diego County; California,06,073,015200,154196.0,16510.0,288985700.0,52137451.0,53586.0,15254.0,91853.0,21833.0,159219.0,17967.0,98833.0,78135.0,3955,451,1443,150,2.73,0.14,77,77,3930,450,06073015200,tract,2023,0.01959287531806616,200267.29036729038,1.2987839526789955
Census Tract 153.01; San Diego County; California,06,073,015301,61282.0,30057.0,101053900.0,20226384.0,11467.0,4574.0,17208.0,16666.0,106797.0,37974.0,33275.0,9366.0,3591,622,1126,162,3.19,0.38,911,308,3591,622,06073015301,tract,2023,0.25368978000556947,89745.91474245116,1.464474311256995
Census Tract 153.02; San Diego County; California,06,073,015302,115575.0,31031.0,199796600.0,45847148.0,27505.0,6588.0,45048.0,11595.0,121833.0,18231.0,54896.0,16786.0,4448,487,1427,173,2.87,0.23,203,89,4118,439,06073015302,tract,2023,0.04929577464788732,140011.6327960757,1.2114352826828958
Census Tract 154.03; San Diego County; California,06,073,015403,156635.0,30372.0,177627000.0,25519117.0,48412.0,8863.0,75750.0,15746.0,171786.0,33871.0,92981.0,78006.0,2700,276,853,77,3.15,0.2,64,45,2700,276,06073015403,tract,2023,0.023703703703703703,208237.9835873388,1.3294473367212871
Census Tract 154.05; San Diego County; California,06,073,015405,137048.0,19289.0,327246000.0,53039090.0,46021.0,11843.0,75938.0,21927.0,147917.0,25811.0,61667.0,40688.0,5653,574,1770,100,3.19,0.27,185,124,5594,573,06073015405,tract,2023,0.03307114765820522,184884.74576271186,1.3490510314832165
Census Tract 154.06; San Diego County; California,06,073,015406,153583.0,29163.0,163965600.0,25777375.0,56009.0,12800.0,93792.0,9409.0,156510.0,20121.0,93553.0,10863.0,2628,458,827,80,3.17,0.43,156,118,2623,458,06073015406,tract,2023,0.05947388486465879,198265.53808948005,1.2909341404288237
Census Tract 154.07; San Diego County; California,06,073,015407,46267.0,13357.0,71166500.0,14094512.0,12941.0,4617.0,19546.0,9594.0,,,36736.0,11091.0,3627,452,1226,188,2.96,0.27,1108,402,3627,452,06073015407,tract,2023,0.3054866280672732,58047.716150081564,1.2546245952856585
Census Tract 154.08; San Diego County; California,06,073,015408,99673.0,55285.0,182607100.0,37267496.0,25372.0,8287.0,34964.0,36910.0,152703.0,24627.0,70909.0,10794.0,4107,829,1379,191,2.92,0.33,293,164,4103,829,06073015408,tract,2023,0.07141116256397757,132419.94198694706,1.3285437579579933
Census Tract 155.01; San Diego County; California,06,073,015501,111364.0,19186.0,270007100.0,79858139.0,28465.0,6627.0,50091.0,13188.0,120661.0,15277.0,60975.0,10310.0,5591,529,1856,154,3.01,0.18,211,123,5519,523,06073015501,tract,2023,0.038231563689074106,145477.96336206896,1.3063284666684831
Census Tract 155.02; San Diego County; California,06,073,015502,127120.0,35314.0,149333500.0,24624358.0,40387.0,6383.0,58182.0,10559.0,126957.0,43296.0,,,3033,416,985,105,3.08,0.22,180,116,3012,415,06073015502,tract,2023,0.05976095617529881,151607.61421319796,1.1926338437161577
Census Tract 156.01; San Diego County; California,06,073,015601,63974.0,18675.0,184523100.0,32084682.0,11025.0,7263.0,16659.0,22937.0,91558.0,42402.0,59991.0,3678.0,5912,755,2059,399,2.86,0.34,987,482,5899,759,06073015601,tract,2023,0.16731649432107137,89617.8241864983,1.4008475972504189
Census Tract 156.02; San Diego County; California,06,073,015602,152917.0,41800.0,136633900.0,24785987.0,31201.0,11989.0,51857.0,12363.0,178750.0,44556.0,,,2756,363,809,99,3.3,0.24,381,256,2696,363,06073015602,tract,2023,0.14132047477744808,168892.33621755254,1.1044706358191212
Census Tract 157.01; San Diego County; California,06,073,015701,42750.0,7027.0,124026500.0,22720606.0,13656.0,3662.0,20694.0,1442.0,27792.0,21502.0,44265.0,9077.0,6362,1249,2389,356,2.61,0.3,2149,1204,6273,1249,06073015701,tract,2023,0.3425793081460226,51915.655085809965,1.2144012885569582
Census Tract 157.04; San Diego County; California,06,073,015704,47750.0,18497.0,97710100.0,15442949.0,16998.0,5421.0,28052.0,11293.0,79146.0,15993.0,41140.0,10567.0,4730,849,1432,228,3.29,0.3,1068,555,4730,849,06073015704,tract,2023,0.22579281183932345,68233.31005586592,1.428969844101904
Census Tract 157.05; San Diego County; California,06,073,015705,60256.0,10754.0,88310500.0,18271060.0,20354.0,7267.0,34654.0,15974.0,54028.0,7774.0,60783.0,11870.0,4270,689,1221,119,3.27,0.44,831,579,4017,688,06073015705,tract,2023,0.20687079910380882,72326.37182637183,1.2003181729018162
Census Tract 157.06; San Diego County; California,06,073,015706,33640.0,9356.0,37857400.0,10997773.0,8440.0,4964.0,14267.0,3786.0,26833.0,19328.0,34526.0,10499.0,2551,557,819,130,3.11,0.71,758,364,2551,557,06073015706,tract,2023,0.29713837710701685,46223.931623931625,1.374076445420084
Census Tract 158.01; San Diego County; California,06,073,015801,52212.0,3172.0,86910000.0,15656448.0,17376.0,5839.0,30357.0,9248.0,116528.0,38256.0,51286.0,3624.0,3657,767,1420,208,2.58,0.41,601,516,3657,767,06073015801,tract,2023,0.16434235712332512,61204.22535211268,1.1722252614746165
Census Tract 158.02; San Diego County; California,06,073,015802,62292.0,9146.0,109780700.0,23709831.0,17622.0,4505.0,30418.0,11704.0,86964.0,21099.0,60556.0,9096.0,4276,610,1471,227,2.44,0.22,855,332,3891,611,06073015802,tract,2023,0.2197378565921357,74629.9796057104,1.1980668401353367
Census Tract 159.01; San Diego County; California,06,073,015901,45690.0,12325.0,64303500.0,14141453.0,11436.0,4068.0,20027.0,5561.0,42005.0,16390.0,46595.0,11816.0,3751,602,1038,128,3.56,0.36,894,313,3664,610,06073015901,tract,2023,0.24399563318777293,61949.42196531792,1.3558639081925568
Census Tract 159.02; San Diego County; California,06,073,015902,45921.0,17768.0,124186900.0,17793199.0,11956.0,4854.0,21821.0,5146.0,91815.0,41528.0,40871.0,10233.0,5435,813,1760,253,3.09,0.23,1178,501,5435,813,06073015902,tract,2023,0.21674333026678932,70560.73863636363,1.5365679892938662
Census Tract 160; San Diego County; California,06,073,016000,100547.0,24117.0,100637600.0,17190653.0,20647.0,5792.0,31556.0,11951.0,119545.0,39834.0,71985.0,25512.0,2365,367,873,124,2.7,0.25,451,274,2349,363,06073016000,tract,2023,0.19199659429544488,115277.892325315,1.1465075270800222
Census Tract 161; San Diego County; California,06,073,016100,108175.0,11280.0,279689500.0,49989589.0,20642.0,8553.0,38483.0,16135.0,120043.0,16028.0,32308.0,21126.0,6412,858,2172,240,2.94,0.29,479,351,6412,858,06073016100,tract,2023,0.07470368059887711,128770.48802946592,1.1903904601753263
Census Tract 162.01; San Diego County; California,06,073,016201,142697.0,24999.0,292218400.0,43023862.0,25198.0,14985.0,57029.0,22960.0,146581.0,17038.0,75484.0,70488.0,5444,553,1903,125,2.84,0.2,412,224,5444,553,06073016201,tract,2023,0.07567964731814843,153556.6999474514,1.076103211332063
Census Tract 162.02; San Diego County; California,06,073,016202,68813.0,4358.0,117930100.0,25835887.0,21434.0,9549.0,42329.0,9034.0,118476.0,48007.0,67143.0,11980.0,3923,690,1338,209,2.93,0.37,574,269,3921,690,06073016202,tract,2023,0.14639122672787555,88139.08819133035,1.2808493771719056
Census Tract 163.01; San Diego County; California,06,073,016301,64446.0,19539.0,126136600.0,22744104.0,8018.0,5560.0,16270.0,6888.0,90167.0,20644.0,37446.0,27156.0,4886,626,1751,191,2.79,0.29,1119,472,4886,626,06073016301,tract,2023,0.22902169463774047,72036.89320388349,1.1177868789976646
Census Tract 163.02; San Diego County; California,06,073,016302,56154.0,15931.0,127831000.0,18133709.0,8998.0,9375.0,23635.0,11579.0,115313.0,33981.0,47101.0,10636.0,5784,813,1784,193,3.21,0.22,1590,727,5771,812,06073016302,tract,2023,0.2755155085773696,71654.14798206279,1.27602927631269
Census Tract 164.01; San Diego County; California,06,073,016401,110076.0,21596.0,217639100.0,31298916.0,28863.0,5911.0,44628.0,15389.0,113430.0,15442.0,81250.0,40454.0,5410,620,1726,170,2.92,0.21,413,243,5058,619,06073016401,tract,2023,0.08165282720442862,126094.49594438008,1.1455221478285917
Census Tract 164.03; San Diego County; California,06,073,016403,81083.0,23764.0,183336700.0,39267067.0,34482.0,7402.0,47974.0,8012.0,112206.0,36178.0,51394.0,15658.0,5428,1090,1647,295,3.19,0.27,591,284,5320,1090,06073016403,tract,2023,0.11109022556390978,111315.54341226473,1.3728592110832694
Census Tract 164.04; San Diego County; California,06,073,016404,46737.0,8901.0,64475500.0,16463212.0,,,11410.0,11987.0,113066.0,63068.0,,,4092,485,906,141,3.46,0.33,1438,407,3930,522,06073016404,tract,2023,0.3659033078880407,71165.0110375276,1.522669641558671
Census Tract 165.02; San Diego County; California,06,073,016502,66701.0,8425.0,216948900.0,41624457.0,12536.0,6349.0,22471.0,4851.0,124023.0,48376.0,57704.0,32010.0,8034,1087,2520,287,3.14,0.24,1805,830,8026,1087,06073016502,tract,2023,0.2248940941938699,86090.83333333333,1.2906977906378214
Census Tract 165.03; San Diego County; California,06,073,016503,97955.0,14210.0,98997300.0,18979152.0,29736.0,9814.0,49438.0,25967.0,88333.0,19657.0,105700.0,14061.0,2934,446,946,117,3.1,0.3,214,234,2847,455,06073016503,tract,2023,0.07516684229012996,104648.3086680761,1.0683304442660007
Census Tract 165.04; San Diego County; California,06,073,016504,59129.0,19665.0,189234100.0,35157166.0,9898.0,5412.0,19825.0,15519.0,103529.0,50961.0,44871.0,4456.0,6734,1162,2335,190,2.86,0.42,1235,488,6640,1157,06073016504,tract,2023,0.18599397590361447,81042.44111349036,1.3706039526034663
Census Tract 166.06; San Diego County; California,06,073,016606,126731.0,22165.0,187059200.0,40527696.0,36748.0,8163.0,53967.0,16786.0,140000.0,12992.0,94327.0,14096.0,3634,556,1320,174,2.75,0.23,47,37,3634,556,06073016606,tract,2023,0.012933406714364337,141711.51515151514,1.1182071880717042
Census Tract 166.07; San Diego County; California,06,073,016607,141229.0,6576.0,332467700.0,51554546.0,27600.0,14506.0,64767.0,21248.0,163021.0,34743.0,93500.0,39232.0,7054,636,2423,320,2.88,0.29,551,293,7021,631,06073016607,tract,2023,0.07847884916678535,137213.24803962032,0.9715656702208493
Census Tract 166.08; San Diego County; California,06,073,016608,133092.0,11395.0,110894200.0,12343465.0,42114.0,9992.0,67806.0,17295.0,137292.0,11259.0,,,2646,362,799,56,3.27,0.34,220,123,2616,360,06073016608,tract,2023,0.08409785932721713,138791.23904881102,1.0428218003246703
Census Tract 166.09; San Diego County; California,06,073,016609,122873.0,15648.0,263856300.0,33451868.0,27074.0,9581.0,46613.0,19633.0,131667.0,10373.0,93656.0,26338.0,5935,629,2015,222,2.94,0.18,422,256,5909,638,06073016609,tract,2023,0.07141648333051277,130946.05459057073,1.0657024292608688
Census Tract 166.10; San Diego County; California,06,073,016610,84407.0,19764.0,162304100.0,24263206.0,25120.0,14819.0,42493.0,31214.0,94333.0,23531.0,64231.0,29791.0,4560,822,1494,188,3.04,0.3,545,615,4546,823,06073016610,tract,2023,0.11988561372635284,108637.28246318607,1.2870648460813212
Census Tract 166.13; San Diego County; California,06,073,016613,116667.0,17946.0,93847900.0,12575048.0,49952.0,9555.0,69982.0,4643.0,138889.0,10642.0,90313.0,38267.0,1939,295,714,88,2.72,0.24,40,22,1925,294,06073016613,tract,2023,0.02077922077922078,131439.63585434173,1.1266222312594112
Census Tract 166.14; San Diego County; California,06,073,016614,116658.0,15040.0,158280300.0,18990686.0,17995.0,5687.0,37912.0,26297.0,129760.0,14056.0,73952.0,42076.0,3874,428,1313,130,2.95,0.18,581,317,3874,428,06073016614,tract,2023,0.14997418688693856,120548.59101294745,1.0333504004264384
Census Tract 166.15; San Diego County; California,06,073,016615,131500.0,20194.0,152917200.0,23992104.0,26197.0,11935.0,59409.0,26643.0,168750.0,42785.0,96389.0,31715.0,4151,467,1172,123,2.73,0.23,202,122,3185,462,06073016615,tract,2023,0.06342229199372057,130475.42662116041,0.9922085674612959
Census Tract 166.16; San Diego County; California,06,073,016616,75469.0,19894.0,145028800.0,24222224.0,13422.0,7931.0,24583.0,17480.0,110547.0,30336.0,58500.0,15763.0,3669,399,1395,178,2.54,0.22,146,80,3571,399,06073016616,tract,2023,0.04088490618874265,103963.29749103943,1.3775629396313642
Census Tract 166.17; San Diego County; California,06,073,016617,46667.0,19026.0,117713700.0,24557917.0,9367.0,3268.0,16183.0,4401.0,75982.0,29017.0,31094.0,16839.0,3705,460,1588,181,2.33,0.18,826,352,3705,460,06073016617,tract,2023,0.22294197031039137,74127.01511335012,1.588424692252558
Census Tract 166.18; San Diego County; California,06,073,016618,100000.0,15287.0,184225600.0,32502080.0,25006.0,11310.0,50386.0,18138.0,100134.0,21626.0,87279.0,40203.0,3592,525,1572,188,2.28,0.18,119,87,3592,525,06073016618,tract,2023,0.033129175946547886,117191.85750636132,1.1719185750636132
Census Tract 166.19; San Diego County; California,06,073,016619,83976.0,13926.0,192831900.0,27572335.0,19831.0,5108.0,28822.0,6442.0,92734.0,18135.0,71889.0,30376.0,4508,524,1850,215,2.44,0.2,428,218,4508,524,06073016619,tract,2023,0.09494232475598935,104233.45945945945,1.241229154275739
Census Tract 166.20; San Diego County; California,06,073,016620,100000.0,26911.0,105458200.0,19247374.0,28234.0,8120.0,42424.0,21284.0,105769.0,44230.0,72143.0,45973.0,2441,359,908,111,2.68,0.28,128,97,2441,359,06073016620,tract,2023,0.05243752560426055,116143.39207048458,1.1614339207048459
Census Tract 166.21; San Diego County; California,06,073,016621,140250.0,19056.0,229607700.0,36679091.0,40739.0,9189.0,70667.0,19342.0,142018.0,41741.0,71042.0,20856.0,4064,477,1350,150,3.01,0.22,428,256,4022,464,06073016621,tract,2023,0.10641471904525111,170079.77777777778,1.2126900376312142
Census Tract 167.03; San Diego County; California,06,073,016703,107202.0,29575.0,115547100.0,34670774.0,27810.0,13037.0,55050.0,24461.0,97344.0,22204.0,117775.0,78765.0,2986,862,1081,288,2.76,0.21,175,110,2986,862,06073016703,tract,2023,0.058606831882116545,106889.08418131359,0.9970810636118131
Census Tract 167.04; San Diego County; California,06,073,016704,116711.0,38927.0,376655000.0,91852810.0,33167.0,7633.0,49883.0,17072.0,160412.0,14567.0,73339.0,30572.0,7549,1228,2458,271,2.97,0.31,512,265,7346,1226,06073016704,tract,2023,0.069697794718214,153236.37103336045,1.3129556856968105
Census Tract 167.05; San Diego County; California,06,073,016705,63523.0,30410.0,176752000.0,37354851.0,25391.0,6265.0,40127.0,4461.0,116875.0,42779.0,58946.0,3817.0,4893,642,1834,189,2.61,0.35,399,215,4745,639,06073016705,tract,2023,0.08408851422550052,96375.13631406761,1.51716915627517
Census Tract 167.06; San Diego County; California,06,073,016706,82200.0,24657.0,99304400.0,11749888.0,18591.0,9288.0,29868.0,29359.0,134671.0,23429.0,53711.0,15949.0,2870,374,920,92,3.07,0.27,519,355,2864,374,06073016706,tract,2023,0.18121508379888268,107939.56521739131,1.313133396805247
Census Tract 168.04; San Diego County; California,06,073,016804,85321.0,10566.0,269891200.0,52720162.0,23357.0,9985.0,43463.0,7751.0,132716.0,30510.0,68454.0,9137.0,8903,1500,2825,361,3.14,0.42,1086,604,8836,1502,06073016804,tract,2023,0.1229062924400181,95536.70796460177,1.1197326328172639
Census Tract 168.06; San Diego County; California,06,073,016806,83060.0,25823.0,143269600.0,23146937.0,14761.0,9890.0,30896.0,22447.0,86250.0,36784.0,76923.0,26570.0,4172,537,1303,127,3.19,0.32,510,274,4172,537,06073016806,tract,2023,0.12224352828379674,109953.64543361473,1.3237857625043912
Census Tract 168.07; San Diego County; California,06,073,016807,116955.0,22889.0,360647600.0,64853991.0,33243.0,9011.0,56182.0,12507.0,145841.0,30597.0,45329.0,29037.0,8221,1138,2666,331,3.06,0.29,719,587,8047,1092,06073016807,tract,2023,0.08935006834845284,135276.6691672918,1.156655715166447
Census Tract 168.09; San Diego County; California,06,073,016809,82206.0,27580.0,214410900.0,46949500.0,21856.0,7093.0,36515.0,13002.0,97045.0,19830.0,52885.0,29352.0,5539,517,1798,170,3.07,0.22,857,509,5539,517,06073016809,tract,2023,0.15472106878497924,119249.66629588432,1.4506199826762562
Census Tract 168.10; San Diego County; California,06,073,016810,145268.0,25702.0,146508800.0,24044678.0,39254.0,11920.0,70625.0,13823.0,147411.0,34063.0,81250.0,66636.0,2980,281,865,66,3.4,0.24,201,116,2978,280,06073016810,tract,2023,0.06749496306245803,169374.3352601156,1.1659438779367486
Census Tract 168.11; San Diego County; California,06,073,016811,120107.0,35401.0,206038500.0,37218071.0,25941.0,8093.0,48305.0,9928.0,120022.0,30376.0,120521.0,110011.0,4770,687,1680,196,2.83,0.25,362,159,4770,687,06073016811,tract,2023,0.07589098532494759,122641.96428571429,1.0211058829686388
Census Tract 168.12; San Diego County; California,06,073,016812,79861.0,31075.0,164885600.0,45598598.0,23865.0,7716.0,37348.0,8412.0,80714.0,33174.0,59604.0,54956.0,2793,419,1185,163,2.29,0.28,221,182,2789,415,06073016812,tract,2023,0.07923987092147723,139143.96624472574,1.7423268709974298
Census Tract 168.13; San Diego County; California,06,073,016813,102813.0,20781.0,156459900.0,24411707.0,24192.0,4959.0,34074.0,11912.0,111786.0,26123.0,63542.0,1602.0,3287,273,1150,68,2.86,0.22,315,289,3287,273,06073016813,tract,2023,0.09583206571341649,136052.08695652173,1.3232965379526103
Census Tract 169.01; San Diego County; California,06,073,016901,119669.0,34217.0,384608900.0,92078048.0,25965.0,11541.0,46057.0,16700.0,146019.0,27978.0,44152.0,21127.0,7227,1359,2377,280,3.04,0.33,297,192,7181,1369,06073016901,tract,2023,0.04135914218075477,161804.33319310055,1.3520989829705317
Census Tract 169.02; San Diego County; California,06,073,016902,116250.0,15179.0,107412900.0,26214791.0,30008.0,9901.0,53605.0,13822.0,120170.0,11908.0,,,2395,307,762,88,3.08,0.29,229,63,2375,308,06073016902,tract,2023,0.09642105263157895,140961.81102362205,1.2125747184827704
Census Tract 170.06; San Diego County; California,06,073,017006,170500.0,57134.0,231903900.0,39471338.0,32143.0,12333.0,50700.0,44009.0,183162.0,57301.0,47589.0,46664.0,3214,545,1074,171,2.97,0.37,216,138,3214,545,06073017006,tract,2023,0.0672059738643435,215925.4189944134,1.2664247448352692
Census Tract 170.09; San Diego County; California,06,073,017009,98403.0,25882.0,182079500.0,24222982.0,35009.0,8284.0,53970.0,11145.0,121401.0,24774.0,80769.0,10621.0,4071,427,1517,157,2.68,0.16,64,46,4063,427,06073017009,tract,2023,0.015751907457543686,120026.03823335531,1.219739624130924
Census Tract 170.10; San Diego County; California,06,073,017010,201875.0,23834.0,197116500.0,28729841.0,53043.0,14389.0,94232.0,12663.0,203315.0,18212.0,140114.0,104977.0,3057,343,962,89,3.13,0.24,87,101,3057,343,06073017010,tract,2023,0.02845927379784102,204902.80665280664,1.0149984230479585
Census Tract 170.14; San Diego County; California,06,073,017014,82549.0,14643.0,184195000.0,65649213.0,23532.0,7363.0,43728.0,4525.0,77054.0,10605.0,93950.0,56690.0,2612,372,1574,236,1.52,0.07,221,130,2537,372,06073017014,tract,2023,0.08711076074103272,117023.50698856417,1.4176247681808887
Census Tract 170.18; San Diego County; California,06,073,017018,99048.0,21902.0,205615200.0,31816583.0,25135.0,8081.0,43867.0,18839.0,121413.0,11492.0,59881.0,21430.0,4273,700,1786,222,2.33,0.22,287,164,4200,700,06073017018,tract,2023,0.06833333333333333,115126.09182530794,1.1623262642891117
Census Tract 170.20; San Diego County; California,06,073,017020,175114.0,41420.0,355423600.0,59708852.0,44109.0,16108.0,70700.0,32183.0,195707.0,43031.0,98864.0,47199.0,4097,424,1519,206,2.69,0.24,216,264,4087,423,06073017020,tract,2023,0.05285050159040861,233985.2534562212,1.336188160034156
Census Tract 170.21; San Diego County; California,06,073,017021,201450.0,26381.0,289532800.0,79796881.0,60008.0,23104.0,112566.0,47321.0,206250.0,42204.0,65846.0,20418.0,3228,855,1086,183,2.96,0.54,233,271,3149,753,06073017021,tract,2023,0.07399174341060655,266604.788213628,1.323429080236426
Census Tract 170.22; San Diego County; California,06,073,017022,129265.0,23048.0,326391900.0,37453464.0,47855.0,12448.0,81722.0,13153.0,152577.0,30827.0,103567.0,20781.0,5545,545,2182,230,2.54,0.17,127,117,5490,540,06073017022,tract,2023,0.02313296903460838,149583.82218148487,1.1571873452325445
Census Tract 170.31; San Diego County; California,06,073,017031,151125.0,41318.0,208335400.0,28899325.0,38606.0,14776.0,68474.0,11554.0,147404.0,44994.0,151250.0,60186.0,3451,246,1271,78,2.7,0.14,110,91,3451,246,06073017031,tract,2023,0.03187481889307447,163914.55546813534,1.0846289857279428
Census Tract 170.33; San Diego County; California,06,073,017033,170805.0,10783.0,390707900.0,71286182.0,47286.0,9580.0,75467.0,15301.0,170805.0,10241.0,162500.0,119081.0,5723,787,1883,183,3.04,0.19,163,147,5723,787,06073017033,tract,2023,0.02848156561244103,207492.24641529474,1.2147902369093102
Census Tract 170.34; San Diego County; California,06,073,017034,117382.0,22519.0,292145100.0,57790225.0,37353.0,13614.0,70603.0,37745.0,176745.0,24470.0,92295.0,23153.0,5775,887,2031,261,2.84,0.15,136,99,5775,887,06073017034,tract,2023,0.02354978354978355,143842.9837518464,1.2254262472256938
Census Tract 170.35; San Diego County; California,06,073,017035,129861.0,16032.0,167667000.0,26048950.0,18149.0,6417.0,41183.0,14120.0,192292.0,27935.0,83125.0,57883.0,3406,415,1262,117,2.7,0.23,564,350,3406,415,06073017035,tract,2023,0.1655901350557839,132858.16164817748,1.0230797671986007
Census Tract 170.36; San Diego County; California,06,073,017036,129979.0,10882.0,164024900.0,30553933.0,49620.0,19823.0,88429.0,16058.0,127736.0,6834.0,137171.0,40564.0,2993,376,1069,108,2.8,0.2,96,65,2993,376,06073017036,tract,2023,0.03207484129635817,153437.6987839102,1.1804806836789803
Census Tract 170.37; San Diego County; California,06,073,017037,125909.0,17871.0,281472400.0,46808211.0,32427.0,12986.0,60071.0,25370.0,151914.0,40650.0,86897.0,26542.0,5400,549,1848,127,2.92,0.22,401,353,5400,549,06073017037,tract,2023,0.07425925925925926,152311.90476190476,1.209698311970588
Census Tract 170.39; San Diego County; California,06,073,017039,123836.0,18007.0,389376600.0,49991536.0,28971.0,12932.0,63583.0,27202.0,136667.0,28242.0,118585.0,34287.0,6693,868,2631,275,2.53,0.17,400,312,6693,868,06073017039,tract,2023,0.05976393246675631,147995.66704675028,1.1950940521879767
Census Tract 170.40; San Diego County; California,06,073,017040,150208.0,28350.0,251920100.0,34090002.0,41349.0,12645.0,78310.0,16536.0,165581.0,28576.0,,,4391,509,1499,157,2.9,0.28,263,199,4391,509,06073017040,tract,2023,0.059895240264176725,168058.77251501,1.1188403581367836
Census Tract 170.41; San Diego County; California,06,073,017041,141361.0,28459.0,319437200.0,43208111.0,43546.0,11699.0,70767.0,33339.0,166170.0,28872.0,106422.0,37342.0,5697,517,1881,184,3.03,0.15,107,80,5697,517,06073017041,tract,2023,0.018781814990345796,169823.07283359914,1.201343176927152
Census Tract 170.43; San Diego County; California,06,073,017043,192895.0,18646.0,466145100.0,70179612.0,53761.0,18512.0,105944.0,18953.0,225481.0,38276.0,129940.0,29792.0,5963,839,2144,200,2.78,0.21,289,152,5944,839,06073017043,tract,2023,0.04862045760430687,217418.4235074627,1.1271335364185837
Census Tract 170.44; San Diego County; California,06,073,017044,197917.0,35755.0,425424200.0,61026680.0,60810.0,14794.0,104600.0,20767.0,221510.0,43677.0,156991.0,98826.0,5584,581,1880,135,2.97,0.17,157,102,5584,581,06073017044,tract,2023,0.028116045845272206,226289.46808510637,1.1433553867788335
Census Tract 170.45; San Diego County; California,06,073,017045,228250.0,25118.0,199862000.0,20735182.0,69607.0,23223.0,124200.0,17390.0,226250.0,23630.0,250001.0,,2276,210,797,66,2.86,0.18,45,32,2276,210,06073017045,tract,2023,0.01977152899824253,250767.87954830614,1.0986544558523819
Census Tract 170.46; San Diego County; California,06,073,017046,174526.0,27953.0,319219200.0,43331150.0,55560.0,17340.0,96722.0,28730.0,186958.0,30896.0,135682.0,25337.0,3858,481,1401,144,2.74,0.18,134,99,3858,481,06073017046,tract,2023,0.03473302229134267,227850.9635974304,1.3055416591076998
Census Tract 170.47; San Diego County; California,06,073,017047,180729.0,20788.0,315337700.0,40605689.0,55537.0,14189.0,83985.0,16066.0,172237.0,26195.0,248438.0,51902.0,4500,592,1523,180,2.95,0.16,30,35,4485,592,06073017047,tract,2023,0.006688963210702341,207050.36112934997,1.1456399422856873
Census Tract 170.48; San Diego County; California,06,073,017048,98036.0,18727.0,270896700.0,34466774.0,32608.0,7681.0,50744.0,8338.0,153008.0,15231.0,71563.0,26369.0,6281,527,2155,128,2.91,0.21,487,339,6281,527,06073017048,tract,2023,0.07753542429549434,125706.1252900232,1.2822445355790038
Census Tract 170.49; San Diego County; California,06,073,017049,107917.0,18966.0,108452800.0,14601782.0,13787.0,12593.0,39571.0,38778.0,117120.0,20125.0,87386.0,19191.0,2793,321,922,111,3.01,0.38,255,91,2793,321,06073017049,tract,2023,0.09129967776584318,117627.76572668113,1.0899836515718666
Census Tract 170.50; San Diego County; California,06,073,017050,108424.0,16091.0,153856600.0,34671897.0,,,30083.0,9941.0,160294.0,34106.0,46042.0,24692.0,2958,456,1019,119,2.83,0.26,343,222,2892,456,06073017050,tract,2023,0.11860304287690179,150987.83120706576,1.3925683539351597
Census Tract 170.51; San Diego County; California,06,073,017051,129468.0,12873.0,318510600.0,49047692.0,43189.0,10777.0,78113.0,19096.0,130117.0,12500.0,120333.0,30694.0,4813,671,2157,243,2.23,0.19,201,128,4813,671,06073017051,tract,2023,0.041761894868065655,147663.69958275382,1.1405420612255832
Census Tract 170.52; San Diego County; California,06,073,017052,126588.0,28614.0,323143300.0,53987140.0,45334.0,12654.0,69747.0,20638.0,114671.0,44281.0,137986.0,36899.0,4921,656,2086,246,2.36,0.2,24,28,4921,656,06073017052,tract,2023,0.004877057508636456,154910.49856184085,1.2237376256978612
Census Tract 170.53; San Diego County; California,06,073,017053,210104.0,38283.0,285552700.0,45679376.0,57350.0,14321.0,82336.0,30732.0,217500.0,37978.0,178493.0,13748.0,3687,379,1191,147,3.07,0.16,58,41,3682,379,06073017053,tract,2023,0.015752308527973928,239758.7741393787,1.141143310643199
Census Tract 170.54; San Diego County; California,06,073,017054,159044.0,32706.0,361519600.0,84484223.0,30548.0,9879.0,54327.0,13891.0,171440.0,14782.0,74615.0,37899.0,5839,758,1973,222,2.72,0.16,159,157,5540,758,06073017054,tract,2023,0.028700361010830323,183233.45159655347,1.1520928271205042
Census Tract 170.55; San Diego County; California,06,073,017055,159434.0,25579.0,353239900.0,41747043.0,63727.0,13310.0,103316.0,14338.0,159545.0,24667.0,159355.0,40690.0,5037,616,1886,218,2.67,0.25,88,57,4994,610,06073017055,tract,2023,0.01762114537444934,187295.81124072112,1.1747545143490166
Census Tract 170.56; San Diego County; California,06,073,017056,111167.0,26266.0,255345300.0,31343041.0,36554.0,9579.0,60432.0,16486.0,191827.0,79826.0,89702.0,16061.0,4321,471,1794,156,2.31,0.19,316,181,4146,471,06073017056,tract,2023,0.07621804148576941,142332.9431438127,1.2803524710014007
Census Tract 170.57; San Diego County; California,06,073,017057,173750.0,31833.0,281588500.0,58213318.0,34450.0,19097.0,80905.0,41425.0,187454.0,28396.0,146875.0,50987.0,3831,713,1498,266,2.55,0.18,161,91,3830,713,06073017057,tract,2023,0.04203655352480418,187976.30173564752,1.081877995600849
Census Tract 170.58; San Diego County; California,06,073,017058,139076.0,35504.0,272850000.0,88320768.0,25365.0,9625.0,50667.0,9409.0,139145.0,23383.0,138750.0,77746.0,4284,825,1861,374,2.3,0.17,233,140,4284,825,06073017058,tract,2023,0.05438842203548086,146614.72326706073,1.0542057814940085
Census Tract 170.59; San Diego County; California,06,073,017059,89516.0,18805.0,177674600.0,30726242.0,19508.0,5269.0,32208.0,11208.0,96250.0,19310.0,,,3498,492,1614,170,2.17,0.18,338,197,3498,492,06073017059,tract,2023,0.09662664379645512,110083.39529120199,1.2297622245319495
Census Tract 170.60; San Diego County; California,06,073,017060,121205.0,48224.0,257425400.0,76519766.0,30071.0,11191.0,57750.0,23686.0,127875.0,60323.0,,,3222,717,1325,193,2.43,0.32,303,177,3222,717,06073017060,tract,2023,0.09404096834264432,194283.320754717,1.6029315684560619
Census Tract 170.61; San Diego County; California,06,073,017061,160126.0,36165.0,356222600.0,82122970.0,17008.0,9579.0,34154.0,37112.0,161970.0,37414.0,,,3335,844,1364,184,2.45,0.37,300,213,3335,844,06073017061,tract,2023,0.08995502248875563,261160.26392961876,1.6309672628406302
Census Tract 170.62; San Diego County; California,06,073,017062,246078.0,62616.0,502197500.0,94964378.0,66302.0,36518.0,123042.0,45448.0,245049.0,90557.0,250001.0,,4976,732,1578,169,3.13,0.31,129,109,4976,732,06073017062,tract,2023,0.02592443729903537,318249.36628643854,1.2932865444551669
Census Tract 170.63; San Diego County; California,06,073,017063,121015.0,16094.0,246811300.0,40354413.0,40877.0,12334.0,64000.0,16636.0,121923.0,32935.0,111208.0,46627.0,4346,609,1563,172,2.71,0.25,106,101,4228,609,06073017063,tract,2023,0.025070955534531692,157908.701215611,1.3048688279602612
Census Tract 170.64; San Diego County; California,06,073,017064,208167.0,91000.0,579406300.0,197252937.0,76865.0,22978.0,118014.0,26895.0,225833.0,112116.0,,,8518,2852,2252,493,3.78,0.54,63,106,8518,2852,06073017064,tract,2023,0.007396102371448697,257285.21314387213,1.2359558102094574
Census Tract 170.65; San Diego County; California,06,073,017065,192317.0,35297.0,816252200.0,235329158.0,41263.0,17191.0,76189.0,33342.0,250001.0,,61645.0,20979.0,10060,1840,3101,531,3.24,0.21,356,294,10060,1840,06073017065,tract,2023,0.035387673956262425,263222.2508868107,1.3686894600415498
Census Tract 170.66; San Diego County; California,06,073,017066,197794.0,55285.0,503685000.0,124203470.0,48888.0,40428.0,99940.0,57594.0,219538.0,63596.0,,,5405,608,1772,117,3.05,0.3,547,615,5405,608,06073017066,tract,2023,0.10120259019426457,284246.6139954853,1.4370841076851941
Census Tract 170.67; San Diego County; California,06,073,017067,223977.0,20623.0,205598800.0,31744016.0,26426.0,12797.0,61526.0,28916.0,246583.0,43580.0,29211.0,17413.0,2894,278,863,63,3.29,0.17,220,93,2888,278,06073017067,tract,2023,0.07617728531855955,238237.31170336038,1.0636686432239042
Census Tract 170.68; San Diego County; California,06,073,017068,145313.0,25357.0,341622500.0,62802899.0,43881.0,18359.0,86712.0,21418.0,201146.0,61947.0,118083.0,27067.0,4736,629,1788,258,2.65,0.17,215,123,4736,629,06073017068,tract,2023,0.04539695945945946,191064.0380313199,1.3148447697819183
Census Tract 170.69; San Diego County; California,06,073,017069,186625.0,34947.0,157957200.0,28286280.0,46378.0,16328.0,69931.0,38157.0,195536.0,51939.0,182132.0,50120.0,2337,332,801,63,2.92,0.29,46,43,2337,332,06073017069,tract,2023,0.019683354728284124,197200.0,1.056664434025452
Census Tract 170.70; San Diego County; California,06,073,017070,195865.0,42750.0,385762600.0,54627459.0,37610.0,19895.0,75556.0,29856.0,250001.0,,100216.0,34940.0,5322,505,1565,120,3.4,0.25,254,180,5322,505,06073017070,tract,2023,0.04772641863960917,246493.67412140575,1.2584876017737001
Census Tract 170.71; San Diego County; California,06,073,017071,194196.0,86378.0,385863100.0,91326865.0,49269.0,15594.0,76426.0,38589.0,231431.0,20938.0,116681.0,38882.0,5485,1239,1791,359,2.91,0.41,61,70,5219,1239,06073017071,tract,2023,0.011688062847288752,215445.6169737577,1.1094235564777735
Census Tract 171.04; San Diego County; California,06,073,017104,136468.0,9768.0,328399400.0,77462807.0,36467.0,16657.0,75000.0,23796.0,167708.0,32810.0,87723.0,19828.0,3748,464,1400,147,2.67,0.22,214,159,3734,455,06073017104,tract,2023,0.05731119442956615,234571.0,1.718871823431134
Census Tract 171.06; San Diego County; California,06,073,017106,242625.0,25416.0,552955000.0,125431661.0,44094.0,20826.0,80632.0,38155.0,243594.0,27224.0,171065.0,86012.0,4331,620,1564,198,2.73,0.24,144,68,4331,620,06073017106,tract,2023,0.0332486723620411,353551.79028132994,1.457194395801463
Census Tract 171.07; San Diego County; California,06,073,017107,199063.0,37188.0,237564100.0,41594777.0,51715.0,15317.0,102542.0,27775.0,199766.0,36796.0,,,3146,527,1046,156,3.01,0.2,157,114,3146,527,06073017107,tract,2023,0.04990464081373172,227116.73040152964,1.1409289039225252
Census Tract 171.08; San Diego County; California,06,073,017108,165893.0,36417.0,344677600.0,44827679.0,49239.0,9146.0,78100.0,17883.0,179013.0,38718.0,134524.0,64115.0,4336,457,1627,166,2.67,0.17,237,153,4336,457,06073017108,tract,2023,0.05465867158671587,211848.55562384758,1.2770192571347048
Census Tract 171.09; San Diego County; California,06,073,017109,237402.0,56676.0,575149500.0,67243641.0,62145.0,20871.0,101778.0,26926.0,250001.0,,110547.0,62184.0,6400,571,2104,158,3.04,0.16,88,94,6400,571,06073017109,tract,2023,0.01375,273360.0285171103,1.1514647244636114
Census Tract 171.11; San Diego County; California,06,073,017111,195667.0,58839.0,582467700.0,187834272.0,,,102182.0,91815.0,208500.0,64651.0,,,4321,1354,1672,309,2.57,0.42,82,59,4321,1354,06073017111,tract,2023,0.01897708863688961,348365.84928229667,1.780401648117959
Census Tract 171.12; San Diego County; California,06,073,017112,201667.0,104735.0,193715400.0,38801498.0,93211.0,18726.0,129036.0,16965.0,219167.0,101137.0,,,2268,293,668,78,3.39,0.29,55,51,2222,265,06073017112,tract,2023,0.024752475247524754,289993.1137724551,1.437980005516297
Census Tract 171.13; San Diego County; California,06,073,017113,125595.0,22086.0,358138100.0,62635830.0,42600.0,9603.0,66650.0,15349.0,189485.0,63114.0,98365.0,43481.0,5544,1095,1816,224,3.04,0.33,64,45,5542,1095,06073017113,tract,2023,0.01154817755322988,197212.6101321586,1.5702266024297034
Census Tract 172.01; San Diego County; California,06,073,017201,193348.0,51992.0,318857600.0,106772256.0,33176.0,26699.0,62328.0,86590.0,194698.0,51714.0,156172.0,110745.0,2266,318,1175,184,1.93,0.15,65,61,2266,318,06073017201,tract,2023,0.028684907325684024,271368.170212766,1.4035219925355626
Census Tract 172.02; San Diego County; California,06,073,017202,179018.0,61976.0,187586300.0,42200497.0,48733.0,27634.0,103902.0,19533.0,210341.0,82272.0,146333.0,110029.0,1655,318,715,147,2.31,0.16,31,40,1648,319,06073017202,tract,2023,0.018810679611650484,262358.46153846156,1.4655423562907728
Census Tract 173.03; San Diego County; California,06,073,017303,119558.0,34802.0,326903500.0,84031773.0,34586.0,17528.0,60230.0,6767.0,146786.0,74574.0,82222.0,51439.0,3582,730,1340,236,2.67,0.48,193,135,3582,730,06073017303,tract,2023,0.053880513679508656,243957.83582089553,2.0404977987327952
Census Tract 173.05; San Diego County; California,06,073,017305,168889.0,13392.0,298087000.0,44773950.0,45328.0,7954.0,66687.0,19664.0,169493.0,35158.0,168250.0,45719.0,3344,536,1326,198,2.52,0.25,180,103,3344,536,06073017305,tract,2023,0.05382775119617225,224801.65912518854,1.3310615796481033
Census Tract 173.06; San Diego County; California,06,073,017306,224514.0,30396.0,312000800.0,48745491.0,58143.0,11520.0,95250.0,36943.0,238152.0,22511.0,110486.0,44283.0,2564,210,1104,112,2.32,0.14,17,20,2564,210,06073017306,tract,2023,0.006630265210608425,282609.4202898551,1.258760791264042
Census Tract 173.07; San Diego County; California,06,073,017307,143417.0,27768.0,202180700.0,56058467.0,28057.0,14563.0,59417.0,20040.0,144500.0,38149.0,131339.0,70629.0,2158,353,1019,165,2.12,0.24,121,64,2158,353,06073017307,tract,2023,0.056070435588507876,198410.8930323847,1.3834544930683579
Census Tract 173.08; San Diego County; California,06,073,017308,113239.0,55805.0,179369300.0,40825030.0,7811.0,11930.0,29350.0,33214.0,178945.0,104889.0,72266.0,66863.0,2288,344,1132,168,2.02,0.24,211,127,2288,344,06073017308,tract,2023,0.09222027972027973,158453.44522968197,1.3992833319764566
Census Tract 174.03; San Diego County; California,06,073,017403,151518.0,43060.0,339330300.0,51369133.0,28923.0,8049.0,48776.0,17175.0,152411.0,58922.0,119219.0,96769.0,4339,409,1891,159,2.29,0.17,90,70,4339,409,06073017403,tract,2023,0.020742106476146577,179444.8968799577,1.1843140543035
Census Tract 174.05; San Diego County; California,06,073,017405,138403.0,39747.0,231097000.0,35554656.0,30152.0,6806.0,34793.0,24883.0,147386.0,57922.0,,,4446,1738,1382,300,3.22,0.65,1370,1793,4446,1738,06073017405,tract,2023,0.3081421502474134,167219.2474674385,1.2082053674229496
Census Tract 174.06; San Diego County; California,06,073,017406,161331.0,36883.0,237261600.0,32836592.0,43495.0,11010.0,67455.0,15883.0,202443.0,26840.0,92938.0,38912.0,2929,405,1173,124,2.4,0.23,129,106,2876,405,06073017406,tract,2023,0.044853963838664815,202269.0537084399,1.253751936753878
Census Tract 174.07; San Diego County; California,06,073,017407,192468.0,33245.0,356675000.0,57082164.0,48544.0,26153.0,96714.0,34069.0,211979.0,42066.0,166930.0,17344.0,3282,497,1299,140,2.53,0.23,78,82,3282,497,06073017407,tract,2023,0.02376599634369287,274576.597382602,1.4266090850562274
Census Tract 174.08; San Diego County; California,06,073,017408,119028.0,32729.0,193504100.0,32345812.0,36843.0,13642.0,59645.0,23374.0,124896.0,116601.0,115795.0,35543.0,2530,359,1133,105,2.23,0.26,132,153,2530,359,06073017408,tract,2023,0.05217391304347826,170789.1438658429,1.43486527427028
Census Tract 175.01; San Diego County; California,06,073,017501,145357.0,33912.0,246395300.0,66808701.0,35960.0,13156.0,72893.0,28709.0,120313.0,37918.0,152738.0,29315.0,2750,464,1318,211,2.02,0.15,232,140,2750,464,06073017501,tract,2023,0.08436363636363636,186946.35811836115,1.2861187154272664
Census Tract 175.02; San Diego County; California,06,073,017502,118611.0,47473.0,235866900.0,42170837.0,33234.0,13418.0,63683.0,14342.0,127014.0,53491.0,95724.0,65757.0,3371,400,1328,179,2.38,0.17,321,191,3164,399,06073017502,tract,2023,0.10145385587863463,177610.6174698795,1.497421128477793
Census Tract 176.01; San Diego County; California,06,073,017601,171310.0,29885.0,508161100.0,92632155.0,34802.0,11507.0,66628.0,33645.0,182500.0,65459.0,124286.0,53376.0,5221,456,2118,182,2.36,0.16,200,128,5001,456,06073017601,tract,2023,0.03999200159968006,239924.97639282342,1.4005310629433392
Census Tract 176.03; San Diego County; California,06,073,017603,182361.0,42295.0,242281300.0,42681060.0,51089.0,16390.0,92714.0,16017.0,209097.0,42690.0,124878.0,55890.0,2941,488,1093,137,2.68,0.19,84,50,2941,488,06073017603,tract,2023,0.02856171370282217,221666.33119853615,1.2155358393435884
Census Tract 176.05; San Diego County; California,06,073,017605,135797.0,31888.0,300631100.0,72392814.0,24095.0,10093.0,43106.0,18945.0,250001.0,,93824.0,70549.0,3745,587,1301,172,2.76,0.22,258,215,3600,586,06073017605,tract,2023,0.07166666666666667,231076.94081475787,1.7016350936674438
Census Tract 176.06; San Diego County; California,06,073,017606,97412.0,13364.0,203016700.0,41875059.0,17955.0,9802.0,40127.0,15049.0,95969.0,15223.0,104018.0,20228.0,3600,471,1654,227,2.18,0.19,216,142,3600,471,06073017606,tract,2023,0.06,122742.86577992745,1.2600384529619293
Census Tract 177.01; San Diego County; California,06,073,017701,124833.0,25344.0,393843700.0,71373963.0,26867.0,12732.0,53946.0,8448.0,179514.0,70656.0,109187.0,13654.0,5706,697,2378,265,2.4,0.17,562,225,5706,697,06073017701,tract,2023,0.09849281458114266,165619.72245584524,1.32673029131596
Census Tract 177.02; San Diego County; California,06,073,017702,144559.0,35790.0,280100800.0,69189182.0,38779.0,9906.0,64686.0,12600.0,166188.0,24824.0,124205.0,40076.0,3264,502,1338,163,2.44,0.24,146,74,3264,502,06073017702,tract,2023,0.044730392156862746,209342.89985052316,1.4481485058040189
Census Tract 178.01; San Diego County; California,06,073,017801,115711.0,14529.0,416881900.0,66794760.0,23656.0,8392.0,43345.0,12151.0,150727.0,42561.0,77992.0,45564.0,7195,757,2855,320,2.52,0.16,561,391,7195,757,06073017801,tract,2023,0.07797081306462822,146018.17863397548,1.2619213267016574
Census Tract 178.08; San Diego County; California,06,073,017808,158922.0,22414.0,529625400.0,99104291.0,44246.0,11175.0,76333.0,24841.0,168625.0,23629.0,113000.0,63799.0,5802,671,2288,250,2.53,0.17,172,174,5780,670,06073017808,tract,2023,0.02975778546712803,231479.63286713287,1.4565612870913585
Census Tract 178.09; San Diego County; California,06,073,017809,114500.0,23633.0,158211000.0,24102934.0,37546.0,10633.0,64800.0,16141.0,179583.0,58657.0,80341.0,27534.0,2479,340,894,87,2.77,0.24,111,68,2479,340,06073017809,tract,2023,0.04477611940298507,176969.79865771811,1.5455877612027782
Census Tract 178.10; San Diego County; California,06,073,017810,145188.0,72262.0,363715600.0,68114653.0,28029.0,8889.0,50527.0,7662.0,172679.0,32445.0,70000.0,20888.0,4983,694,2014,240,2.47,0.19,202,121,4963,690,06073017810,tract,2023,0.04070118879709853,180593.64448857994,1.243860680556106
Census Tract 178.11; San Diego County; California,06,073,017811,167287.0,17860.0,488791900.0,48733048.0,27489.0,16477.0,63451.0,33809.0,210052.0,52519.0,150469.0,54096.0,6590,567,2682,262,2.46,0.17,342,201,6542,577,06073017811,tract,2023,0.05227759095077958,182249.03057419835,1.089439290406298
Census Tract 178.13; San Diego County; California,06,073,017813,132299.0,31997.0,323833300.0,62344779.0,33257.0,8717.0,57750.0,19471.0,158625.0,37604.0,131196.0,38261.0,4551,815,1669,208,2.73,0.25,458,287,4551,815,06073017813,tract,2023,0.1006372225884421,194028.34032354705,1.4665896214147276
Census Tract 179.01; San Diego County; California,06,073,017901,72901.0,8150.0,182759200.0,32817254.0,16462.0,4307.0,26667.0,13840.0,88529.0,83219.0,71676.0,6597.0,3956,692,1900,226,2.05,0.21,391,320,3899,693,06073017901,tract,2023,0.1002821236214414,96189.05263157895,1.3194476431266917
Census Tract 179.02; San Diego County; California,06,073,017902,72863.0,40191.0,128351500.0,27479789.0,12171.0,13086.0,23769.0,2520.0,107738.0,60290.0,,,2869,763,1303,317,2.19,0.25,649,708,2869,763,06073017902,tract,2023,0.2262112234227954,98504.60475825019,1.3519153034908005
Census Tract 180; San Diego County; California,06,073,018000,96103.0,16188.0,249521000.0,54684492.0,19592.0,8703.0,42071.0,16826.0,,,96287.0,14578.0,3451,430,1798,187,1.91,0.15,239,113,3429,430,06073018000,tract,2023,0.06969962088072325,138776.9744160178,1.4440441444701808
Census Tract 181.01; San Diego County; California,06,073,018101,116215.0,9826.0,187200100.0,33653651.0,23601.0,10928.0,36667.0,33472.0,115759.0,37060.0,116512.0,29887.0,3416,438,1315,234,2.6,0.24,231,184,3406,437,06073018101,tract,2023,0.06782149148561362,142357.49049429657,1.224949365351259
Census Tract 181.02; San Diego County; California,06,073,018102,87976.0,40835.0,139720100.0,37819078.0,19051.0,3602.0,23599.0,7687.0,176667.0,83862.0,58726.0,34100.0,2525,461,1240,291,2.0,0.31,211,123,2525,461,06073018102,tract,2023,0.08356435643564357,112677.5,1.2807754387560244
Census Tract 182.01; San Diego County; California,06,073,018201,75707.0,11222.0,134954200.0,50226375.0,,,25296.0,14001.0,136319.0,102227.0,70070.0,19104.0,3024,404,1226,180,2.47,0.25,383,243,3024,404,06073018201,tract,2023,0.12665343915343916,110076.83523654159,1.4539849054452243
Census Tract 182.02; San Diego County; California,06,073,018202,82875.0,21519.0,127566700.0,25722225.0,20185.0,11348.0,38953.0,6357.0,164375.0,40377.0,54919.0,35654.0,3520,822,1175,190,2.87,0.39,516,291,3520,822,06073018202,tract,2023,0.14659090909090908,108567.40425531915,1.3100139276659928
Census Tract 183.01; San Diego County; California,06,073,018301,72230.0,45503.0,63648200.0,19310749.0,23065.0,8300.0,39077.0,14007.0,71917.0,54392.0,95234.0,91541.0,889,192,536,130,1.66,0.18,33,35,889,192,06073018301,tract,2023,0.03712035995500562,118746.64179104478,1.64400722402111
Census Tract 183.02; San Diego County; California,06,073,018302,67955.0,11810.0,68254300.0,19166177.0,17260.0,5207.0,27143.0,7740.0,92391.0,70121.0,60724.0,15220.0,1263,245,680,122,1.86,0.16,148,95,1263,245,06073018302,tract,2023,0.11718131433095803,100373.9705882353,1.4770652724337474
Census Tract 184; San Diego County; California,06,073,018400,80844.0,16996.0,142361000.0,28579386.0,9668.0,4988.0,19240.0,7439.0,129028.0,34423.0,65607.0,20245.0,3497,416,1622,197,2.06,0.14,617,199,3497,416,06073018400,tract,2023,0.17643694595367457,87768.803945746,1.0856563745701102
Census Tract 185.04; San Diego County; California,06,073,018504,82279.0,18524.0,302015000.0,56554269.0,33231.0,8395.0,49515.0,13702.0,132500.0,32162.0,69211.0,19188.0,6775,1337,2418,318,2.79,0.34,271,231,6747,1343,06073018504,tract,2023,0.04016599970357196,124902.81224152193,1.5180399888370293
Census Tract 185.09; San Diego County; California,06,073,018509,61343.0,3284.0,136506700.0,21894050.0,15784.0,5708.0,26550.0,12977.0,110875.0,42538.0,57163.0,9034.0,5242,773,1834,235,2.83,0.26,1187,431,5212,754,06073018509,tract,2023,0.22774366845740598,74431.13413304253,1.213359863929748
Census Tract 185.10; San Diego County; California,06,073,018510,56071.0,25140.0,84338200.0,15920866.0,11505.0,7320.0,25211.0,8553.0,92656.0,60127.0,27271.0,3313.0,2733,387,1050,110,2.59,0.18,538,202,2726,387,06073018510,tract,2023,0.19735876742479824,80322.09523809524,1.4325069151271643
Census Tract 185.11; San Diego County; California,06,073,018511,75356.0,13992.0,189310600.0,50901022.0,17005.0,8240.0,31802.0,15117.0,91563.0,19139.0,65403.0,24529.0,4394,547,1873,239,2.34,0.21,851,409,4394,547,06073018511,tract,2023,0.19367319071461084,101073.46502936466,1.3412795932555424
Census Tract 185.12; San Diego County; California,06,073,018512,54954.0,14834.0,146049900.0,28103016.0,11170.0,8223.0,24520.0,10944.0,54468.0,15224.0,60469.0,27547.0,3585,688,2006,266,1.79,0.2,417,219,3585,688,06073018512,tract,2023,0.11631799163179916,72806.53040877367,1.3248631657163021
Census Tract 185.15; San Diego County; California,06,073,018515,116042.0,20643.0,273008400.0,34893925.0,36242.0,8428.0,61071.0,14651.0,122005.0,37574.0,100438.0,24768.0,5146,739,1860,169,2.77,0.24,127,69,5146,739,06073018515,tract,2023,0.024679362611737272,146778.70967741936,1.264875731867939
Census Tract 185.16; San Diego County; California,06,073,018516,107440.0,29610.0,164412700.0,25735284.0,33533.0,12372.0,57421.0,19464.0,113250.0,49446.0,104801.0,31984.0,3957,565,1257,130,3.14,0.27,251,87,3932,565,06073018516,tract,2023,0.06383519837232961,130797.69291964996,1.2174022051344933
Census Tract 185.17; San Diego County; California,06,073,018517,90478.0,15524.0,228377600.0,69797918.0,20463.0,7312.0,42972.0,9579.0,102353.0,28763.0,83750.0,25082.0,4014,650,1797,174,2.23,0.2,224,105,4014,650,06073018517,tract,2023,0.05580468360737419,127088.25820812465,1.4046316033524686
Census Tract 185.18; San Diego County; California,06,073,018518,103317.0,19661.0,109558800.0,30656863.0,29145.0,11137.0,52622.0,16424.0,110500.0,52873.0,71152.0,10691.0,3315,935,889,136,3.71,0.72,131,76,3297,934,06073018518,tract,2023,0.0397330906885047,123238.24521934758,1.192816721539994
Census Tract 185.19; San Diego County; California,06,073,018519,79851.0,11902.0,140561700.0,17696495.0,39507.0,8143.0,59900.0,8126.0,108523.0,45566.0,78588.0,3735.0,6001,903,1373,161,4.23,0.31,341,191,5757,899,06073018519,tract,2023,0.05923223901337502,102375.60087399854,1.2820828903081807
Census Tract 185.20; San Diego County; California,06,073,018520,93087.0,9349.0,164806500.0,22442849.0,31178.0,10436.0,56083.0,9511.0,95245.0,10811.0,91250.0,23003.0,5394,494,1547,130,3.48,0.21,255,126,5394,494,06073018520,tract,2023,0.047274749721913235,106532.96703296703,1.1444451645553841
Census Tract 185.21; San Diego County; California,06,073,018521,110156.0,15222.0,237584100.0,30913115.0,23518.0,8183.0,45803.0,13303.0,113333.0,62397.0,79821.0,52753.0,5427,755,1648,143,3.26,0.4,285,161,5366,732,06073018521,tract,2023,0.05311218784942229,144165.10922330097,1.3087358766050055
Census Tract 185.22; San Diego County; California,06,073,018522,124119.0,21531.0,262464800.0,40697399.0,44349.0,17228.0,73384.0,9107.0,153495.0,17355.0,76250.0,34307.0,5036,473,1793,187,2.8,0.2,153,110,5036,473,06073018522,tract,2023,0.030381254964257347,146383.04517568322,1.1793766077367946
Census Tract 185.23; San Diego County; California,06,073,018523,102065.0,33499.0,260174200.0,64459037.0,25545.0,7485.0,39510.0,15336.0,118932.0,37626.0,97708.0,53854.0,4871,847,1998,266,2.39,0.2,202,129,4837,838,06073018523,tract,2023,0.04176142236923713,130217.31731731731,1.2758273386304542
Census Tract 185.24; San Diego County; California,06,073,018524,89779.0,26010.0,180383000.0,54770308.0,,,31547.0,8057.0,101750.0,29877.0,81916.0,33039.0,3660,827,1282,193,2.85,0.31,704,795,3660,827,06073018524,tract,2023,0.1923497267759563,140704.368174727,1.567230289652669
Census Tract 185.25; San Diego County; California,06,073,018525,159688.0,33856.0,232333300.0,41836373.0,52405.0,10843.0,80177.0,13518.0,173750.0,30381.0,90643.0,62935.0,4003,429,1401,153,2.85,0.2,139,95,3958,433,06073018525,tract,2023,0.03511874684183931,165833.90435403283,1.0384869517686541
Census Tract 186.01; San Diego County; California,06,073,018601,116842.0,26997.0,201369200.0,24391420.0,47087.0,10664.0,71633.0,10003.0,142667.0,22535.0,89722.0,24419.0,4648,581,1438,124,3.2,0.25,153,80,4633,579,06073018601,tract,2023,0.033023958558169655,140034.21418636997,1.1984921020383934
Census Tract 186.08; San Diego County; California,06,073,018608,127315.0,17332.0,141443100.0,23819724.0,43821.0,10144.0,67900.0,18684.0,127176.0,24035.0,137656.0,37207.0,3327,506,1004,102,3.31,0.36,80,59,3315,499,06073018608,tract,2023,0.024132730015082957,140879.58167330676,1.1065434683525646
Census Tract 186.09; San Diego County; California,06,073,018609,83807.0,15817.0,179490900.0,26478765.0,16480.0,8992.0,35764.0,13503.0,96875.0,25962.0,56630.0,54334.0,6374,810,1834,169,3.46,0.31,901,459,6356,803,06073018609,tract,2023,0.14175582127123978,97868.5387131952,1.1677847758921713
Census Tract 186.12; San Diego County; California,06,073,018612,143333.0,17490.0,219555400.0,62851530.0,41696.0,16435.0,77352.0,18420.0,168242.0,57010.0,106406.0,59495.0,5047,933,1412,258,3.42,0.39,516,320,5047,933,06073018612,tract,2023,0.10223895383396077,155492.49291784703,1.08483386880793
Census Tract 186.13; San Diego County; California,06,073,018613,88450.0,6153.0,122012100.0,15095698.0,29700.0,10576.0,46714.0,21989.0,90521.0,18587.0,88024.0,18381.0,3801,534,1229,105,3.09,0.27,188,121,3777,536,06073018613,tract,2023,0.04977495366693143,99277.54271765663,1.1224142760616918
Census Tract 186.15; San Diego County; California,06,073,018615,66580.0,12907.0,78108900.0,18841828.0,31021.0,10501.0,47541.0,8381.0,77061.0,28258.0,65741.0,8654.0,3191,1384,863,228,3.7,0.74,262,212,3160,1384,06073018615,tract,2023,0.08291139240506329,90508.57473928158,1.359395835675602
Census Tract 186.16; San Diego County; California,06,073,018616,66733.0,15323.0,112851900.0,17923551.0,14787.0,6230.0,27952.0,11072.0,83607.0,35829.0,63529.0,31265.0,3333,607,1494,202,2.19,0.29,372,210,3141,547,06073018616,tract,2023,0.11843361986628462,75536.7469879518,1.1319249395044702
Census Tract 186.17; San Diego County; California,06,073,018617,130500.0,30960.0,157917200.0,24430009.0,50096.0,12272.0,82307.0,11593.0,126346.0,25863.0,174444.0,118286.0,3335,383,988,85,3.37,0.33,225,114,3324,378,06073018617,tract,2023,0.06768953068592058,159835.2226720648,1.2247909783299984
Census Tract 186.18; San Diego County; California,06,073,018618,76573.0,16271.0,81846500.0,15865412.0,12968.0,9591.0,27173.0,38631.0,76058.0,31908.0,76944.0,20499.0,3982,721,963,98,4.13,0.49,547,197,3982,721,06073018618,tract,2023,0.13736815670517327,84991.17341640707,1.1099365757696193
Census Tract 186.19; San Diego County; California,06,073,018619,173072.0,17932.0,295537100.0,40270117.0,54479.0,12674.0,93545.0,35467.0,172092.0,16897.0,187762.0,52911.0,4941,673,1563,175,3.16,0.25,68,62,4941,673,06073018619,tract,2023,0.013762396276057479,189083.2373640435,1.0925120028892226
Census Tract 186.20; San Diego County; California,06,073,018620,83333.0,58984.0,63696400.0,14282952.0,23678.0,30035.0,65233.0,38536.0,79658.0,44190.0,135658.0,100106.0,2095,392,606,63,3.42,0.56,124,72,2095,392,06073018620,tract,2023,0.05918854415274463,105109.57095709571,1.2613198967647357
Census Tract 186.21; San Diego County; California,06,073,018621,115250.0,62830.0,59368600.0,15141049.0,24351.0,15953.0,41446.0,10091.0,117250.0,57393.0,,,1979,380,567,90,3.48,0.44,111,57,1824,371,06073018621,tract,2023,0.06085526315789474,104706.52557319224,0.9085164908736854
Census Tract 186.22; San Diego County; California,06,073,018622,75085.0,7426.0,154137400.0,36579732.0,13144.0,4015.0,21449.0,3836.0,61250.0,12400.0,76349.0,20393.0,5008,936,1868,319,2.68,0.31,1021,633,4992,933,06073018622,tract,2023,0.20452724358974358,82514.66809421842,1.0989500978120585
Census Tract 187; San Diego County; California,06,073,018700,62998.0,5020.0,511951600.0,62906076.0,19126.0,6453.0,33830.0,6130.0,,,63294.0,4900.0,40481,2191,6992,729,3.19,0.22,2021,987,22295,2177,06073018700,tract,2023,0.09064812738282126,73219.62242562929,1.1622531259028746
Census Tract 188.01; San Diego County; California,06,073,018801,101625.0,21514.0,147096100.0,27512935.0,27582.0,11243.0,47347.0,15620.0,113438.0,15914.0,89107.0,41987.0,3454,524,1245,138,2.76,0.19,349,176,3451,524,06073018801,tract,2023,0.10113010721529991,118149.47791164658,1.162602488675489
Census Tract 188.03; San Diego County; California,06,073,018803,101161.0,7253.0,271526100.0,42421611.0,21207.0,9261.0,40922.0,10357.0,114750.0,16769.0,62115.0,16737.0,4697,594,1843,172,2.54,0.23,718,489,4660,578,06073018803,tract,2023,0.15407725321888413,147328.32338578405,1.4563747233200943
Census Tract 188.04; San Diego County; California,06,073,018804,126161.0,29427.0,317847600.0,65041958.0,35056.0,19543.0,71550.0,31939.0,119226.0,28102.0,174229.0,73645.0,4928,483,2062,263,2.38,0.16,62,57,4928,483,06073018804,tract,2023,0.012581168831168832,154145.29582929195,1.2218141567464744
Census Tract 188.05; San Diego County; California,06,073,018805,135717.0,15326.0,230089700.0,65843592.0,31922.0,13497.0,59481.0,18553.0,136037.0,11836.0,123125.0,45885.0,3977,1138,1478,209,2.66,0.43,182,138,3977,1138,06073018805,tract,2023,0.045763138043751574,155676.38700947227,1.1470662261136944
Census Tract 189.03; San Diego County; California,06,073,018903,73750.0,14840.0,152911300.0,20782566.0,22607.0,5865.0,36378.0,4777.0,91063.0,14672.0,42132.0,10776.0,5819,1138,1652,183,3.49,0.45,1807,1279,5805,1136,06073018903,tract,2023,0.3112833763996555,92561.3196125908,1.2550687405097058
Census Tract 189.04; San Diego County; California,06,073,018904,71307.0,19402.0,179154200.0,26401572.0,20353.0,6654.0,36609.0,5984.0,91919.0,13629.0,60634.0,22411.0,6535,948,1910,145,3.33,0.4,1094,735,6464,948,06073018904,tract,2023,0.1692450495049505,93798.0104712042,1.3154109760781436
Census Tract 189.05; San Diego County; California,06,073,018905,78975.0,22970.0,182441700.0,22039153.0,23476.0,6733.0,38450.0,11102.0,119268.0,32132.0,61078.0,9482.0,6095,703,1833,141,3.31,0.33,603,288,6095,703,06073018905,tract,2023,0.09893355209187858,99531.75122749592,1.2602944125039053
Census Tract 189.06; San Diego County; California,06,073,018906,76410.0,11222.0,191122700.0,23652964.0,23984.0,8590.0,38849.0,8245.0,110408.0,39422.0,61375.0,25741.0,6363,681,1923,173,3.31,0.26,650,436,6363,681,06073018906,tract,2023,0.10215307245010215,99387.77951118044,1.300716915471541
Census Tract 190.01; San Diego County; California,06,073,019001,128244.0,7760.0,319505400.0,52644158.0,27389.0,13481.0,65315.0,40611.0,129061.0,11091.0,,,6497,953,2217,259,2.91,0.19,513,331,6476,949,06073019001,tract,2023,0.07921556516368128,144116.10284167793,1.1237648766544863
Census Tract 190.02; San Diego County; California,06,073,019002,130987.0,12538.0,186228100.0,38009796.0,31745.0,12499.0,62838.0,17478.0,136429.0,19601.0,44265.0,12456.0,3818,517,1302,231,2.89,0.24,290,169,3764,517,06073019002,tract,2023,0.07704569606801276,143032.33486943165,1.0919582467682416
Census Tract 191.03; San Diego County; California,06,073,019103,115254.0,21707.0,279505000.0,45444727.0,31438.0,21749.0,68391.0,49786.0,116703.0,15841.0,,,5929,950,2022,298,2.93,0.25,546,464,5898,946,06073019103,tract,2023,0.09257375381485249,138231.94856577646,1.1993679053722774
Census Tract 191.05; San Diego County; California,06,073,019105,118636.0,31048.0,403536300.0,106929943.0,22342.0,10307.0,45716.0,12751.0,114144.0,23731.0,250001.0,,6577,827,2668,460,2.44,0.22,559,334,6577,827,06073019105,tract,2023,0.08499315797476054,151250.48725637182,1.274912229478167
Census Tract 191.07; San Diego County; California,06,073,019107,159375.0,60262.0,145506400.0,23135775.0,24860.0,9087.0,44531.0,11792.0,168800.0,36457.0,,,3018,387,950,61,3.18,0.3,220,94,3001,390,06073019107,tract,2023,0.07330889703432189,153164.63157894736,0.9610329824561403
Census Tract 191.08; San Diego County; California,06,073,019108,96621.0,6958.0,103579000.0,16474858.0,28937.0,14782.0,56688.0,17417.0,107188.0,41607.0,87841.0,41421.0,2344,325,832,93,2.82,0.23,263,150,2330,325,06073019108,tract,2023,0.1128755364806867,124493.99038461539,1.2884775606194863
Census Tract 191.09; San Diego County; California,06,073,019109,122083.0,36214.0,203789300.0,48585387.0,44162.0,15538.0,77000.0,41366.0,124738.0,33926.0,48587.0,8687.0,4300,984,1505,453,2.83,0.31,418,224,4296,984,06073019109,tract,2023,0.0972998137802607,135408.17275747508,1.1091484707737775
Census Tract 191.10; San Diego County; California,06,073,019110,130402.0,21734.0,231228200.0,44806564.0,27476.0,10875.0,58056.0,37260.0,135000.0,35845.0,79063.0,59241.0,5108,778,1465,149,3.47,0.33,338,166,4834,686,06073019110,tract,2023,0.06992139015308234,157834.94880546076,1.2103721477083231
Census Tract 191.11; San Diego County; California,06,073,019111,125366.0,20205.0,208632800.0,39334006.0,25941.0,8783.0,47833.0,24538.0,158846.0,53175.0,,,4504,797,1217,92,3.7,0.59,486,544,4477,790,06073019111,tract,2023,0.1085548358275631,171432.04601479048,1.3674524672940869
Census Tract 192.03; San Diego County; California,06,073,019203,138000.0,25058.0,119974900.0,19878528.0,38543.0,9284.0,59289.0,14222.0,132639.0,21558.0,152083.0,77765.0,2793,352,838,88,3.29,0.34,154,74,2790,352,06073019203,tract,2023,0.055197132616487454,143168.138424821,1.0374502784407318
Census Tract 192.05; San Diego County; California,06,073,019205,62459.0,18570.0,179268200.0,34735058.0,21990.0,5705.0,37917.0,13142.0,94821.0,66829.0,60560.0,5934.0,6072,1069,1965,251,3.05,0.36,399,278,6005,1069,06073019205,tract,2023,0.06644462947543714,91230.63613231553,1.4606483634434673
Census Tract 192.06; San Diego County; California,06,073,019206,97939.0,21247.0,171353400.0,28306092.0,39575.0,9974.0,60123.0,10825.0,142321.0,6742.0,78871.0,19878.0,5865,802,1445,118,3.87,0.39,403,214,5645,806,06073019206,tract,2023,0.07139061116031886,118583.66782006921,1.2107910824091446
Census Tract 192.08; San Diego County; California,06,073,019208,132891.0,54193.0,195207900.0,41123026.0,20307.0,12635.0,40555.0,6611.0,141719.0,36869.0,70893.0,61063.0,3682,673,1161,167,3.09,0.45,300,155,3648,641,06073019208,tract,2023,0.08223684210526316,168137.72609819123,1.26523034741398
Census Tract 192.09; San Diego County; California,06,073,019209,141136.0,36577.0,162631100.0,35416929.0,35216.0,24273.0,74130.0,24115.0,134525.0,16387.0,225000.0,158561.0,2899,585,1048,131,2.71,0.34,394,274,2899,585,06073019209,tract,2023,0.13590893411521215,155182.34732824427,1.0995234903089521
Census Tract 192.10; San Diego County; California,06,073,019210,74038.0,12129.0,174655500.0,27031923.0,26503.0,5085.0,34984.0,15442.0,86250.0,46808.0,69375.0,13266.0,6318,1083,1838,206,3.4,0.4,878,467,6228,1063,06073019210,tract,2023,0.14097623635195888,95024.75516866159,1.2834592394265323
Census Tract 193.01; San Diego County; California,06,073,019301,112750.0,33797.0,306014800.0,52260416.0,31338.0,12243.0,59222.0,22665.0,115096.0,42962.0,94280.0,61853.0,6359,1152,2264,364,2.79,0.16,372,287,6359,1152,06073019301,tract,2023,0.05849976411385438,135165.5477031802,1.1988075184317535
Census Tract 193.03; San Diego County; California,06,073,019303,124338.0,52977.0,388502200.0,73820221.0,32702.0,11541.0,56850.0,9565.0,146615.0,44340.0,81677.0,8989.0,8511,1208,2687,318,3.12,0.25,276,169,8511,1208,06073019303,tract,2023,0.032428621783574196,144585.85783401562,1.1628452913350353
Census Tract 193.04; San Diego County; California,06,073,019304,103207.0,24549.0,136529900.0,19654676.0,32610.0,8988.0,48911.0,18733.0,106250.0,43482.0,102903.0,37005.0,3328,306,1137,103,2.93,0.23,160,80,3328,306,06073019304,tract,2023,0.04807692307692308,120079.06772207563,1.1634779396947459
Census Tract 193.05; San Diego County; California,06,073,019305,76768.0,5157.0,157775500.0,36355823.0,19666.0,9143.0,34452.0,15430.0,76930.0,15499.0,76657.0,8024.0,4010,713,1746,220,2.29,0.25,205,158,4010,713,06073019305,tract,2023,0.05112219451371571,90363.97479954181,1.1771047155004926
Census Tract 194.03; San Diego County; California,06,073,019403,100227.0,21013.0,222700300.0,37676169.0,35514.0,11469.0,51488.0,9543.0,109718.0,14066.0,73485.0,42851.0,5487,662,1870,176,2.92,0.36,324,228,5482,662,06073019403,tract,2023,0.05910251732944181,119091.06951871658,1.1882134506541808
Census Tract 194.04; San Diego County; California,06,073,019404,79896.0,29318.0,89132300.0,14653399.0,20230.0,11773.0,42150.0,11631.0,83750.0,42425.0,77500.0,29332.0,3232,328,778,83,4.13,0.32,611,323,3220,327,06073019404,tract,2023,0.18975155279503106,114565.9383033419,1.4339383486450124
Census Tract 194.05; San Diego County; California,06,073,019405,76382.0,7069.0,132291500.0,24489508.0,26203.0,11611.0,43525.0,10012.0,96354.0,63538.0,74007.0,16388.0,3969,653,1356,179,2.92,0.35,220,163,3969,653,06073019405,tract,2023,0.05542957923910305,97560.10324483775,1.2772656286145656
Census Tract 194.06; San Diego County; California,06,073,019406,83590.0,8043.0,169382000.0,42584000.0,23906.0,9453.0,47565.0,20675.0,127159.0,26603.0,63323.0,23482.0,4760,714,1664,262,2.78,0.32,379,180,4631,714,06073019406,tract,2023,0.08183977542647376,101792.06730769231,1.2177541249873467
Census Tract 195.01; San Diego County; California,06,073,019501,82750.0,16245.0,74301000.0,11550601.0,20971.0,9172.0,37720.0,5178.0,172813.0,61194.0,71875.0,21484.0,3447,523,807,86,4.0,0.52,521,198,3414,513,06073019501,tract,2023,0.15260691271236088,92070.63197026022,1.1126360358943834
Census Tract 195.02; San Diego County; California,06,073,019502,60078.0,12550.0,137534600.0,38384488.0,14772.0,7960.0,31192.0,14575.0,118393.0,83037.0,52292.0,15404.0,5732,893,1547,172,3.69,0.4,1078,454,5719,894,06073019502,tract,2023,0.18849449204406366,88904.07239819005,1.4798107859481016
Census Tract 195.03; San Diego County; California,06,073,019503,82123.0,6684.0,267659800.0,193253866.0,20151.0,4891.0,32982.0,4649.0,107669.0,27882.0,69659.0,19728.0,5163,725,1603,153,3.17,0.3,556,178,5112,727,06073019503,tract,2023,0.10876369327073553,166974.29819089206,2.0332220960132004
Census Tract 196.01; San Diego County; California,06,073,019601,112981.0,42921.0,289493900.0,56044617.0,32601.0,8573.0,50940.0,14499.0,154655.0,45498.0,83043.0,30685.0,6887,1241,2114,168,3.22,0.43,571,355,6864,1243,06073019601,tract,2023,0.08318764568764568,136941.29612109743,1.2120736771766707
Census Tract 196.02; San Diego County; California,06,073,019602,110625.0,24383.0,230159900.0,31614791.0,31578.0,10420.0,57889.0,18145.0,157375.0,33418.0,79706.0,23198.0,5882,860,1647,179,3.38,0.36,791,592,5800,862,06073019602,tract,2023,0.1363793103448276,139744.93017607773,1.2632310072413806
Census Tract 197.01; San Diego County; California,06,073,019701,90234.0,12858.0,317536100.0,70700362.0,26556.0,8190.0,41976.0,11341.0,112132.0,17433.0,68712.0,27851.0,7374,1184,2623,339,2.57,0.29,609,459,6769,1189,06073019701,tract,2023,0.08996897621509824,121058.36828059473,1.3416048083936736
Census Tract 197.02; San Diego County; California,06,073,019702,101607.0,19878.0,191328300.0,24894325.0,30396.0,7579.0,49625.0,13000.0,130046.0,14629.0,68793.0,20938.0,4915,571,1559,127,3.08,0.21,432,225,4910,571,06073019702,tract,2023,0.08798370672097759,122725.01603592046,1.2078401688458518
Census Tract 198.03; San Diego County; California,06,073,019803,107813.0,29213.0,309778800.0,55559806.0,23196.0,9624.0,33873.0,33950.0,133299.0,24334.0,93580.0,61939.0,5668,689,2384,328,2.34,0.19,680,434,5586,688,06073019803,tract,2023,0.12173290368779091,129940.77181208054,1.205242149018027
Census Tract 198.04; San Diego County; California,06,073,019804,148618.0,17930.0,264506900.0,38978747.0,40526.0,9672.0,69535.0,12506.0,152727.0,21284.0,102163.0,70943.0,4433,539,1545,147,2.86,0.18,170,153,4417,545,06073019804,tract,2023,0.03848766130858049,171201.87702265373,1.1519592312011582
Census Tract 198.05; San Diego County; California,06,073,019805,87266.0,18465.0,145335600.0,30701401.0,15630.0,4775.0,30786.0,7327.0,96357.0,12088.0,49494.0,34755.0,4111,700,1499,179,2.66,0.27,263,116,3981,701,06073019805,tract,2023,0.06606380306455664,96955.03669112742,1.111028770553565
Census Tract 198.08; San Diego County; California,06,073,019808,98521.0,14863.0,293850200.0,62384966.0,33455.0,7949.0,55731.0,11371.0,86281.0,16237.0,108049.0,6425.0,4667,656,2376,317,1.94,0.14,82,74,4667,656,06073019808,tract,2023,0.017570173559031496,123674.3265993266,1.2553092903982561
Census Tract 198.09; San Diego County; California,06,073,019809,132650.0,30236.0,225449800.0,38490769.0,26741.0,9111.0,49457.0,17273.0,133650.0,34878.0,116429.0,44955.0,4289,660,1649,200,2.57,0.21,112,63,4287,660,06073019809,tract,2023,0.026125495684627947,136719.10248635538,1.0306754804851517
Census Tract 198.10; San Diego County; California,06,073,019810,116750.0,53190.0,273822600.0,42096746.0,12247.0,19886.0,29418.0,21143.0,128681.0,41212.0,,,6625,1253,2284,394,2.9,0.39,1173,1167,6625,1253,06073019810,tract,2023,0.1770566037735849,119887.30297723293,1.0268719741090615
Census Tract 198.11; San Diego County; California,06,073,019811,125000.0,30095.0,380608100.0,59006683.0,33438.0,10266.0,58671.0,17712.0,152955.0,31964.0,77097.0,21560.0,5977,716,2406,202,2.43,0.18,368,204,5977,716,06073019811,tract,2023,0.06156934917182533,158191.2302576891,1.2655298420615129
Census Tract 199.02; San Diego County; California,06,073,019902,82206.0,13839.0,143548000.0,41192087.0,,,47907.0,12547.0,125000.0,19496.0,68468.0,21729.0,4234,767,1270,142,3.27,0.39,426,197,4224,761,06073019902,tract,2023,0.10085227272727272,113029.92125984252,1.3749595073333154
Census Tract 199.03; San Diego County; California,06,073,019903,105089.0,15237.0,187385300.0,31722920.0,30800.0,13269.0,57841.0,10693.0,114265.0,31466.0,75896.0,15288.0,4779,741,1480,172,3.15,0.37,255,128,4654,725,06073019903,tract,2023,0.05479157713794585,126611.68918918919,1.2048043961707617
Census Tract 199.04; San Diego County; California,06,073,019904,104458.0,23450.0,315873700.0,49314774.0,26979.0,8940.0,53227.0,8924.0,118558.0,29152.0,93865.0,23578.0,5868,606,2385,178,2.43,0.18,375,217,5787,604,06073019904,tract,2023,0.06480041472265423,132441.8029350105,1.2678952587165224
Census Tract 199.05; San Diego County; California,06,073,019905,107944.0,16557.0,246843000.0,35324471.0,27030.0,12834.0,48667.0,32840.0,111500.0,17124.0,98971.0,41983.0,5502,1056,2026,307,2.62,0.37,173,74,5473,1046,06073019905,tract,2023,0.03160972044582496,121837.6110562685,1.1287112860026356
Census Tract 200.15; San Diego County; California,06,073,020015,185121.0,43122.0,586806400.0,163210581.0,47604.0,16512.0,95194.0,22753.0,182554.0,47515.0,186935.0,95697.0,5818,946,2217,281,2.61,0.25,260,119,5818,946,06073020015,tract,2023,0.0446888965280165,264684.8894903022,1.4297939698375774
Census Tract 200.17; San Diego County; California,06,073,020017,62702.0,9618.0,86518900.0,25276175.0,20797.0,7774.0,37778.0,9307.0,64286.0,30900.0,62500.0,9898.0,3171,452,1000,99,3.13,0.38,324,208,3171,452,06073020017,tract,2023,0.1021759697256386,86518.9,1.3798427482376956
Census Tract 200.19; San Diego County; California,06,073,020019,74026.0,20526.0,341703800.0,64612074.0,13276.0,4530.0,24455.0,5527.0,97114.0,21926.0,28250.0,20575.0,7296,1199,2945,284,2.48,0.3,1219,900,7248,1192,06073020019,tract,2023,0.1681843267108168,116028.45500848896,1.567401386114189
Census Tract 200.21; San Diego County; California,06,073,020021,83706.0,8848.0,168874700.0,22705177.0,20114.0,5344.0,29721.0,3710.0,118813.0,44190.0,55655.0,22859.0,5287,568,1637,110,3.23,0.24,551,279,5287,568,06073020021,tract,2023,0.10421789294495934,103161.08735491753,1.2324216586017434
Census Tract 200.23; San Diego County; California,06,073,020023,102574.0,23171.0,151043600.0,18456792.0,24683.0,10250.0,44267.0,16234.0,102794.0,33217.0,92000.0,49040.0,4055,413,1288,95,3.11,0.19,206,133,4055,413,06073020023,tract,2023,0.050801479654747225,117269.87577639752,1.1432709631719298
Census Tract 200.24; San Diego County; California,06,073,020024,85714.0,35689.0,160330400.0,22303561.0,15353.0,5520.0,28403.0,9758.0,110342.0,12598.0,50115.0,35165.0,4203,481,1560,254,2.68,0.33,262,102,4190,479,06073020024,tract,2023,0.06252983293556086,102775.89743589744,1.1990561336059156
Census Tract 200.25; San Diego County; California,06,073,020025,86080.0,17431.0,209136100.0,28503487.0,17367.0,11617.0,33573.0,11663.0,118500.0,44448.0,69276.0,14955.0,5357,496,1863,163,2.87,0.2,706,331,5286,512,06073020025,tract,2023,0.13356034808929246,112257.7026301664,1.304108998956394
Census Tract 200.26; San Diego County; California,06,073,020026,122750.0,23292.0,241546500.0,33242376.0,38650.0,8032.0,65316.0,11679.0,122250.0,20632.0,133194.0,83187.0,4234,371,1704,197,2.47,0.2,127,77,4234,371,06073020026,tract,2023,0.029995276334435522,141752.64084507042,1.1548076647256247
Census Tract 200.28; San Diego County; California,06,073,020028,58147.0,9363.0,72445800.0,10216403.0,17731.0,8675.0,33576.0,9283.0,119583.0,9523.0,56335.0,9376.0,3681,412,1021,99,3.61,0.36,793,399,3681,412,06073020028,tract,2023,0.2154305895137191,70955.72967678746,1.220281866249118
Census Tract 200.29; San Diego County; California,06,073,020029,71301.0,9755.0,211071200.0,47520982.0,13316.0,5282.0,27480.0,5507.0,90521.0,39625.0,70463.0,14677.0,6897,826,2547,270,2.59,0.2,1405,508,6754,814,06073020029,tract,2023,0.20802487414865264,82870.514330585,1.162263002350388
Census Tract 200.30; San Diego County; California,06,073,020030,180625.0,57404.0,576026900.0,95726585.0,28072.0,18111.0,60207.0,33428.0,215637.0,4571.0,,,8502,1523,2619,332,3.22,0.26,1081,860,8502,1523,06073020030,tract,2023,0.12714655375205833,219941.54257350133,1.2176694398532946
Census Tract 200.31; San Diego County; California,06,073,020031,119681.0,29410.0,348049500.0,77002881.0,28511.0,13957.0,58750.0,14076.0,131375.0,24655.0,,,6575,1631,2225,408,2.95,0.36,620,507,6575,1631,06073020031,tract,2023,0.09429657794676806,156426.7415730337,1.3070307030609178
Census Tract 200.32; San Diego County; California,06,073,020032,163000.0,41661.0,268418000.0,57165205.0,46356.0,10139.0,70656.0,19990.0,170000.0,35470.0,126304.0,44504.0,3313,550,1350,183,2.45,0.23,68,60,3219,466,06073020032,tract,2023,0.02112457284871078,198828.14814814815,1.2198045898659395
Census Tract 200.33; San Diego County; California,06,073,020033,115682.0,20904.0,246179800.0,39273829.0,19986.0,17527.0,60500.0,20905.0,109476.0,46032.0,116174.0,32377.0,4259,698,1624,225,2.62,0.27,397,235,4259,698,06073020033,tract,2023,0.09321436957032167,151588.54679802957,1.3103900935152364
Census Tract 200.34; San Diego County; California,06,073,020034,240587.0,33113.0,215144800.0,28685424.0,87261.0,13960.0,123909.0,22073.0,240969.0,25105.0,,,2560,251,857,80,2.99,0.21,47,40,2560,251,06073020034,tract,2023,0.018359375,251044.10735122522,1.0434649725514065
Census Tract 200.35; San Diego County; California,06,073,020035,172092.0,14772.0,502417300.0,68484176.0,39287.0,13905.0,66031.0,23714.0,171803.0,11176.0,,,6246,676,2226,208,2.8,0.16,150,122,6246,676,06073020035,tract,2023,0.024015369836695485,225704.08805031446,1.311531553182684
Census Tract 200.36; San Diego County; California,06,073,020036,71555.0,9205.0,86182800.0,18014396.0,14021.0,16217.0,30806.0,22212.0,83716.0,50349.0,70965.0,9531.0,3649,635,1040,219,3.51,0.43,788,409,3636,634,06073020036,tract,2023,0.21672167216721672,82868.07692307692,1.1581032341985456
Census Tract 200.37; San Diego County; California,06,073,020037,94222.0,34555.0,142810200.0,33430319.0,23806.0,16404.0,50658.0,5480.0,103944.0,35453.0,88750.0,51488.0,4342,950,1336,218,3.23,0.46,330,191,4342,950,06073020037,tract,2023,0.07600184246890834,106893.86227544911,1.1344894215305248
Census Tract 200.38; San Diego County; California,06,073,020038,157069.0,21683.0,242009000.0,31550305.0,39909.0,19912.0,81313.0,11765.0,162027.0,9417.0,82100.0,66173.0,5232,1028,1512,207,3.45,0.41,393,296,5222,1028,06073020038,tract,2023,0.07525852163921869,160058.86243386244,1.0190353439180388
Census Tract 200.39; San Diego County; California,06,073,020039,152083.0,32290.0,91169900.0,13835663.0,48452.0,22474.0,95275.0,54050.0,159464.0,47700.0,144188.0,75729.0,2038,258,536,60,3.8,0.36,105,112,2038,258,06073020039,tract,2023,0.051521099116781155,170093.09701492538,1.1184228152714333
Census Tract 200.40; San Diego County; California,06,073,020040,140746.0,19626.0,247600000.0,53048410.0,11895.0,16270.0,35818.0,44705.0,180417.0,41951.0,59737.0,57453.0,4095,645,1483,217,2.74,0.34,411,194,4093,645,06073020040,tract,2023,0.10041534326899584,166958.8671611598,1.1862423597200618
Census Tract 200.41; San Diego County; California,06,073,020041,79693.0,30893.0,93547000.0,21761454.0,22818.0,16967.0,40879.0,14655.0,133750.0,90339.0,73333.0,31269.0,2713,445,926,100,2.91,0.34,192,200,2713,445,06073020041,tract,2023,0.07077036490969407,101022.67818574514,1.267648076816598
Census Tract 200.42; San Diego County; California,06,073,020042,110199.0,22709.0,218644200.0,74459547.0,31768.0,11217.0,56400.0,20701.0,114410.0,50643.0,101145.0,13466.0,4452,1585,1713,390,2.54,0.41,146,106,4344,1585,06073020042,tract,2023,0.03360957642725598,127638.17863397548,1.1582516958772355
Census Tract 200.43; San Diego County; California,06,073,020043,189265.0,53934.0,379311200.0,71279665.0,40502.0,21194.0,68173.0,40860.0,193616.0,60543.0,,,5468,602,1764,166,3.1,0.18,449,417,5468,602,06073020043,tract,2023,0.08211411850768105,215029.02494331065,1.1361267267762696
Census Tract 200.44; San Diego County; California,06,073,020044,207500.0,47053.0,609286300.0,117008772.0,30361.0,18186.0,72528.0,33759.0,208715.0,33306.0,152992.0,131615.0,9367,1567,3006,423,3.11,0.18,662,352,9187,1500,06073020044,tract,2023,0.0720583433112006,202690.05322687957,0.9768195336235159
Census Tract 201.05; San Diego County; California,06,073,020105,113875.0,11464.0,188507900.0,29279858.0,24326.0,10439.0,53483.0,11387.0,120417.0,24968.0,78864.0,51687.0,4382,435,1554,150,2.73,0.23,294,148,4355,435,06073020105,tract,2023,0.06750861079219288,121304.95495495496,1.0652465857734792
Census Tract 201.06; San Diego County; California,06,073,020106,93509.0,23068.0,135200500.0,34638254.0,19777.0,7898.0,35681.0,4706.0,94825.0,17586.0,66389.0,47739.0,3730,634,1118,106,3.32,0.45,619,391,3730,634,06073020106,tract,2023,0.16595174262734586,120930.67978533095,1.2932517702609476
Census Tract 201.07; San Diego County; California,06,073,020107,104273.0,10146.0,150963800.0,19984397.0,15638.0,24709.0,48850.0,40582.0,114241.0,49620.0,91607.0,42399.0,4772,1000,1294,183,3.68,0.36,885,763,4767,1000,06073020107,tract,2023,0.1856513530522341,116664.4513137558,1.1188366241860865
Census Tract 201.08; San Diego County; California,06,073,020108,66250.0,7424.0,117633700.0,16421477.0,20437.0,5483.0,32934.0,8928.0,80739.0,7924.0,58750.0,13410.0,4705,477,1538,108,3.04,0.29,673,330,4705,477,06073020108,tract,2023,0.1430393198724761,76484.85045513655,1.154488308756778
Census Tract 201.09; San Diego County; California,06,073,020109,102381.0,20513.0,175089600.0,32030009.0,,,48068.0,26818.0,116193.0,18739.0,,,5004,643,1330,126,3.73,0.28,444,225,4920,616,06073020109,tract,2023,0.09024390243902439,131646.31578947368,1.285847137549679
Census Tract 201.10; San Diego County; California,06,073,020110,136468.0,10230.0,437073600.0,99186498.0,30150.0,10930.0,60250.0,25138.0,154853.0,17988.0,125045.0,54006.0,8900,1822,2544,395,3.46,0.38,977,552,8900,1822,06073020110,tract,2023,0.1097752808988764,171805.6603773585,1.2589446637846124
Census Tract 201.11; San Diego County; California,06,073,020111,167534.0,61017.0,281490900.0,58234684.0,53886.0,9389.0,68935.0,11489.0,168836.0,62137.0,124318.0,103629.0,3858,421,1315,232,2.9,0.41,45,56,3845,421,06073020111,tract,2023,0.011703511053315995,214061.52091254754,1.277719871265221
Census Tract 202.02; San Diego County; California,06,073,020202,47669.0,9968.0,132641200.0,16442255.0,5514.0,6909.0,13852.0,3238.0,73274.0,39768.0,44243.0,14897.0,6792,1117,2170,434,3.09,0.43,1435,623,6706,1113,06073020202,tract,2023,0.2139874739039666,61124.976958525345,1.2822794050331525
Census Tract 202.06; San Diego County; California,06,073,020206,71071.0,24750.0,120315100.0,17586628.0,18436.0,10604.0,35605.0,6510.0,111306.0,34026.0,60060.0,24303.0,5138,682,1316,190,3.73,0.38,596,384,5126,679,06073020206,tract,2023,0.11626999609832228,91424.8480243161,1.2863875283071309
Census Tract 202.07; San Diego County; California,06,073,020207,61950.0,28055.0,106340800.0,36745032.0,,,43140.0,11954.0,90263.0,28169.0,56896.0,27094.0,4940,795,1477,450,3.34,0.77,863,433,4940,795,06073020207,tract,2023,0.17469635627530364,71997.83344617469,1.1621926302853056
Census Tract 202.08; San Diego County; California,06,073,020208,104911.0,22983.0,89843500.0,28409456.0,13258.0,17865.0,36667.0,43225.0,112063.0,32595.0,,,3567,1181,765,145,4.66,1.14,302,216,3496,1150,06073020208,tract,2023,0.08638443935926773,117442.48366013072,1.1194487104319921
Census Tract 202.09; San Diego County; California,06,073,020209,52881.0,14053.0,110836900.0,15740227.0,11129.0,2561.0,17953.0,2845.0,47344.0,22948.0,53109.0,15248.0,4715,431,1782,122,2.64,0.21,846,377,4715,431,06073020209,tract,2023,0.1794273594909862,62198.03591470258,1.176188724016236
Census Tract 202.10; San Diego County; California,06,073,020210,64069.0,10332.0,129811800.0,21075313.0,10275.0,11267.0,26250.0,25275.0,76447.0,19320.0,50500.0,11931.0,4413,699,1710,222,2.58,0.29,598,393,4413,699,06073020210,tract,2023,0.135508724223884,75913.33333333333,1.1848683970927176
Census Tract 202.11; San Diego County; California,06,073,020211,61327.0,10210.0,155643100.0,28314300.0,8587.0,8126.0,22970.0,12857.0,73941.0,13129.0,54474.0,10522.0,5821,984,2047,169,2.77,0.47,814,374,5581,963,06073020211,tract,2023,0.1458519978498477,76034.73375671715,1.2398247714174369
Census Tract 202.13; San Diego County; California,06,073,020213,53333.0,14445.0,81333900.0,16637650.0,11069.0,6774.0,22636.0,12253.0,97829.0,33720.0,44196.0,14493.0,3962,733,1240,223,3.19,0.39,1066,676,3962,733,06073020213,tract,2023,0.2690560323069157,65591.85483870968,1.2298549648193366
Census Tract 202.14; San Diego County; California,06,073,020214,32194.0,11966.0,108976000.0,18675843.0,9651.0,4037.0,17311.0,6814.0,,,32105.0,11560.0,4855,687,1946,330,2.42,0.33,1443,458,4701,688,06073020214,tract,2023,0.30695596681557114,56000.0,1.7394545567497048
Census Tract 203.04; San Diego County; California,06,073,020304,140586.0,20272.0,363292100.0,51163195.0,39093.0,11548.0,70464.0,16286.0,151447.0,20701.0,127679.0,94235.0,6480,685,2347,198,2.75,0.2,190,124,6463,678,06073020304,tract,2023,0.029398112331734488,154789.98721772476,1.1010341514640487
Census Tract 203.05; San Diego County; California,06,073,020305,108814.0,23163.0,291660100.0,62356732.0,33902.0,6056.0,47739.0,11955.0,122344.0,22352.0,79670.0,25105.0,5812,642,2318,283,2.37,0.2,670,431,5768,642,06073020305,tract,2023,0.11615811373092927,125824.02933563417,1.1563220664219143
Census Tract 203.08; San Diego County; California,06,073,020308,51736.0,16544.0,207458700.0,36019900.0,7912.0,4729.0,20397.0,5281.0,60246.0,29654.0,50455.0,19785.0,6512,1159,3056,399,2.09,0.22,968,336,6411,1159,06073020308,tract,2023,0.15099048510372798,67885.7002617801,1.3121559506297376
Census Tract 203.09; San Diego County; California,06,073,020309,107313.0,8935.0,172396100.0,31220975.0,31462.0,21990.0,72269.0,24319.0,138379.0,10307.0,98438.0,25435.0,4428,629,1513,256,2.9,0.31,358,228,4426,629,06073020309,tract,2023,0.08088567555354723,113943.22538003966,1.0617839905700117
Census Tract 203.10; San Diego County; California,06,073,020310,119141.0,23281.0,315165400.0,45156690.0,32388.0,12346.0,54542.0,19688.0,140084.0,19828.0,82413.0,30185.0,9136,1227,2587,280,3.06,0.3,640,500,7928,1223,06073020310,tract,2023,0.08072653884964683,121826.59451101662,1.0225413124870248
Census Tract 203.11; San Diego County; California,06,073,020311,108821.0,37535.0,237223800.0,54569713.0,22707.0,10917.0,47811.0,9287.0,129559.0,36348.0,100642.0,66832.0,3841,560,1493,197,2.57,0.2,493,234,3792,572,06073020311,tract,2023,0.13001054852320676,158890.6898861353,1.4601105474691034
Census Tract 203.12; San Diego County; California,06,073,020312,111906.0,16439.0,181455000.0,24984358.0,21437.0,5918.0,26157.0,27544.0,130323.0,23003.0,,,4180,496,1591,271,2.61,0.34,149,91,4150,473,06073020312,tract,2023,0.03590361445783133,114050.91137649278,1.0191670810903148
Census Tract 203.13; San Diego County; California,06,073,020313,54900.0,15297.0,106570400.0,25705913.0,10952.0,6985.0,19185.0,11761.0,97761.0,20110.0,30944.0,5585.0,2575,362,1174,172,2.04,0.26,407,204,2553,362,06073020313,tract,2023,0.15942028985507245,90775.46848381602,1.6534693712899093
Census Tract 204.01; San Diego County; California,06,073,020401,156806.0,11522.0,162344900.0,20128406.0,31409.0,17737.0,79000.0,42315.0,163897.0,28268.0,79107.0,69391.0,2336,259,883,87,2.62,0.22,87,53,2336,259,06073020401,tract,2023,0.03724315068493151,183856.05889014722,1.1725065296617936
Census Tract 204.03; San Diego County; California,06,073,020403,117417.0,16783.0,163215900.0,24869448.0,22125.0,8620.0,42262.0,14901.0,126842.0,20019.0,48125.0,23628.0,3728,620,1280,155,2.78,0.31,265,162,3586,619,06073020403,tract,2023,0.07389849414389292,127512.421875,1.0859792182988834
Census Tract 204.04; San Diego County; California,06,073,020404,95543.0,12616.0,280980300.0,48849201.0,32772.0,8610.0,56258.0,11332.0,139464.0,54393.0,88331.0,8176.0,5512,650,2088,282,2.61,0.26,321,248,5405,625,06073020404,tract,2023,0.05938945420906568,134569.1091954023,1.408466441240094
Census Tract 204.05; San Diego County; California,06,073,020405,154018.0,18245.0,249982500.0,39970021.0,52514.0,13311.0,85346.0,10386.0,154375.0,23723.0,,,3422,396,1239,140,2.69,0.21,153,90,3291,371,06073020405,tract,2023,0.04649042844120328,201761.50121065375,1.3099865029454594
Census Tract 205; San Diego County; California,06,073,020500,76989.0,9957.0,137320100.0,23974332.0,15957.0,8777.0,33770.0,9932.0,98409.0,33042.0,73173.0,14353.0,4457,661,1387,154,3.13,0.35,615,239,4285,643,06073020500,tract,2023,0.14352392065344224,99005.11896178803,1.2859644749482138
Census Tract 206.01; San Diego County; California,06,073,020601,58569.0,14071.0,150432100.0,26422901.0,13627.0,4427.0,21339.0,5473.0,132917.0,18986.0,47750.0,17528.0,6000,815,1901,342,3.14,0.51,918,361,5971,810,06073020601,tract,2023,0.15374309160944566,79133.14045239348,1.3511096390990707
Census Tract 206.02; San Diego County; California,06,073,020602,69756.0,9077.0,176433900.0,26260798.0,15313.0,8417.0,35720.0,8295.0,93229.0,21798.0,59627.0,11023.0,6372,669,1978,178,2.87,0.28,1351,477,6350,663,06073020602,tract,2023,0.21275590551181103,89198.12942366027,1.2787162312010476
Census Tract 207.05; San Diego County; California,06,073,020705,126538.0,11284.0,194761700.0,25282941.0,46573.0,10642.0,70096.0,16191.0,135543.0,27501.0,116319.0,19074.0,4868,618,1298,105,3.62,0.35,378,179,4755,563,06073020705,tract,2023,0.07949526813880126,150047.5346687211,1.1857903133345011
Census Tract 207.06; San Diego County; California,06,073,020706,181521.0,30384.0,368806000.0,55375584.0,17582.0,12938.0,40680.0,47896.0,192353.0,29417.0,,,6085,730,2113,276,2.8,0.3,388,195,5940,722,06073020706,tract,2023,0.06531986531986532,174541.41031708472,0.9615494092533906
Census Tract 207.07; San Diego County; California,06,073,020707,78281.0,35307.0,172807100.0,19508596.0,17394.0,6302.0,30330.0,11919.0,177118.0,54749.0,51042.0,11723.0,5188,724,1576,196,3.28,0.43,1000,449,5078,726,06073020707,tract,2023,0.19692792437967704,109649.17512690356,1.400712498906549
Census Tract 207.08; San Diego County; California,06,073,020708,162688.0,48392.0,260761700.0,75204073.0,46558.0,12964.0,73722.0,19909.0,150156.0,35329.0,193988.0,89300.0,3755,469,1297,121,2.87,0.21,209,165,3755,469,06073020708,tract,2023,0.05565912117177097,201049.88434849653,1.235800331607104
Census Tract 207.10; San Diego County; California,06,073,020710,152656.0,12029.0,131907900.0,30404562.0,41070.0,13874.0,71658.0,13463.0,160250.0,18261.0,147650.0,122689.0,1763,206,613,49,2.88,0.27,301,199,1763,206,06073020710,tract,2023,0.17073170731707318,215184.176182708,1.4096018249050677
Census Tract 207.11; San Diego County; California,06,073,020711,146250.0,59934.0,194336100.0,41862436.0,37948.0,24597.0,89423.0,22073.0,161181.0,52854.0,,,3626,690,1235,364,2.91,0.43,279,143,3626,690,06073020711,tract,2023,0.07694429123000551,157357.16599190285,1.075946434132669
Census Tract 207.12; San Diego County; California,06,073,020712,135163.0,33589.0,234813600.0,30317672.0,12955.0,45114.0,48083.0,97446.0,136413.0,34965.0,,,4177,539,1487,300,2.76,0.4,278,281,4143,532,06073020712,tract,2023,0.06710113444363987,157910.9616677875,1.1683002128377402
Census Tract 208.01; San Diego County; California,06,073,020801,155556.0,24759.0,345681200.0,61890590.0,40025.0,10426.0,67000.0,23372.0,165995.0,10449.0,,,5258,486,1804,158,2.83,0.17,357,140,5134,482,06073020801,tract,2023,0.0695364238410596,191619.29046563193,1.2318347763225586
Census Tract 208.05; San Diego County; California,06,073,020805,111029.0,13773.0,156644200.0,33349466.0,31208.0,14600.0,68421.0,25035.0,138636.0,25467.0,78958.0,25944.0,3358,530,1130,167,2.95,0.26,252,243,3321,520,06073020805,tract,2023,0.07588075880758807,138623.18584070797,1.2485313372245808
Census Tract 208.06; San Diego County; California,06,073,020806,74464.0,28349.0,232810500.0,54597799.0,17001.0,4941.0,26192.0,4565.0,125865.0,43370.0,36116.0,22246.0,5636,610,2134,162,2.64,0.2,601,415,5592,597,06073020806,tract,2023,0.10747496423462088,109095.82942830365,1.4650815082228144
Census Tract 208.07; San Diego County; California,06,073,020807,126486.0,20373.0,146525600.0,24543077.0,24984.0,5735.0,29407.0,28965.0,126274.0,24082.0,,,3234,472,1063,273,3.01,0.58,309,166,3234,472,06073020807,tract,2023,0.09554730983302412,137841.58043273754,1.0897773700863143
Census Tract 208.10; San Diego County; California,06,073,020810,134781.0,11296.0,265974300.0,40176793.0,55914.0,11544.0,87408.0,10506.0,134681.0,10783.0,,,5030,541,1678,181,3.0,0.21,86,69,5030,541,06073020810,tract,2023,0.01709741550695825,158506.73420738976,1.1760317419175534
Census Tract 208.11; San Diego County; California,06,073,020811,134261.0,17296.0,316210600.0,58458712.0,51595.0,11997.0,81167.0,26516.0,132975.0,13014.0,210288.0,149068.0,5934,847,2010,276,2.94,0.24,103,66,5934,847,06073020811,tract,2023,0.017357600269632626,157318.7064676617,1.1717379318466397
Census Tract 208.12; San Diego County; California,06,073,020812,51121.0,12534.0,52499400.0,13851359.0,20966.0,10731.0,22212.0,28914.0,42731.0,35578.0,65556.0,44299.0,2217,814,802,315,2.72,0.74,84,48,2217,814,06073020812,tract,2023,0.037889039242219216,65460.59850374065,1.2805030907795358
Census Tract 208.13; San Diego County; California,06,073,020813,115163.0,25806.0,204697800.0,33350411.0,42339.0,9151.0,58991.0,13350.0,139698.0,36917.0,59101.0,21983.0,6109,1786,1459,225,4.14,0.7,254,135,6109,1786,06073020813,tract,2023,0.04157799967261418,140300.06854009596,1.2182738252745757
Census Tract 209.02; San Diego County; California,06,073,020902,111304.0,19911.0,100687800.0,25139986.0,25768.0,7940.0,38617.0,7472.0,118636.0,24081.0,,,2282,483,886,145,2.47,0.27,76,43,2196,482,06073020902,tract,2023,0.03460837887067395,113643.1151241535,1.02101555311717
Census Tract 209.03; San Diego County; California,06,073,020903,69831.0,10610.0,124361800.0,30435337.0,16219.0,5307.0,31910.0,9523.0,76875.0,25419.0,51607.0,27631.0,3066,468,1194,116,2.45,0.27,517,141,2998,468,06073020903,tract,2023,0.17244829886591062,104155.61139028476,1.4915383051980462
Census Tract 209.04; San Diego County; California,06,073,020904,82990.0,16418.0,125828000.0,37388774.0,22188.0,8936.0,38278.0,14524.0,83370.0,13967.0,69338.0,13788.0,2562,534,1274,300,1.99,0.3,155,99,2562,534,06073020904,tract,2023,0.06049960967993755,98766.09105180534,1.190096289333719
Census Tract 210.01; San Diego County; California,06,073,021001,59885.0,11369.0,78127100.0,22060034.0,21011.0,7184.0,30972.0,6828.0,70101.0,10729.0,57781.0,25817.0,1872,393,1083,262,1.73,0.23,113,119,1870,393,06073021001,tract,2023,0.06042780748663101,72139.51985226224,1.204634213112837
Census Tract 210.02; San Diego County; California,06,073,021002,104274.0,43003.0,86274900.0,47725595.0,,,46761.0,22169.0,103266.0,44394.0,,,1649,571,796,257,2.07,0.38,59,69,1649,571,06073021002,tract,2023,0.035779260157671314,108385.5527638191,1.0394302775746505
Census Tract 211.01; San Diego County; California,06,073,021101,59684.0,27831.0,169742400.0,77223675.0,17009.0,3248.0,21994.0,8276.0,61154.0,38582.0,47202.0,35687.0,4652,922,1689,411,2.72,0.31,865,417,4619,924,06073021101,tract,2023,0.18726997185537994,100498.756660746,1.683847541397125
Census Tract 211.02; San Diego County; California,06,073,021102,52212.0,26524.0,75272800.0,27307508.0,12150.0,10704.0,27471.0,18077.0,77105.0,14138.0,,,2966,574,979,163,2.93,0.44,959,548,2829,561,06073021102,tract,2023,0.33898904206433367,76887.43615934627,1.4726008610922061
Census Tract 212.02; San Diego County; California,06,073,021202,93370.0,32666.0,141898100.0,36176795.0,26873.0,10592.0,48086.0,10242.0,90357.0,29838.0,158056.0,76212.0,3314,478,1146,181,2.76,0.37,209,109,3164,481,06073021202,tract,2023,0.06605562579013906,123820.33158813264,1.3261254320245544
Census Tract 212.04; San Diego County; California,06,073,021204,138061.0,9547.0,293850900.0,33442747.0,27997.0,13670.0,68875.0,19847.0,137879.0,10293.0,,,5941,715,1912,170,3.11,0.26,506,212,5886,698,06073021204,tract,2023,0.08596670064559973,153687.70920502092,1.113186991293855
Census Tract 212.05; San Diego County; California,06,073,021205,96402.0,14097.0,299452500.0,59120276.0,19195.0,10540.0,36855.0,15269.0,119259.0,18855.0,62439.0,22134.0,7168,883,2628,221,2.64,0.24,1046,479,7168,883,06073021205,tract,2023,0.14592633928571427,113946.91780821918,1.181997446196336
Census Tract 212.06; San Diego County; California,06,073,021206,135000.0,31099.0,174123100.0,32001512.0,42600.0,13370.0,70700.0,41600.0,137153.0,29185.0,,,3358,664,1154,199,2.9,0.27,148,124,3281,673,06073021206,tract,2023,0.045108198719902466,150886.568457539,1.1176782848706592
Census Tract 213.02; San Diego County; California,06,073,021302,127074.0,22080.0,196691400.0,44519628.0,23595.0,11514.0,54944.0,36047.0,138700.0,25259.0,72556.0,43273.0,6735,1066,1454,238,3.27,0.31,425,221,4768,1057,06073021302,tract,2023,0.08913590604026846,135276.0660247593,1.0645455878052104
Census Tract 213.04; San Diego County; California,06,073,021304,167500.0,32480.0,174408600.0,35567913.0,52374.0,18089.0,88935.0,22988.0,168224.0,31257.0,,,3215,850,956,199,3.36,0.26,81,60,3215,850,06073021304,tract,2023,0.025194401244167962,182435.7740585774,1.0891688003497157
Census Tract 213.05; San Diego County; California,06,073,021305,132475.0,19153.0,219566900.0,39462686.0,40174.0,12422.0,60909.0,19650.0,132304.0,20890.0,140972.0,117923.0,3936,540,1295,119,2.98,0.32,53,59,3928,540,06073021305,tract,2023,0.0134928716904277,169549.72972972973,1.2798620851461011
Census Tract 213.06; San Diego County; California,06,073,021306,157008.0,25229.0,257000300.0,46108580.0,15530.0,26012.0,72611.0,63859.0,158519.0,21683.0,,,5069,667,1519,154,3.33,0.37,468,353,5069,667,06073021306,tract,2023,0.09232590254488064,169190.45424621462,1.0775912962792635
Census Tract 214.01; San Diego County; California,06,073,021401,102350.0,15772.0,209813000.0,30744475.0,30528.0,9023.0,51147.0,27832.0,152292.0,32603.0,69516.0,21019.0,4242,438,1504,138,2.64,0.19,400,210,3951,438,06073021401,tract,2023,0.10124019235636547,139503.3244680851,1.3630026816617988
Census Tract 214.02; San Diego County; California,06,073,021402,97470.0,18194.0,179102700.0,75654849.0,,,40130.0,46420.0,141719.0,19822.0,91885.0,13878.0,3056,1080,1241,177,2.46,0.67,431,271,3026,1079,06073021402,tract,2023,0.14243225380039656,144321.27316680097,1.4806737782579353
Census Tract 215.01; San Diego County; California,06,073,021501,250001.0,,460180000.0,203404172.0,87542.0,22275.0,123615.0,45567.0,250001.0,,174803.0,106837.0,3892,891,1241,310,3.14,0.23,35,64,3892,891,06073021501,tract,2023,0.008992805755395683,370813.8597904915,1.4832495061639415
Census Tract 215.02; San Diego County; California,06,073,021502,176076.0,27638.0,772426800.0,155905535.0,25848.0,9420.0,52197.0,17615.0,235494.0,56061.0,100904.0,29093.0,9042,911,3154,288,2.87,0.2,658,343,9042,911,06073021502,tract,2023,0.07277151072771511,244903.86810399493,1.3908986352711041
Census Tract 216; San Diego County; California,06,073,021600,111023.0,16776.0,115667100.0,25004721.0,30192.0,11292.0,62720.0,25497.0,112679.0,31406.0,109500.0,19510.0,2922,431,881,166,2.42,0.18,264,190,2133,428,06073021600,tract,2023,0.12376933895921238,131290.69239500567,1.1825539968745726
Census Tract 218; San Diego County; California,06,073,021800,213125.0,41844.0,286636900.0,65881617.0,41555.0,17548.0,84177.0,25037.0,238750.0,52819.0,171923.0,23274.0,1987,225,809,115,2.46,0.21,51,43,1987,225,06073021800,tract,2023,0.025666834423754403,354310.13597033377,1.6624522508871966
Census Tract 219; San Diego County; California,06,073,021900,42976.0,11375.0,51555200.0,9342351.0,11501.0,4361.0,21423.0,3423.0,110714.0,27045.0,37045.0,10163.0,3089,444,756,98,3.35,0.5,607,238,2538,454,06073021900,tract,2023,0.23916469661150513,68194.708994709,1.586809125900712
Census Tract 220; San Diego County; California,06,073,022000,66801.0,25666.0,129149100.0,34862268.0,21692.0,7943.0,35588.0,10999.0,113295.0,60770.0,62614.0,21423.0,4357,765,1619,381,2.61,0.44,296,166,4234,763,06073022000,tract,2023,0.06991025035427492,79770.9079678814,1.1941573923725903
Census Tract 221.01; San Diego County; California,06,073,022101,156678.0,29020.0,222067200.0,76129586.0,,,73393.0,32654.0,195221.0,64729.0,152222.0,12064.0,2279,277,845,91,2.7,0.22,65,115,2279,277,06073022101,tract,2023,0.028521281263712155,262801.4201183432,1.6773345340018586
Census Tract 221.02; San Diego County; California,06,073,022102,143056.0,36508.0,461366800.0,70572820.0,30607.0,10582.0,55893.0,16283.0,184306.0,79827.0,79531.0,54732.0,7322,1003,2750,274,2.66,0.21,535,331,7322,1003,06073022102,tract,2023,0.073067467904944,167769.74545454545,1.1727557421886916
Census Tract 9901; San Diego County; California,06,073,990100,,,,,,,,,,,,,0,14,0,14,,,0,14,0,14,06073990100,tract,2023,,,
