{"type":"FeatureCollection","features":[{"type":"Feature","properties":{"GEOID":"06073002703","NAME":"Census Tract 27.03","BASENAME":"27.03","in_district_share":0.0194},"geometry":{"type":"MultiPolygon","coordinates":[[[[-117.05302800026237,32.74013900029017],[-117.0533479999295,32.73983400033521],[-117.0535379999003,32.73960400009993],[-117.05377200025205,32.7393259999956],[-117.05412799990418,32.73893600001284],[-117.05432899974565,32.73871699995422],[-117.05485600000034,32.73824099971659],[-117.05497099962805,32.73813900030639],[-117.0551360003828,32.73798400009022],[-117.05589399971787,32.737348999631834],[-117.0561010003054,32.737254999772134],[-117.05637699959163,32.73721999991154],[-117.05662600001197,32.73727399999292],[-117.05706799987784,32.73737499994529],[-117.05727399974215,32.73752999970945],[-117.05746700008604,32.73764800013405],[-117.05803242116993,32.73799407687793],[-117.05803,32.73858],[-117.05479,32.73862],[-117.05263129091843,32.74052043495931],[-117.05302800026237,32.74013900029017]]],[[[-117.05083700030126,32.7420409997993],[-117.05094299970814,32.74195400010838],[-117.05126499992342,32.741698000255745],[-117.05137200005356,32.741613999919515],[-117.05144099965051,32.741556999754245],[-117.05157394879191,32.74145127365283],[-117.05086948428601,32.74207145401249],[-117.05083700030126,32.7420409997993]]]]}},{"type":"Feature","properties":{"GEOID":"06073016404","NAME":"Census Tract 164.04","BASENAME":"164.04","in_district_share":1.0},"geometry":{"type":"Polygon","coordinates":[[[-116.93574300006195,32.803375999676],[-116.93574300006195,32.80342899994847],[-116.93574300006195,32.803477999858856],[-116.93574300006195,32.80353100007051],[-116.93574300006195,32.803840000347684],[-116.93574399988687,32.803942999698],[-116.93574200023703,32.80418900028053],[-116.93573800003908,32.8049300000299],[-116.93573700021416,32.80517699983208],[-116.93573600038924,32.80542200033652],[-116.9357339998411,32.80615999984302],[-116.9357339998411,32.80640600033025],[-116.93573300001621,32.80666600003767],[-116.93573100036639,32.8074450002214],[-116.93573100036639,32.80770600032222],[-116.9352829997544,32.80770699997977],[-116.93462400015358,32.80770900004987],[-116.93394200008818,32.80770699997977],[-116.93349500019941,32.80770699997977],[-116.93306000000625,32.80770600032222],[-116.931755000325,32.807704999909625],[-116.93132099995672,32.807704999909625],[-116.93099999956637,32.80770600032222],[-116.93003999966663,32.80770900004987],[-116.9297199999995,32.80771100011994],[-116.9291579995847,32.80770900004987],[-116.92747200013694,32.80770600032222],[-116.9269110004454,32.807704999909625],[-116.92626500036505,32.807704000252],[-116.92549500043607,32.807704000252],[-116.92517300022081,32.80770299983943],[-116.92433100032186,32.807702000181784],[-116.92368600006638,32.80770299983943],[-116.92335700017841,32.807702000181784],[-116.92236999961618,32.807702000181784],[-116.92204199955313,32.807704000252],[-116.92160200023538,32.807704000252],[-116.92028099976231,32.80770699997977],[-116.9198420002695,32.8077079996373],[-116.92000299992799,32.80741699990756],[-116.92019000042403,32.80711099973229],[-116.92028199958723,32.806972000234936],[-116.9203770000218,32.80683200009778],[-116.92057700003834,32.80655899987558],[-116.9208139998648,32.80626199985144],[-116.92090099990341,32.80616299962284],[-116.92105999991209,32.80599699982341],[-116.92120300002723,32.805853000192045],[-116.92140300004377,32.80567200007806],[-116.92171600003822,32.80543200018867],[-116.92201899998692,32.80518600002591],[-116.92242300021795,32.80490300012304],[-116.92271399957278,32.8047150002364],[-116.92311000030624,32.804482999844275],[-116.92324500002543,32.80440300014144],[-116.92354899979902,32.804229999933895],[-116.92374200014288,32.80413400031064],[-116.92390299980137,32.804054999992395],[-116.92411899971144,32.80396100033464],[-116.92434700021538,32.8038769998495],[-116.92447199988884,32.80383500033223],[-116.92506699991559,32.80364099996733],[-116.92526500028231,32.80358799982125],[-116.92552800004805,32.80350599990334],[-116.92578099976804,32.80344100019097],[-116.92610499963314,32.80337200009577],[-116.92612399989972,32.80336799976034],[-116.9264319998713,32.803317000375515],[-116.92679500009444,32.803269999791304],[-116.92689700020172,32.80326100015856],[-116.9272770001433,32.80323099986602],[-116.92846100034902,32.803192999632],[-116.92849300013607,32.803192999632],[-116.93004700023764,32.803192999632],[-116.93134199987313,32.80318300028299],[-116.93137700003324,32.803181999819486],[-116.93148300033845,32.803178000230574],[-116.93151799960022,32.803178000230574],[-116.9323460001538,32.80317999964752],[-116.93270799965373,32.803181000111046],[-116.93336999962764,32.80317500035001],[-116.9346919999256,32.80318300028299],[-116.93574399988687,32.80318699987173],[-116.93574300006195,32.80321599971598],[-116.93574300006195,32.803375999676]]]}},{"type":"Feature","properties":{"GEOID":"06073016813","NAME":"Census Tract 168.13","BASENAME":"168.13","in_district_share":0.2687},"geometry":{"type":"MultiPolygon","coordinates":[[[[-116.88011600019094,32.84506200008764],[-116.88094899986905,32.844879999864546],[-116.88132700016082,32.84479800032221],[-116.88173600041475,32.84468300008166],[-116.88177999989735,32.8447659997255],[-116.88191499961657,32.84501399970842],[-116.88192100036265,32.845024999624634],[-116.88195999982241,32.84509899978045],[-116.88201099987603,32.84519699964706],[-116.88216599968672,32.84549400006819],[-116.88221799956526,32.84559300023929],[-116.8822900004336,32.84573199968327],[-116.88250600034367,32.846147999748084],[-116.8825780003137,32.84628899978838],[-116.88261500012362,32.84635899973589],[-116.88272599955337,32.846572999901454],[-116.8827630002616,32.84664600030186],[-116.8828400002545,32.846795000085066],[-116.88300500011094,32.84711099985096],[-116.88308600030179,32.847229999834155],[-116.88318000001314,32.84734199989454],[-116.88319799955649,32.847361000005314],[-116.88327700009751,32.84743699965302],[-116.88331499973233,32.847474999829814],[-116.88343199990821,32.84757000020068],[-116.88353800021343,32.84764099985529],[-116.8835719996503,32.8476639997525],[-116.88363299974966,32.847698999945564],[-116.88367600030567,32.847723999751594],[-116.88376599981905,32.84776900029027],[-116.88396199963765,32.84787100006844],[-116.88417800044603,32.84796000025999],[-116.88432200038606,32.84800899975925],[-116.88441899957215,32.84803500019102],[-116.88446999962576,32.84804799964939],[-116.88453999994594,32.84806700036371],[-116.88476199970381,32.84810900010113],[-116.88492499991042,32.84812600013294],[-116.88497199976608,32.848132999834306],[-116.88507899989622,32.84814000028987],[-116.88511499988122,32.84814000028987],[-116.88516000008707,32.84814100024708],[-116.88522399966118,32.84814100024708],[-116.8852610003694,32.848142000204305],[-116.88547300008152,32.84813199987699],[-116.88561500037174,32.84811999963374],[-116.88642600030856,32.848053000195264],[-116.88665399991419,32.84804599973284],[-116.88667700037871,32.84804499977455],[-116.88688099969491,32.848053000195264],[-116.88703200020595,32.848063999734805],[-116.88727300023038,32.84809799981241],[-116.88749499998822,32.84814100024708],[-116.88772900033997,32.84820099992366],[-116.88777500037071,32.84821300015597],[-116.88803300011357,32.84829700022745],[-116.88826900011514,32.84839099976391],[-116.88842800012378,32.84846300022465],[-116.88866699960006,32.84857500023828],[-116.8896829995763,32.84905500020492],[-116.89032700000686,32.84936000009251],[-116.89085699973627,32.84961099988916],[-116.89199800028427,32.85015300002586],[-116.89218599970695,32.850259999749234],[-116.89235200028662,32.85037199975884],[-116.89241599986073,32.8504220001217],[-116.89250700009732,32.85049299975851],[-116.89266199990801,32.850633999687254],[-116.89281199969584,32.85079700005888],[-116.8928379996351,32.85082899999019],[-116.89296900005466,32.85100299993352],[-116.89304500022267,32.851128000276404],[-116.89308100020767,32.85118600035152],[-116.89316999989616,32.85136300011224],[-116.89323799966819,32.851532000168206],[-116.89329799994266,32.8517320003455],[-116.89333800012561,32.85193499981543],[-116.8933570003922,32.85212699978632],[-116.8933570003922,32.852165000218726],[-116.89335800021712,32.8523190000964],[-116.89334499979833,32.85252999974969],[-116.89322400032279,32.85253899967371],[-116.89308600023054,32.85255299988904],[-116.8929919996209,32.852576000022374],[-116.89291100032837,32.852611999694176],[-116.89287799981808,32.85263100018583],[-116.89277400006102,32.85269299965691],[-116.89299800036699,32.85294000022344],[-116.8930190002834,32.852980000112986],[-116.8930279996059,32.85301800018007],[-116.89302699978099,32.85305700013265],[-116.89301199971239,32.85316099967087],[-116.89291999965087,32.85380999997794],[-116.89288500038911,32.85394700035102],[-116.89275399996951,32.85429700027191],[-116.8926900003954,32.854551999980885],[-116.8926479996643,32.854800999664235],[-116.89264699983941,32.85481099999453],[-116.8926269997479,32.85504400012697],[-116.89262300044827,32.855212999963236],[-116.89262199972507,32.85526399973895],[-116.8926269997479,32.855363000329625],[-116.89263400031894,32.85549700019096],[-116.89266500028107,32.85574299987129],[-116.89270799993878,32.855952999813304],[-116.89271799998451,32.85599999968917],[-116.89279199960437,32.8562539999198],[-116.89288899968874,32.8565099999037],[-116.89305699991823,32.85676599990344],[-116.89308600023054,32.85680399985814],[-116.89309100025342,32.856818000155016],[-116.89310100029915,32.85685799980541],[-116.89309499955307,32.856899000050916],[-116.89307399963667,32.85693600009054],[-116.89303900037488,32.85696499974366],[-116.89299499999396,32.85698200034261],[-116.89282699976447,32.857015000164246],[-116.8927520003197,32.8570420000778],[-116.89268299982443,32.85707900005779],[-116.8926119996793,32.85713500030403],[-116.89255399995298,32.85720199967635],[-116.89251299994511,32.857276000241974],[-116.8925050004475,32.8573030000761],[-116.89234499971559,32.857879999960694],[-116.89229799985993,32.85804799983111],[-116.89229399966199,32.85807400033955],[-116.8922879998142,32.85813599977995],[-116.8922929998371,32.85822600008324],[-116.89231999960126,32.85839599973626],[-116.89234999973849,32.85858700022282],[-116.89233899986783,32.858668999851204],[-116.89226500024799,32.858861000340966],[-116.892076999927,32.85935200015118],[-116.89206400040655,32.85943399982695],[-116.89206600005635,32.8594810001223],[-116.89206900042939,32.859516000181564],[-116.89209000034579,32.85959000032604],[-116.89211100026219,32.85963599995647],[-116.89234899991357,32.86004199999078],[-116.89236800018016,32.860093999831236],[-116.89237599967775,32.860148999861394],[-116.89236900000505,32.860208999718296],[-116.8921179999349,32.86134499986334],[-116.89207600010211,32.861540999822225],[-116.89208299977479,32.86159499990415],[-116.89210899971405,32.86164499997866],[-116.89214100039942,32.86167699977011],[-116.89219400010288,32.86170799974571],[-116.89224000013364,32.861721000219084],[-116.89230500043094,32.861723999631536],[-116.89235300011154,32.861714000080546],[-116.89240400016517,32.8616849997162],[-116.8924219997085,32.86167900013399],[-116.89243400030239,32.86197800007293],[-116.89244599999797,32.86228200025698],[-116.89247000028739,32.86282799987247],[-116.89246500026452,32.86287599966963],[-116.8924419998,32.86292899990285],[-116.89240400016517,32.86297299973066],[-116.89235200028662,32.863006000341805],[-116.89223599993566,32.86304499967627],[-116.89193800000983,32.863147000002144],[-116.89185500016916,32.86315199969703],[-116.89066400029074,32.86324399976678],[-116.89026799955728,32.8632759997359],[-116.88999300009603,32.86332400004518],[-116.88976799996512,32.863264999818554],[-116.88964999996435,32.862899999935784],[-116.88956299992569,32.86259600036085],[-116.8894499999478,32.862377999661746],[-116.88925800032719,32.862278000310944],[-116.88910299961817,32.862260999972456],[-116.88902599962525,32.86321400011539],[-116.88907099983112,32.864006000186386],[-116.88911400038712,32.864745000104755],[-116.88913199993047,32.864899000026114],[-116.88907699967888,32.86547700005996],[-116.88892500024124,32.8656150002838],[-116.88843399997157,32.86606499991543],[-116.88774299968534,32.86637600019769],[-116.88741691721633,32.86665402287895],[-116.88283,32.86781],[-116.88159,32.86523],[-116.87506,32.86273],[-116.87619,32.85707],[-116.88368,32.85371],[-116.88159,32.85036],[-116.88284,32.84981],[-116.87979382552014,32.84513385496514],[-116.88011600019094,32.84506200008764]]],[[[-116.88657699992127,32.86762199970406],[-116.88581649471067,32.867737066363816],[-116.8869982785514,32.86703220987533],[-116.88657699992127,32.86762199970406]]]]}},{"type":"Feature","properties":{"GEOID":"06073016812","NAME":"Census Tract 168.12","BASENAME":"168.12","in_district_share":0.0541},"geometry":{"type":"MultiPolygon","coordinates":[[[[-116.88774299968534,32.86637600019769],[-116.88843399997157,32.86606499991543],[-116.88892500024124,32.8656150002838],[-116.88907699967888,32.86547700005996],[-116.88913199993047,32.864899000026114],[-116.88911400038712,32.864745000104755],[-116.88907099983112,32.864006000186386],[-116.88902599962525,32.86321400011539],[-116.88910299961817,32.862260999972456],[-116.88925800032719,32.862278000310944],[-116.8894499999478,32.862377999661746],[-116.88956299992569,32.86259600036085],[-116.88964999996435,32.862899999935784],[-116.88976799996512,32.863264999818554],[-116.88999300009603,32.86332400004518],[-116.89026799955728,32.8632759997359],[-116.89066400029074,32.86324399976678],[-116.89185500016916,32.86315199969703],[-116.89193800000983,32.863147000002144],[-116.89223599993566,32.86304499967627],[-116.89235200028662,32.863006000341805],[-116.89240400016517,32.86297299973066],[-116.8924419998,32.86292899990285],[-116.89246500026452,32.86287599966963],[-116.89247000028739,32.86282799987247],[-116.89244599999797,32.86228200025698],[-116.89243400030239,32.86197800007293],[-116.8924219997085,32.86167900013399],[-116.89240400016517,32.8616849997162],[-116.89235300011154,32.861714000080546],[-116.89230500043094,32.861723999631536],[-116.89224000013364,32.861721000219084],[-116.89219400010288,32.86170799974571],[-116.89214100039942,32.86167699977011],[-116.89210899971405,32.86164499997866],[-116.89208299977479,32.86159499990415],[-116.89207600010211,32.861540999822225],[-116.8921179999349,32.86134499986334],[-116.89236900000505,32.860208999718296],[-116.89237599967775,32.860148999861394],[-116.89236800018016,32.860093999831236],[-116.89234899991357,32.86004199999078],[-116.89211100026219,32.85963599995647],[-116.89209000034579,32.85959000032604],[-116.89206900042939,32.859516000181564],[-116.89206600005635,32.8594810001223],[-116.89206400040655,32.85943399982695],[-116.892076999927,32.85935200015118],[-116.89226500024799,32.858861000340966],[-116.89233899986783,32.858668999851204],[-116.89234999973849,32.85858700022282],[-116.89231999960126,32.85839599973626],[-116.8922929998371,32.85822600008324],[-116.8922879998142,32.85813599977995],[-116.89229399966199,32.85807400033955],[-116.89229799985993,32.85804799983111],[-116.89234499971559,32.857879999960694],[-116.8925050004475,32.8573030000761],[-116.89251299994511,32.857276000241974],[-116.89255399995298,32.85720199967635],[-116.8926119996793,32.85713500030403],[-116.89268299982443,32.85707900005779],[-116.8927520003197,32.8570420000778],[-116.89282699976447,32.857015000164246],[-116.89299499999396,32.85698200034261],[-116.89303900037488,32.85696499974366],[-116.89307399963667,32.85693600009054],[-116.89309499955307,32.856899000050916],[-116.89310100029915,32.85685799980541],[-116.89309100025342,32.856818000155016],[-116.89308600023054,32.85680399985814],[-116.89305699991823,32.85676599990344],[-116.89288899968874,32.8565099999037],[-116.89279199960437,32.8562539999198],[-116.89271799998451,32.85599999968917],[-116.89270799993878,32.855952999813304],[-116.89266500028107,32.85574299987129],[-116.89263400031894,32.85549700019096],[-116.8926269997479,32.855363000329625],[-116.89262199972507,32.85526399973895],[-116.89262300044827,32.855212999963236],[-116.8926269997479,32.85504400012697],[-116.89264699983941,32.85481099999453],[-116.8926479996643,32.854800999664235],[-116.8926900003954,32.854551999980885],[-116.89275399996951,32.85429700027191],[-116.89288500038911,32.85394700035102],[-116.89291999965087,32.85380999997794],[-116.89301199971239,32.85316099967087],[-116.89302699978099,32.85305700013265],[-116.8930279996059,32.85301800018007],[-116.8930190002834,32.852980000112986],[-116.89299800036699,32.85294000022344],[-116.89277400006102,32.85269299965691],[-116.89287799981808,32.85263100018583],[-116.89291100032837,32.852611999694176],[-116.8929919996209,32.852576000022374],[-116.89308600023054,32.85255299988904],[-116.89322400032279,32.85253899967371],[-116.89334499979833,32.85252999974969],[-116.89331600038433,32.85305999983804],[-116.89322900034568,32.85465500014677],[-116.89322299959959,32.85476799977362],[-116.89322799962245,32.85496200016632],[-116.89324900043717,32.85515199986747],[-116.89325600010987,32.85518600024765],[-116.89328399969895,32.855325999634005],[-116.89332399988193,32.85546100018053],[-116.89334399997341,32.855526000314526],[-116.89341099992055,32.85569499998724],[-116.89350200015716,32.855876000043196],[-116.89360500008932,32.85604300006751],[-116.8937249997399,32.85620700017855],[-116.89387000040318,32.856371999850886],[-116.89391800008376,32.85641900025934],[-116.89400900032035,32.85650700031495],[-116.89415900010817,32.856634000172654],[-116.89431899994175,32.85674999987793],[-116.89450200023985,32.85686500032718],[-116.89470899992908,32.85697399997241],[-116.89491200031868,32.857062000232034],[-116.89512200038095,32.85713600015988],[-116.89525299990223,32.857173999956075],[-116.89567,32.85729755527633],[-116.89567,32.85751],[-116.89342,32.8575],[-116.89338,32.86614],[-116.89454,32.8666],[-116.89387982258962,32.86721464793379],[-116.89359400021866,32.86743099981079],[-116.8936095254322,32.86746630390795],[-116.89338,32.86768],[-116.89362467750944,32.867500759498895],[-116.8936670000136,32.86759700022339],[-116.89368399973203,32.867678000084624],[-116.89367899970917,32.8678570003633],[-116.89364400044738,32.86918799981532],[-116.8936329996784,32.86963199962497],[-116.89363199985348,32.869677000368625],[-116.89362799965554,32.869812000199104],[-116.89362799965554,32.86985799980935],[-116.89362500018079,32.86995600024444],[-116.89361799960979,32.87022100030874],[-116.89361500013506,32.87025099985325],[-116.89360599991421,32.870350000315334],[-116.89359599986851,32.87045199978419],[-116.89356699955616,32.87075799975001],[-116.89355800023364,32.87086099995959],[-116.89185199979612,32.870366000151],[-116.88822700028234,32.871036999996804],[-116.88472900009184,32.87168500034641],[-116.88424200002011,32.87195999967585],[-116.88081400014984,32.873897000298484],[-116.87840300008068,32.875263999902415],[-116.87549400006915,32.876916000238],[-116.87495764224377,32.876946178878114],[-116.87839,32.87523],[-116.87933,32.87228],[-116.88162,32.87024],[-116.88581649471067,32.867737066363816],[-116.88657699992127,32.86762199970406],[-116.8869982785514,32.86703220987533],[-116.88779,32.86656],[-116.88741691721633,32.86665402287895],[-116.88774299968534,32.86637600019769]]],[[[-116.85919900009142,32.886785000140065],[-116.85896300008987,32.88752300001863],[-116.85861599976025,32.888199999792334],[-116.85855600038411,32.88824599966727],[-116.85850199995741,32.88828999975492],[-116.85835100034467,32.88840800005344],[-116.85821400007734,32.88872199966056],[-116.8581570001759,32.888855000155594],[-116.8579379998928,32.88919600037101],[-116.85780900002136,32.88941800023284],[-116.85763641346115,32.88967258159452],[-116.8584,32.88744],[-116.85939080878336,32.88642891891417],[-116.85919900009142,32.886785000140065]]],[[[-116.86736700008423,32.878438000228435],[-116.86719399983187,32.87854600014977],[-116.86484100038736,32.88004799981877],[-116.86405800003963,32.88054899970006],[-116.86352999996005,32.8809540002084],[-116.8619449998963,32.882170000010284],[-116.86141799964163,32.88257600022426],[-116.86141738089049,32.882577071017906],[-116.86095,32.88212],[-116.86377,32.87955],[-116.86738764213172,32.87842844661185],[-116.86736700008423,32.878438000228435]]],[[[-116.8743209997341,32.87698200012333],[-116.87328300001654,32.87704100027643],[-116.86997599962179,32.87722999982481],[-116.86802791892717,32.87813211122754],[-116.86614,32.87296],[-116.86897,32.87448],[-116.87258,32.8715],[-116.87433362933554,32.8769812895078],[-116.8743209997341,32.87698200012333]]]]}},{"type":"Feature","properties":{"GEOID":"06073016704","NAME":"Census Tract 167.04","BASENAME":"167.04","in_district_share":0.2765},"geometry":{"type":"Polygon","coordinates":[[[-116.93348900035163,32.82407800028861],[-116.93348699980349,32.823765000002766],[-116.93348199978062,32.82282900004865],[-116.93348199978062,32.82279300037609],[-116.93349299965128,32.82270999981719],[-116.93350600007007,32.82251799962784],[-116.93352699998647,32.82240100022899],[-116.93358200023805,32.82219400016016],[-116.93360499980426,32.82212400003135],[-116.93362499989577,32.82206800034157],[-116.93370199988867,32.82188700003781],[-116.93380099962286,32.82169800034465],[-116.9339089995779,32.82152900010669],[-116.93403999999745,32.8213560000215],[-116.93426199975531,32.821107999630264],[-116.93453399974186,32.82080600010011],[-116.93492899975207,32.82080499983499],[-116.93611700015576,32.82080499983499],[-116.93651299999087,32.82080600010011],[-116.93666000030399,32.82080499983499],[-116.93710100034494,32.82080499983499],[-116.93724899958464,32.82080499983499],[-116.93754300021081,32.82080499983499],[-116.93805500039687,32.82080499983499],[-116.93811099957509,32.82080499983499],[-116.93825600023834,32.82079899975382],[-116.93842500029274,32.82079099989667],[-116.93871999984553,32.820779999997576],[-116.93888999972484,32.8208759997576],[-116.93928499973505,32.8211010000627],[-116.93940500028397,32.82115999963573],[-116.93942500037545,32.82117100024272],[-116.9395349999803,32.82121100010508],[-116.93958900040698,32.821231000029535],[-116.9396760004456,32.82126100028522],[-116.93981600018772,32.82129900034293],[-116.93983799992901,32.82130200036665],[-116.93997500019636,32.821327000057174],[-116.94012099978623,32.82133900014767],[-116.94061500042896,32.82134200017004],[-116.94087599964655,32.82134500019236],[-116.94141999961967,32.82134699995551],[-116.94305200043738,32.82135400025856],[-116.94359700023539,32.821357000280436],[-116.94380200027483,32.821357000280436],[-116.94441700039305,32.821360000302185],[-116.94462300025738,32.821362000065],[-116.94476800002234,32.8213650000866],[-116.94486900030466,32.82137100012953],[-116.94493000040404,32.821374999654616],[-116.94512299984957,32.821401000337936],[-116.94529600010193,32.82143999983876],[-116.94546400033141,32.821491999649886],[-116.94558700035506,32.82154100016996],[-116.94564000005853,32.8215629997784],[-116.94572000042446,32.821603999720395],[-116.94580900011294,32.82165000016681],[-116.94588199990787,32.82168800005807],[-116.9461039996657,32.82180199963442],[-116.94617900000878,32.82184000021557],[-116.94658200041492,32.822049000101764],[-116.94708500038014,32.82231099983165],[-116.94717099969557,32.822355000171484],[-116.94742900033674,32.822490000289015],[-116.94751499965214,32.82253500003091],[-116.94769499957721,32.82262800018025],[-116.94823500025068,32.82291000001352],[-116.94841500017576,32.82300400001063],[-116.94858199968199,32.82309000025814],[-116.94908399982234,32.82335199993714],[-116.94925200005183,32.82343900008321],[-116.9492999997324,32.823465000162344],[-116.9494470000455,32.82354300035422],[-116.9494970002742,32.82356899964806],[-116.94951599964247,32.82357700000993],[-116.94957500009201,32.82360799970689],[-116.9495950001835,32.823617999777255],[-116.94970499978835,32.82367500023252],[-116.95003600022446,32.823848999806664],[-116.95014699965424,32.823907000343894],[-116.95035800043975,32.82401599970215],[-116.95099100010134,32.82434599991488],[-116.95120299981345,32.82445599971335],[-116.95130300027087,32.82450800002363],[-116.95160600021957,32.82466599970521],[-116.9516920004333,32.82471200007569],[-116.95170699960359,32.824720000334615],[-116.95172900024322,32.82473099974588],[-116.95179500036545,32.82476400023604],[-116.95181700010677,32.82477599986228],[-116.95196199987171,32.824850999754],[-116.951987999811,32.82486199990389],[-116.95215000019269,32.82493300035829],[-116.95233000011775,32.82499599976771],[-116.95251599989057,32.82504700029932],[-116.952532999609,32.82504899997913],[-116.9527219997549,32.82508800014301],[-116.95274400039453,32.8250899998219],[-116.95280999961848,32.825096999829974],[-116.95283300008298,32.82510099994219],[-116.95300200013739,32.825113999739514],[-116.95349900025485,32.82511099984453],[-116.95366599976111,32.825112000061175],[-116.95374699995197,32.82511099984453],[-116.95399100034943,32.82511099984453],[-116.95407300036523,32.82511300027774],[-116.95415200000792,32.82511099984453],[-116.95439300003235,32.82511099984453],[-116.95447300039828,32.82511099984453],[-116.95463300023188,32.8251099996279],[-116.95511299973256,32.82510799994939],[-116.95527400028936,32.82510900016607],[-116.95532199996995,32.82510799994939],[-116.95546900028305,32.82510699973272],[-116.95551799978851,32.82510699973272],[-116.95562999994152,32.82510699973272],[-116.95596800005032,32.82510699973272],[-116.95608100002825,32.82510699973272],[-116.95613200008185,32.825105000054215],[-116.95628699989255,32.825105000054215],[-116.95633899977108,32.825105000054215],[-116.95655600040439,32.8251039998375],[-116.95721099980727,32.825102000158935],[-116.95742900026548,32.825102000158935],[-116.95745500020475,32.825099999725424],[-116.95753300002254,32.825099999725424],[-116.95755899996182,32.82510099994219],[-116.9577899999405,32.825099000263556],[-116.95848299987652,32.825096999829974],[-116.95871499968013,32.825096999829974],[-116.95891700024482,32.825093999934424],[-116.95952399996713,32.82509100003877],[-116.95963299974706,32.82509200025563],[-116.9597270003567,32.82509100003877],[-116.95979199975572,32.8250899998219],[-116.95998900029753,32.82508900035991],[-116.96005500041977,32.82508900035991],[-116.96031300016266,32.825086999926114],[-116.96108899993935,32.825082999813276],[-116.96134800040544,32.825082000351195],[-116.96148999979735,32.82513000018421],[-116.9616329999125,32.82514100029954],[-116.96171599975315,32.82564700035845],[-116.96173400019481,32.8257839996652],[-116.96175500011121,32.82593900022944],[-116.96180000031706,32.826614000214526],[-116.96180000031706,32.826682999625426],[-116.96180000031706,32.82711799979712],[-116.96180199996687,32.82786800024357],[-116.96180342436348,32.828599574385336],[-116.9617,32.8286],[-116.96173,32.82967],[-116.94582,32.82963],[-116.94598,32.82655],[-116.94339,32.82477],[-116.94381,32.82421],[-116.93461,32.82405],[-116.93461,32.82497],[-116.9335,32.82497],[-116.93349,32.82409],[-116.93348900035163,32.82409],[-116.93348900035163,32.82407800028861]]]}},{"type":"Feature","properties":{"GEOID":"06073014602","NAME":"Census Tract 146.02","BASENAME":"146.02","in_district_share":1.0},"geometry":{"type":"Polygon","coordinates":[[[-117.03845600044056,32.75039100011527],[-117.03845800009042,32.7505229998003],[-117.03820399964718,32.75052700024559],[-117.0380060001788,32.75053099993523],[-117.03789400002579,32.75054900004722],[-117.03780199996429,32.750577000130214],[-117.03770900007788,32.7506180003169],[-117.03763600028296,32.75066300016832],[-117.03750099966541,32.7507600003752],[-117.03729700034921,32.750912000144226],[-117.03713300031768,32.751035000184956],[-117.03664200004802,32.751404000043536],[-117.03647899984139,32.75152799969387],[-117.03594499991401,32.75192099980887],[-117.03434599960661,32.753102000113785],[-117.03381300040243,32.753496000350026],[-117.03386100008302,32.753555000208536],[-117.03400500002306,32.75373200030497],[-117.03405299970363,32.75379100000715],[-117.03380900020447,32.753933000295326],[-117.03307699991036,32.75436000005851],[-117.03283400023614,32.75450299969501],[-117.03275899989308,32.754410000057895],[-117.03253600031029,32.754133000327826],[-117.03246199979213,32.75404099980962],[-117.0322130002701,32.75418500021739],[-117.03146500008248,32.75461700004376],[-117.03121700038535,32.754761999772846],[-117.0310159996456,32.75487700004139],[-117.03041599959596,32.755223999695524],[-117.03021599957944,32.755340999859726],[-117.02983399998801,32.75556100009449],[-117.02868800031543,32.7562269997107],[-117.02830699965061,32.75644999996876],[-117.02821799996217,32.75641500009393],[-117.02812000005287,32.75639600017771],[-117.02800799989988,32.75639600017771],[-117.0279300000821,32.75640999967895],[-117.027854999739,32.756435000239925],[-117.02783200017276,32.75644500031121],[-117.02759899964596,32.75657400014844],[-117.02750199956158,32.7566279998315],[-117.02738600010895,32.75667600036178],[-117.02724600036686,32.75671200036473],[-117.02711699959711,32.756725999816354],[-117.0270029997943,32.756725999816354],[-117.02688999981638,32.75671200036473],[-117.02683100026516,32.756698000155424],[-117.02678100003645,32.756686999881566],[-117.02667599955616,32.75664900016113],[-117.02658400039296,32.75660400031216],[-117.02634599984329,32.75697100006195],[-117.02632699957671,32.757035000264885],[-117.02632800029991,32.7571059997397],[-117.02634599984329,32.757159999855695],[-117.02637500015558,32.757206999874015],[-117.02721299985659,32.7582390003732],[-117.0275319996988,32.75863100012822],[-117.027782999769,32.75894100021572],[-117.02854000017744,32.759877999901924],[-117.0287920000725,32.76018999980865],[-117.0286089997744,32.76029800004462],[-117.02806300015146,32.76062300015344],[-117.02799299983126,32.7606649996788],[-117.02807800022008,32.760763999938554],[-117.027778999571,32.76093700008247],[-117.02700100014447,32.76138900018205],[-117.02693199964918,32.76142599996825],[-117.0268749997478,32.76144199978938],[-117.02685600037951,32.761448000099264],[-117.02679100008221,32.761456000008195],[-117.02670800024153,32.76145099987635],[-117.0266150003551,32.76143799983437],[-117.02655000005778,32.76144100036724],[-117.02653300033933,32.761444000144515],[-117.02645700017135,32.76146799987028],[-117.02639000022421,32.76150699997738],[-117.02634099982039,32.761552000370315],[-117.02631099968316,32.76159300003702],[-117.02628999976676,32.76163499986027],[-117.02627899989612,32.76167399989428],[-117.02616699974311,32.76209100011938],[-117.02609800014616,32.762267999869046],[-117.02602100015324,32.76241900022669],[-117.02591999987092,32.76257599980672],[-117.02584899972581,32.7626639999169],[-117.02580199987011,32.7627239999079],[-117.02578299960356,32.76274599971817],[-117.02563799983861,32.76295900017555],[-117.02562500031813,32.76297700004188],[-117.02558400031023,32.763025000171275],[-117.02557699973923,32.76304999963045],[-117.02556900024165,32.763059000310236],[-117.0255459997771,32.7630870002372],[-117.02553900010442,32.763097000316876],[-117.02552300021087,32.763116999717475],[-117.02547700018015,32.763178000316636],[-117.02546200011152,32.76319899985689],[-117.02489100037421,32.763021000287374],[-117.0245940002733,32.76292899988661],[-117.02392899992635,32.762801999760114],[-117.02315499979944,32.76257999971061],[-117.02296700037678,32.76252700002525],[-117.02257300019149,32.76244700035493],[-117.02258900008502,32.762477000050865],[-117.02250100022145,32.76251299997484],[-117.0221439998461,32.762662000344605],[-117.02202500002039,32.762712000215096],[-117.02180999993524,32.76280000019086],[-117.02149399956775,32.76292899988661],[-117.0211670002279,32.76306400035184],[-117.02095299996766,32.7631530001381],[-117.02074799992825,32.76323599964636],[-117.02045300037547,32.76335900004049],[-117.02013299980999,32.763488999836234],[-117.01992799977062,32.763574000093996],[-117.01988699976272,32.763590000284545],[-117.01976600028723,32.76364099978675],[-117.01974700002064,32.76364999965144],[-117.01972600010423,32.76365900027062],[-117.0196950001421,32.76367199998831],[-117.01963099966969,32.763700999874686],[-117.01960200025569,32.763713000189604],[-117.01957200011846,32.76372800020321],[-117.01938200014764,32.76340199994164],[-117.01881300006019,32.76242400030418],[-117.01862399991428,32.762097999800346],[-117.01858600027946,32.76203000028633],[-117.01847300030155,32.76182800026823],[-117.01843599959332,32.76176099996656],[-117.0182230000563,32.761394000317374],[-117.01758700002165,32.76029400003822],[-117.01737500030956,32.75992799982499],[-117.01681899974254,32.75896799972142],[-117.01670800031278,32.758776000120704],[-117.01667200032777,32.75870800033598],[-117.01660500038064,32.75855600027387],[-117.01655599997682,32.7583929998892],[-117.01652699966449,32.75822999996157],[-117.01650200044847,32.757822999701666],[-117.016470999588,32.75730200006034],[-117.01645499969446,32.75721800008365],[-117.0164129998617,32.757065999744626],[-117.01634799956435,32.756902000181256],[-117.01626800009674,32.756751000288546],[-117.01617199983725,32.756607000252444],[-117.01606899990509,32.756480000174236],[-117.01594400023161,32.75635299991497],[-117.0157940004438,32.7562269997107],[-117.01564299993275,32.75612300001938],[-117.01554699967326,32.75606799979212],[-117.01548099955104,32.75603100004591],[-117.01454699959056,32.75559300033066],[-117.0145199998264,32.75558000018888],[-117.01444200000857,32.75554399972832],[-117.01441600006932,32.755533000067345],[-117.01426200008353,32.75544199972935],[-117.01418599991554,32.75538399985562],[-117.01353099961433,32.75488900003462],[-117.01331300005444,32.7547239999865],[-117.01327799989436,32.75469599969619],[-117.01317400013727,32.75461500029071],[-117.01313999980209,32.75458800022069],[-117.01301000010574,32.75448799963826],[-117.01297599977055,32.754461999785725],[-117.01262299959313,32.7541839999583],[-117.01249500044494,32.75408300017294],[-117.01239699963732,32.754002000209944],[-117.01216400000884,32.75380900021583],[-117.01210299990946,32.753758999879054],[-117.01200500000016,32.75367800037688],[-117.01194999974858,32.75363899986284],[-117.01179499993789,32.75351200008507],[-117.01174200023443,32.75347099971957],[-117.01169700002862,32.75343399964992],[-117.01215899998597,32.75304900007552],[-117.01246199993467,32.752782999892005],[-117.01263900038498,32.752628000219666],[-117.01274700034001,32.75253399985806],[-117.01325899962778,32.75208899985381],[-117.01360099993454,32.75178899992903],[-117.0138870001648,32.75154199996032],[-117.01414999993055,32.75133499962727],[-117.01420299963398,32.751295000062164],[-117.01497900030904,32.75062000015964],[-117.01503600021044,32.75059299963408],[-117.01519699986892,32.750436999627084],[-117.0179700003363,32.748220000130736],[-117.01813000016988,32.748098000308076],[-117.01819899976685,32.748052999916425],[-117.01848800037017,32.747902999705815],[-117.01853199985277,32.74788800004859],[-117.01881600043323,32.74772600011463],[-117.01882599958066,32.7477199996357],[-117.01909699974229,32.74758300017531],[-117.01937200010191,32.74745900032209],[-117.01963999989052,32.747350999626896],[-117.01975700006639,32.74730899986686],[-117.0199570000829,32.747240999637754],[-117.02007900028165,32.74720200008287],[-117.0203999997737,32.74711199988261],[-117.02068900037703,32.74704400025864],[-117.02101400006703,32.7469840002807],[-117.02132600023658,32.74694200034763],[-117.02134100030518,32.74693900008181],[-117.0215179998572,32.74692600018802],[-117.02165699977436,32.74691399987756],[-117.02195600042342,32.74690200032099],[-117.02228899961105,32.74690499983251],[-117.02260499997851,32.74692200033655],[-117.02412200027018,32.74704600018168],[-117.0251800000792,32.74712400016645],[-117.0264379999048,32.74722000011201],[-117.02655500008065,32.74721600027375],[-117.02663799992133,32.747214000354596],[-117.02690800025806,32.74719100014724],[-117.02702399971068,32.74717800029021],[-117.0277209998447,32.7471020002745],[-117.0280449997098,32.7470680000874],[-117.0285240002839,32.74699999967435],[-117.02901899985325,32.74691599980352],[-117.02954100008505,32.74681399974591],[-117.02979399980504,32.74675499995558],[-117.03009099990598,32.746688999990155],[-117.03047500004554,32.74658999995032],[-117.03049000011411,32.746584999739305],[-117.03053500031999,32.74657399972748],[-117.03055100021349,32.746571000204824],[-117.03063499987907,32.74654900017636],[-117.030671999689,32.74653600022565],[-117.03103599973707,32.746431999796236],[-117.03114299986719,32.74640199998398],[-117.03115799993583,32.74639699976246],[-117.03134200005884,32.74634200032921],[-117.0318960000777,32.7461810001995],[-117.03208100002563,32.74612799982092],[-117.0322409998592,32.74607999965046],[-117.03272299990805,32.74593900003909],[-117.03288399956652,32.74589400006791],[-117.03319800028422,32.74580099975317],[-117.03414200029042,32.74552700000842],[-117.03445699993469,32.745436000025336],[-117.03451600038423,32.74548300018596],[-117.03462099996621,32.74554799993319],[-117.03467799986761,32.745574000121046],[-117.0347609997083,32.745600999901235],[-117.0347830003479,32.745610000077974],[-117.03490899984631,32.74563600024774],[-117.0350229996491,32.74564400006594],[-117.035135999627,32.74563899980187],[-117.03574300024766,32.745542000063104],[-117.03579799960093,32.745536999793316],[-117.03588800001262,32.7455309999225],[-117.03601799970895,32.74553600019263],[-117.03614599975545,32.745555000158866],[-117.03615999999916,32.745557000115326],[-117.03626999960404,32.74558199994481],[-117.0362880000457,32.745587000212076],[-117.03637400025941,32.74562100020882],[-117.03646999962055,32.7456720001796],[-117.03667399983507,32.74579299994907],[-117.03673300028463,32.74582800022015],[-117.03680000023176,32.745869000325925],[-117.03689399994309,32.74592499964752],[-117.03717900034844,32.74609400001766],[-117.03727399988469,32.746151999896455],[-117.03732800031135,32.74618599967757],[-117.03748999979476,32.74628799969865],[-117.03754500004634,32.746322999775245],[-117.03771400010075,32.747033999887385],[-117.03822399973868,32.74916700017535],[-117.03839399961798,32.749880000113926],[-117.0384220001054,32.750006000231295],[-117.03846099956515,32.75017700026743],[-117.03845499971736,32.75028100010235],[-117.03845600044056,32.75039100011527]]]}},{"type":"Feature","properties":{"GEOID":"06073013601","NAME":"Census Tract 136.01","BASENAME":"136.01","in_district_share":1.0},"geometry":{"type":"Polygon","coordinates":[[[-116.98735000040897,32.74856800035418],[-116.98734899968574,32.74871199978845],[-116.98734399966287,32.74929099991764],[-116.98732899959425,32.75102899992892],[-116.98732500029463,32.75160899964027],[-116.98732199992158,32.75182799974221],[-116.98731600007379,32.752438999874016],[-116.98730600002804,32.75248400031647],[-116.9872969998072,32.75253300033588],[-116.98726199964712,32.75262500014534],[-116.9872259996621,32.75268699989764],[-116.9871600004382,32.75276500023147],[-116.98708099989713,32.7528330000212],[-116.98704599973705,32.75285800007529],[-116.98693799978201,32.752922999729776],[-116.98619799999031,32.753371999662114],[-116.98611099995168,32.75343399964992],[-116.98603700033182,32.75350599999588],[-116.98600600036968,32.753546000079005],[-116.98597600023245,32.75358799992027],[-116.98593199985153,32.753675999847246],[-116.98590500008737,32.753763000179006],[-116.98589300039178,32.7538630000645],[-116.98589300039178,32.753898000186815],[-116.98589300039178,32.75392900000301],[-116.98591099993513,32.75403299998994],[-116.98596100016384,32.75431499980842],[-116.98599899979868,32.75443400016854],[-116.98600299999664,32.75444699972206],[-116.98605499987517,32.754559999887626],[-116.98614399956362,32.75469099994024],[-116.98622599957942,32.75478700004097],[-116.98644999988538,32.75506800024474],[-116.98655100016772,32.75519399982235],[-116.98657799993191,32.75522799992967],[-116.98666099977258,32.75533199991068],[-116.98668900025997,32.75536700021114],[-116.98674000031362,32.75543200030093],[-116.98676799990272,32.75546699980659],[-116.98700499972918,32.75576899991287],[-116.98707699969918,32.75587599998244],[-116.98711699988216,32.755966999876975],[-116.98721300014162,32.7561829998852],[-116.98722999986006,32.75624800013489],[-116.98725699962422,32.756347000017186],[-116.98727199969287,32.75646199974999],[-116.98727900026387,32.756510999847166],[-116.98727900026387,32.756536999857],[-116.98728000008879,32.75662900006319],[-116.98728099991371,32.75667600036178],[-116.98727199969287,32.756761000324346],[-116.98726699967,32.75681099973121],[-116.98724599975357,32.75692699984858],[-116.98722400001228,32.75699699993748],[-116.98721300014162,32.757032999810654],[-116.98720999976857,32.757042999814836],[-116.98719200022522,32.757084000046795],[-116.9871479998443,32.757202000258985],[-116.9871400003467,32.75722399992274],[-116.9870780004224,32.757337999810225],[-116.98706500000361,32.757361999887216],[-116.98697499959195,32.75749200012894],[-116.98693799978201,32.75753400037569],[-116.98687300038301,32.7576110000211],[-116.98685099974335,32.75763300033929],[-116.98671900039722,32.757754999944645],[-116.98657999958174,32.75786300011219],[-116.98644999988538,32.757944999802184],[-116.98635699999895,32.757992999622516],[-116.98629800044773,32.75802499974019],[-116.98610799957862,32.758104000146716],[-116.98598700010311,32.75814399967556],[-116.98553900038945,32.75827599995743],[-116.9854160003658,32.75831399973906],[-116.98529800036503,32.75836399978482],[-116.98519000041,32.758421999984094],[-116.98507599970885,32.75849999982774],[-116.98498500037059,32.7585780003586],[-116.98475000019394,32.75882000017595],[-116.98470900018604,32.758861999796345],[-116.98435500018373,32.75923199991293],[-116.98432500004648,32.75926400034079],[-116.9841719998856,32.75938799962384],[-116.98411099978624,32.75942800008675],[-116.98399399961039,32.75950800020333],[-116.98389099967822,32.759566999856105],[-116.9834039996065,32.75982200028725],[-116.98316599995513,32.759950000326114],[-116.98309499981004,32.759989999781176],[-116.98288300009793,32.76010900011227],[-116.98281299977772,32.760149999688],[-116.98218900033696,32.76050600013004],[-116.9815159995941,32.76089099995039],[-116.98123799975976,32.76103399967552],[-116.98092200029056,32.761175999745795],[-116.98065699997669,32.761280999758526],[-116.98037199957133,32.761380000088806],[-116.98024600007298,32.76141699987876],[-116.98008000039162,32.76146799987028],[-116.97977400006987,32.76154499989104],[-116.97954999976388,32.76159099968524],[-116.97949200003755,32.76160300028451],[-116.97946899957303,32.76160799965244],[-116.97941300039484,32.76161699972262],[-116.97900099976786,32.76168800007662],[-116.97886400039883,32.76171299991115],[-116.97860499993276,32.76175800019997],[-116.97847699988624,32.761780999667266],[-116.97787500018678,32.76187699967897],[-116.977825999783,32.761881000369684],[-116.9776650001245,32.761897000109045],[-116.97756399984215,32.76190200021586],[-116.97739800016082,32.7618819997869],[-116.97690199986826,32.76182599992173],[-116.97673700001182,32.7618079998227],[-116.97667900028551,32.76191299984554],[-116.97666300039198,32.761945000065275],[-116.97657499963013,32.76207700000041],[-116.97647199969796,32.76220099989855],[-116.97646400020034,32.76220800032624],[-116.97637999963646,32.762296000044785],[-116.97609199975633,32.76258800027321],[-116.9756020002099,32.7630870002372],[-116.9755029995774,32.7632119996418],[-116.97541700026197,32.7633450001209],[-116.97531099995678,32.763530000121804],[-116.97510799956719,32.76388700004138],[-116.97506900010742,32.76395400025399],[-116.97495399958139,32.764158000275074],[-116.97491599994656,32.764225999674636],[-116.97434000018639,32.76438600027867],[-116.97414699984253,32.764440999900586],[-116.9739419998031,32.76448299989115],[-116.97271300028987,32.76468200026049],[-116.97260500033484,32.76471400024038],[-116.9725810000454,32.764724000137306],[-116.97250499987742,32.764759999908094],[-116.9724129998159,32.76481899985761],[-116.97233499999808,32.7648870002631],[-116.97226999970077,32.7649659998691],[-116.97221899964713,32.76505200036448],[-116.97220199992871,32.76509000027584],[-116.97219799973077,32.765129999687915],[-116.97218500021026,32.765144000082195],[-116.97217699981434,32.765169999837404],[-116.97216599994371,32.76522499973037],[-116.97216299957066,32.76531099997559],[-116.97216299957066,32.765354999822975],[-116.97217699981434,32.76593800028002],[-116.97216699976863,32.76599600007786],[-116.97216000009591,32.766046999712515],[-116.97210900004228,32.7662020002003],[-116.9719969998893,32.76614600003082],[-116.97189200030729,32.76610799981487],[-116.97186100034516,32.766100999693776],[-116.97176699973552,32.76608000008263],[-116.97165399975762,32.76606900021243],[-116.97131200034917,32.76606099996259],[-116.97105999955578,32.76605600008936],[-116.97084299982079,32.766052000341645],[-116.97079299959208,32.76605100021585],[-116.97066299989575,32.766046999712515],[-116.97027499955823,32.7660390002161],[-116.97014599968679,32.766038000090155],[-116.97014599968679,32.7658070001549],[-116.97014700041004,32.76511800031941],[-116.97014800023493,32.76488799964657],[-116.97014800023493,32.76422900011349],[-116.97014900005985,32.76403099963554],[-116.97015599973254,32.76286100025184],[-116.97016099975541,32.7627030002556],[-116.9702029995882,32.76238700017733],[-116.97020000011348,32.76233300020952],[-116.97016800032642,32.76226500011954],[-116.97004299975463,32.761995999754404],[-116.97000599994473,32.761941000132865],[-116.96995099969313,32.76189099982945],[-116.96988299992107,32.76185300006345],[-116.96974999985169,32.761805000057635],[-116.96960400026181,32.761811000343044],[-116.96929000044244,32.761811999761086],[-116.96901500008285,32.761815000281295],[-116.96892600039436,32.76181900021937],[-116.96879800034786,32.76183499996988],[-116.96825500019966,32.76195299992957],[-116.9680900003432,32.7619749999304],[-116.96794399985502,32.76198000003283],[-116.96792600031169,32.761977999689684],[-116.96776599957978,32.76196899965599],[-116.96747100002699,32.761921999884905],[-116.9674989996161,32.76182199998397],[-116.96751500040794,32.761790999893684],[-116.96754100034721,32.76174199968019],[-116.96759400005067,32.761672999719245],[-116.96779200041739,32.761484999860954],[-116.96789299980139,32.7613900003602],[-116.96859300030845,32.761276000372284],[-116.96878999995194,32.76124500009185],[-116.96891499962541,32.761213999800674],[-116.96903199980129,32.76116600020575],[-116.96912600041094,32.76111200025283],[-116.96921000007652,32.76104699977648],[-116.96929100026736,32.76096200012787],[-116.96935499984147,32.760865999885056],[-116.96939500002442,32.760775999893895],[-116.96942199978861,32.760668999668546],[-116.96946399962141,32.75983600000535],[-116.9694629997965,32.75977100010833],[-116.96945199992585,32.759653000278625],[-116.9694489995528,32.75961999979252],[-116.96941500011593,32.759458000044496],[-116.96926100013013,32.758971999787406],[-116.96924400041168,32.758919000220736],[-116.96919400018297,32.75876299968817],[-116.96917800028946,32.75871100020537],[-116.9690190002808,32.758200999804096],[-116.96874399992119,32.757320000314806],[-116.96870499956312,32.75721999977826],[-116.96864099998903,32.75710800019225],[-116.96855899997325,32.75700599971826],[-116.96833399984234,32.756794000359115],[-116.96801199962708,32.75649099971825],[-116.9679499997028,32.75642500016747],[-116.96790799987001,32.75634200035392],[-116.96788899960342,32.756261000179116],[-116.96787100006007,32.75573999970944],[-116.96786500021231,32.75556599980166],[-116.96784500012083,32.754920000261365],[-116.96782500002934,32.75478400003937],[-116.96779300024228,32.75467899992033],[-116.96778499984636,32.75465100037136],[-116.96772600029512,32.7545230002704],[-116.96764799957903,32.75440200027141],[-116.96755399986769,32.75429000016336],[-116.96745599995839,32.75419900006626],[-116.96735800004912,32.75412600002073],[-116.9672169995838,32.754011000293445],[-116.96705599992531,32.75385599973618],[-116.96693100025185,32.75371100004306],[-116.96682099974869,32.75355899976214],[-116.96672500038753,32.753400000368735],[-116.9666390001738,32.75322200009804],[-116.9665760004246,32.75305099986374],[-116.96652700002079,32.75286400020813],[-116.96650000025663,32.75269999970616],[-116.96648699983784,32.75250800019056],[-116.96648900038598,32.75244999991712],[-116.96649400040884,32.75231600026107],[-116.96652299982284,32.75211200030748],[-116.9666550000673,32.751575999950816],[-116.96667799963352,32.75145299990163],[-116.96669000022742,32.75134000032714],[-116.96670299974788,32.75123399963319],[-116.96670399957281,32.751171000087524],[-116.96670699994586,32.75102799963437],[-116.96669299970215,32.750821999914656],[-116.96666199974001,32.75063300026989],[-116.96665800044039,32.75060500020446],[-116.96660599966351,32.75040299995734],[-116.9665470001123,32.75020799986771],[-116.9664690002945,32.75001300010668],[-116.96646300044668,32.74999999990598],[-116.96636999966196,32.749816000058],[-116.96624599981341,32.749616000153516],[-116.96610699989624,32.749430999955386],[-116.96599300009342,32.74928099979858],[-116.96590199985683,32.749134999897],[-116.96582300021412,32.748983999679744],[-116.96579499972668,32.748914000092626],[-116.96563499989313,32.74852100031008],[-116.96541899998306,32.74796200024693],[-116.9650130001022,32.74691399987756],[-116.9649360001093,32.746709000053485],[-116.96483200035225,32.746431999796236],[-116.96478799997129,32.746281999878406],[-116.96478100029861,32.7462550003046],[-116.9647460001385,32.74605499996073],[-116.96472400039718,32.74568900016338],[-116.96454600012197,32.745796999851216],[-116.9643240003641,32.74593199984358],[-116.96425099967087,32.745961999814114],[-116.96417299985308,32.74597899974255],[-116.9640919996622,32.74598399998752],[-116.96401100036967,32.745976999795545],[-116.96396899963855,32.74596500011278],[-116.96393400037677,32.74595599997191],[-116.96386200040676,32.745924000051176],[-116.96378500041386,32.74587300022465],[-116.96386999990436,32.745779000290135],[-116.96388900017095,32.745753000162104],[-116.96397600020956,32.7456409997564],[-116.96406099970007,32.74550800003621],[-116.96413600004314,32.74535099983263],[-116.96420600036333,32.745209000218715],[-116.96423099957939,32.74515600001746],[-116.96430799957227,32.74499899994916],[-116.96433400040985,32.74494699998588],[-116.9649720000943,32.7448150003495],[-116.96562099964945,32.74470799983683],[-116.96621599967617,32.74463599993494],[-116.9662319995697,32.744635000324195],[-116.96700900006965,32.744573999867924],[-116.96742900019423,32.744573999867924],[-116.96909899974843,32.74462800002623],[-116.97022699987764,32.74463599993494],[-116.97248599961084,32.74465399972701],[-116.97361100026534,32.7446640003654],[-116.97473900039455,32.744674999857544],[-116.97486900009088,32.7447599999396],[-116.97525900007825,32.74501600006135],[-116.97538999959947,32.74510200017918],[-116.97614899965778,32.74561299963298],[-116.97649500016247,32.745845999771376],[-116.97824099988468,32.74738499970598],[-116.97882099984282,32.747895999664635],[-116.97896399995797,32.74789800032403],[-116.97907500028603,32.747911999649986],[-116.97922900027183,32.747911999649986],[-116.98002799961478,32.747921999922724],[-116.98029499957846,32.74792599972928],[-116.98060199972511,32.747927999632516],[-116.9815230001651,32.74793700032972],[-116.98183000031177,32.7479419997093],[-116.98213099971233,32.7479430000385],[-116.98303399971066,32.74795099964959],[-116.98333599983444,32.74795500021039],[-116.98414000009858,32.74796200024693],[-116.98655199999263,32.74798500025517],[-116.98735600025677,32.74799400019112],[-116.98735399970863,32.74813700022625],[-116.98735000040897,32.74856800035418]]]}},{"type":"Feature","properties":{"GEOID":"06073016201","NAME":"Census Tract 162.01","BASENAME":"162.01","in_district_share":0.5159},"geometry":{"type":"Polygon","coordinates":[[[-116.97964100000046,32.81819200014703],[-116.97964199982539,32.81799199989776],[-116.97964199982539,32.81791999963744],[-116.97964799967318,32.81749999972395],[-116.97964799967318,32.81710700007208],[-116.97964900039638,32.816836999880174],[-116.97964500019843,32.816345000104924],[-116.9796350001527,32.8148699998641],[-116.97963199977964,32.81437999968649],[-116.97962500010696,32.813902999754596],[-116.97960500001545,32.81247199969523],[-116.97959900016767,32.8119950000911],[-116.97960099981749,32.81178999991455],[-116.97961000003833,32.811175999941085],[-116.97961300041138,32.81097199976113],[-116.97961300041138,32.81053299978784],[-116.9796140002363,32.80921599969184],[-116.97961500006122,32.80877900015063],[-116.97961599988612,32.808709000022716],[-116.97962000008407,32.80850599986858],[-116.97962199973388,32.80843800033437],[-116.97962099990899,32.80822700008288],[-116.97962000008407,32.80770099976913],[-116.97963099995472,32.807594999756795],[-116.97965299969604,32.80738599984649],[-116.98061099994595,32.807311999973535],[-116.98348499979737,32.807089999985116],[-116.98444300004728,32.807015999865776],[-116.98508699957952,32.80697299990074],[-116.98652699987828,32.80688299973101],[-116.98682800017714,32.80684800005987],[-116.98701700032302,32.806814999710134],[-116.98710500018662,32.8068020002554],[-116.98738899986874,32.80673999969342],[-116.98764599978668,32.80667099989393],[-116.98787500011551,32.80659599975565],[-116.98792500034425,32.8065799997482],[-116.98822099972193,32.80646499984563],[-116.9884640002945,32.806353999995515],[-116.98853999956417,32.80631400023999],[-116.98871399964143,32.80622499983225],[-116.98875299999949,32.806201999771794],[-116.98895399984096,32.806082999921955],[-116.9891959996903,32.80592100019385],[-116.98942500001915,32.80574599980624],[-116.98968899960977,32.80551800007877],[-116.9901189997801,32.80514900031389],[-116.99082400031001,32.80457800015291],[-116.99157499997239,32.80410099970834],[-116.99216499997627,32.803813999811084],[-116.99258000007796,32.80365800020691],[-116.99260099999435,32.80364899985837],[-116.99322000031056,32.803433999986765],[-116.9937030001843,32.80327999988555],[-116.99406999970712,32.80320200002665],[-116.99517100007215,32.80297000021615],[-116.9955390003182,32.80289299979699],[-116.99593199978028,32.80281500035362],[-116.9971100001382,32.80258100010269],[-116.99750400032353,32.80250400010162],[-116.99768800044652,32.80246600031187],[-116.99823999991726,32.80235200009011],[-116.99842400004027,32.802314000235384],[-116.99884099979178,32.80221599985947],[-116.99960099967497,32.80203799980953],[-116.99983199965365,32.801971000334724],[-117.00005699978456,32.80189200035944],[-117.000081000074,32.801880999630896],[-117.00027600006767,32.80180099985168],[-117.00047199988624,32.80170600035068],[-117.00072399978134,32.80173199999371],[-117.00148000036486,32.801811000111186],[-117.00173300008487,32.80183800020215],[-117.00196400006354,32.801868000209694],[-117.0021950000422,32.801914000302254],[-117.00242000017312,32.801974000255974],[-117.00264100010607,32.80204500012367],[-117.00286399968881,32.80212000032648],[-117.003226999912,32.802237000003046],[-117.00334599973766,32.80226699987595],[-117.00350700029446,32.80230900013403],[-117.00377699973288,32.80235899962439],[-117.00393400009173,32.80237999973423],[-117.00470999986845,32.80246700002835],[-117.00484499958766,32.80248099983343],[-117.0053479995529,32.802536999786675],[-117.00560899966881,32.80258800037408],[-117.00570499992828,32.80261000014463],[-117.00566800011836,32.80527599964876],[-117.00565200022483,32.80750399980209],[-117.00563299995828,32.80774699986338],[-117.00559699997325,32.808053000114114],[-117.00558899957733,32.808123999656516],[-117.00552699965306,32.80849700001092],[-117.00545300003319,32.80887000030996],[-117.0054179998731,32.80900800021618],[-117.00527800013101,32.80941299963932],[-117.0052565056673,32.80946601319173],[-116.99894,32.80951],[-116.9971,32.80807],[-116.9967,32.80945],[-116.99879,32.81104],[-116.99781,32.81219],[-116.99842,32.81411],[-116.99441,32.81128],[-116.9935,32.80916],[-116.99421,32.80863],[-116.99245,32.80849],[-116.99124,32.80946],[-116.99126,32.81353],[-116.99002,32.81352],[-116.98995,32.8149],[-116.98873,32.81457],[-116.99033,32.81854],[-116.98855,32.82017],[-116.98845,32.8181],[-116.97966124605037,32.81827905780543],[-116.97964100000046,32.81819200014703]]]}},{"type":"Feature","properties":{"GEOID":"06073015302","NAME":"Census Tract 153.02","BASENAME":"153.02","in_district_share":1.0},"geometry":{"type":"Polygon","coordinates":[[[-116.98839800017225,32.77772700003693],[-116.9883710004081,32.77779199966294],[-116.9883599996391,32.777808000318885],[-116.98810699991913,32.77820399996457],[-116.98809299967539,32.778238000347876],[-116.9880769997819,32.77831200024871],[-116.98807900033005,32.77839499997235],[-116.98809900042153,32.77846899974261],[-116.98816999966832,32.77845699990654],[-116.98819300013285,32.7784529999608],[-116.98818399991201,32.778558999972184],[-116.98817999971406,32.778607000007064],[-116.98816700019356,32.77878900006141],[-116.9881610003458,32.778870000131896],[-116.98815600032293,32.77893699964027],[-116.98815299994988,32.77897900034348],[-116.98815100030005,32.77900699979422],[-116.98814200007921,32.779118999774894],[-116.98808900037577,32.779117999795936],[-116.98623399997531,32.779081999790165],[-116.98616899967799,32.77908099981073],[-116.98585200038389,32.779095000276456],[-116.98558500042022,32.779119999753846],[-116.98551099990205,32.77913100027697],[-116.98540499959682,32.779147999915494],[-116.98519299988473,32.77918499987283],[-116.98513299961026,32.77919499965455],[-116.98501600033272,32.779215999947745],[-116.98492900029409,32.779238000213596],[-116.98477699995813,32.779281999973726],[-116.98466399998023,32.77931799989857],[-116.98446899998655,32.77938399984891],[-116.98427999984067,32.77946500013303],[-116.98409400006784,32.779563999876544],[-116.9839719998691,32.779622999831574],[-116.9837609999819,32.77973799970824],[-116.98351300028477,32.779875000299846],[-116.98329800019962,32.78001199992523],[-116.98306499967279,32.78017999983397],[-116.98282799984632,32.780376999920804],[-116.98264399972331,32.78054999971018],[-116.98245100027779,32.780746999732976],[-116.98225399973599,32.78097500029216],[-116.98218599996392,32.781064000295586],[-116.98207200016108,32.78121299982194],[-116.98202699995527,32.78127899987706],[-116.98194800031256,32.78141199979364],[-116.98183799980939,32.781583999885015],[-116.98174800029601,32.78174500020049],[-116.98168800002153,32.781851000066254],[-116.98159599996002,32.78201599968429],[-116.98145600021796,32.782306000285416],[-116.98130300005708,32.78237500011215],[-116.98123199991197,32.78239700035215],[-116.98115200044434,32.78242300035407],[-116.98109399981972,32.78244200000217],[-116.98101900037493,32.7824660001083],[-116.98094900005476,32.78249000020794],[-116.98063400041048,32.78260400021526],[-116.98022500015658,32.7827559999978],[-116.98000500004854,32.78285200004464],[-116.97981699972756,32.78294999985971],[-116.97971600034354,32.783008999835054],[-116.97963699980251,32.783057999669666],[-116.97946299972524,32.78317999992656],[-116.97932399980807,32.78319399974723],[-116.97922599989877,32.78317099977092],[-116.97918499989088,32.78314599992129],[-116.97917499984517,32.78313899962983],[-116.97912600033966,32.7831139997712],[-116.97901800038463,32.78305100012648],[-116.97869500034444,32.782866999853766],[-116.97858900003922,32.782805999909236],[-116.97855800007709,32.782787000338935],[-116.97846600001559,32.78273599972322],[-116.97843599987834,32.78271900001499],[-116.97833700014415,32.782662999664815],[-116.97804000004324,32.78249699979522],[-116.97794200013394,32.78244200000217],[-116.9778409998516,32.782386000232826],[-116.97753899972781,32.78221799995814],[-116.9774390001687,32.782162000047805],[-116.97716899983195,32.78201000000565],[-116.97637499961357,32.78156500005374],[-116.97635899972003,32.78155599973471],[-116.97608900028162,32.78140500012101],[-116.97604300025085,32.781380999728654],[-116.97590799963335,32.78130900002324],[-116.97586300032582,32.78128600031487],[-116.97583200036365,32.78126900032957],[-116.97573000025643,32.78121499973277],[-116.97533199987318,32.78100199991224],[-116.97519999962869,32.780931999817355],[-116.97507699960505,32.780865000300714],[-116.97470800043241,32.78066699982232],[-116.97458600023367,32.780601000068486],[-116.97449800037012,32.780551999635904],[-116.9742360004293,32.78040599965137],[-116.97422300001051,32.780399999864144],[-116.97413799962169,32.780399999864144],[-116.97408499991826,32.780399999864144],[-116.97393000010754,32.780399999864144],[-116.97387800022902,32.78040199979331],[-116.97371599984731,32.780399999864144],[-116.97322999960049,32.78039799993501],[-116.97306800011711,32.78039799993501],[-116.97297000020782,32.78039799993501],[-116.97267999977959,32.780399999864144],[-116.9725829996952,32.780400999828714],[-116.97218500021026,32.780399999864144],[-116.97099199978372,32.78039899989959],[-116.9705950001237,32.78039899989959],[-116.97022799970256,32.78039799993501],[-116.96912700023583,32.780396000005766],[-116.96875999981472,32.780396000005766],[-116.96832600034475,32.78039500004115],[-116.96702599978809,32.78039200014725],[-116.96659300014304,32.78039200014725],[-116.96637600040805,32.78039100018259],[-116.96572600012973,32.7803890002532],[-116.96551000021964,32.78039000021788],[-116.9653229997236,32.7803890002532],[-116.96476200003204,32.7803890002532],[-116.9645760002592,32.78039000021788],[-116.96444999986248,32.7803890002532],[-116.96407300029394,32.780388000288504],[-116.96394799972217,32.780388000288504],[-116.96361800000926,32.780386000359094],[-116.96263100034535,32.780386000359094],[-116.96230199955909,32.780386000359094],[-116.96206499973263,32.780384999639104],[-116.96135400025324,32.780384999639104],[-116.96111700042677,32.780384999639104],[-116.96087999970199,32.780382999709566],[-116.96017199969734,32.780382999709566],[-116.95993599969579,32.780383999674314],[-116.95974700044819,32.780382999709566],[-116.9591840002085,32.78038099978004],[-116.95899599988753,32.78038099978004],[-116.95876200043412,32.78037999981525],[-116.95806100010215,32.78037899985041],[-116.95782799957534,32.78037899985041],[-116.95797200041369,32.7796950001461],[-116.95797499988844,32.77966800012938],[-116.95800300037583,32.779448999775035],[-116.95801099987344,32.77930300024633],[-116.9580019996526,32.77749200023757],[-116.9580019996526,32.77740699967526],[-116.95802099991917,32.7772149998122],[-116.95806100010215,32.777022000287594],[-116.95811899982847,32.77683999964019],[-116.95814099956976,32.776785000126615],[-116.95820900024016,32.77663099994817],[-116.9582479996999,32.77656000018318],[-116.95830700014943,32.77645700008307],[-116.95865699995383,32.77593399994219],[-116.95879699969589,32.77572799968413],[-116.95889499960519,32.7755679998293],[-116.95896999994824,32.77541599985175],[-116.95903799972032,32.775232999673555],[-116.95905500033706,32.77516200030379],[-116.95908200010125,32.77505800007152],[-116.95910899986544,32.77486699969876],[-116.9591139998883,32.774674999642436],[-116.95909799999478,32.774497000361045],[-116.95906799985754,32.77433399970537],[-116.95905399961383,32.77428200025359],[-116.95900599993327,32.77412200006484],[-116.95894800020696,32.77398499967935],[-116.95863299966437,32.77339400021926],[-116.95851999968647,32.77318199985018],[-116.95848200005163,32.77309699970287],[-116.95842299960208,32.77295499976439],[-116.95840599988365,32.77280700005549],[-116.9583819995942,32.77282300009711],[-116.95833800011157,32.77267800032283],[-116.95829999957843,32.772493999748235],[-116.95829600027879,32.77247500024193],[-116.9582689996163,32.77225700036868],[-116.95826699996648,32.77221400021288],[-116.95821599991285,32.77148299967222],[-116.95819699964626,32.77121099976524],[-116.95819199962342,32.771145999864395],[-116.95817900010292,32.77096400004046],[-116.95815800018653,32.770651000049725],[-116.95814599959266,32.77041799984641],[-116.95813700027013,32.77023600004451],[-116.95811600035374,32.76975799962272],[-116.95809700008718,32.76932599998508],[-116.95810700013291,32.76912000029386],[-116.95813800009505,32.7689019997567],[-116.95818599977561,32.76870000022382],[-116.95825299972277,32.76850199987034],[-116.95831399982214,32.76835699985478],[-116.95845399956423,32.768062000109865],[-116.95851700021174,32.76792600032067],[-116.95855700039469,32.767840000335624],[-116.95867299984732,32.767591000103636],[-116.9587130000303,32.767508000123335],[-116.95874999984022,32.76743699987857],[-116.95885500032053,32.76722400031515],[-116.95889399978029,32.76714900014539],[-116.95896900012335,32.76701100024202],[-116.959092000147,32.76681799973925],[-116.95923000023926,32.76663100028934],[-116.95939300044589,32.766442000203796],[-116.95963199992217,32.7662020002003],[-116.95991700032752,32.765918000002394],[-116.96079400038656,32.765058999812645],[-116.96088700027299,32.76494600012845],[-116.96101000029662,32.76475200029603],[-116.96102399964202,32.76472900008534],[-116.96121600016096,32.76467700030975],[-116.96129099960572,32.76465699974882],[-116.96137699981946,32.76463499965536],[-116.96145399981232,32.76460999988589],[-116.96152300030761,32.7645740000545],[-116.96161899966877,32.76449799977503],[-116.96168599961594,32.7644590002227],[-116.96175900030919,32.76442999982787],[-116.96185399984543,32.764409999966794],[-116.962061000433,32.764400000034605],[-116.96223399978703,32.764392999779204],[-116.96233800044241,32.764392999779204],[-116.96235500016083,32.76439399992363],[-116.96248300020737,32.76441399978829],[-116.96250499994869,32.764418000365005],[-116.96299700004325,32.76454699998254],[-116.96316100007479,32.76459200034972],[-116.96323800006769,32.76461300031187],[-116.96346900004636,32.76468999987885],[-116.96389699966852,32.7648349998244],[-116.96398600025532,32.764865000226486],[-116.96438899976312,32.76500299967957],[-116.96451599998473,32.7650479998163],[-116.96469900028285,32.76509899999404],[-116.96510199979066,32.76519899999123],[-116.96548299955717,32.76529399996005],[-116.9655770001668,32.76531599989067],[-116.96567900027405,32.76535900035736],[-116.96576399976456,32.7654150002665],[-116.9658299998868,32.765478000311006],[-116.96588299959025,32.765551000115],[-116.9659429998647,32.7656740003323],[-116.96599300009342,32.76574400034322],[-116.96605599984261,32.7658070001549],[-116.9660969998505,32.76583600010115],[-116.96613000036076,32.76586100028173],[-116.96622700044514,32.76591099986636],[-116.96632100015648,32.76594099990583],[-116.96639999979918,32.765956999670976],[-116.96648600001292,32.7659680003104],[-116.96652799984571,32.76597300018857],[-116.96670799977076,32.76597599981321],[-116.9673770003157,32.76598799982146],[-116.96760099972335,32.76599200032745],[-116.96764799957903,32.76599100020093],[-116.96778900004433,32.76599399982495],[-116.96783599989998,32.76599600007786],[-116.96814100039683,32.766000999954464],[-116.96905899956545,32.76601600033797],[-116.96936499988722,32.766022999710366],[-116.96952100042114,32.76602499996255],[-116.96998900022628,32.76603499971222],[-116.97014599968679,32.766038000090155],[-116.97027499955823,32.7660390002161],[-116.97066299989575,32.766046999712515],[-116.97079299959208,32.76605100021585],[-116.97084299982079,32.766052000341645],[-116.97105999955578,32.76605600008936],[-116.97131200034917,32.76606099996259],[-116.97165399975762,32.76606900021243],[-116.97176699973552,32.76608000008263],[-116.97186100034516,32.766100999693776],[-116.97189200030729,32.76610799981487],[-116.9719969998893,32.76614600003082],[-116.97210900004228,32.7662020002003],[-116.9721319996085,32.766215999670614],[-116.97223200006592,32.7662870001339],[-116.97231699955643,32.766369999741926],[-116.9723779996558,32.76645099978531],[-116.97254900025834,32.76675800024129],[-116.97360100021957,32.76865100003623],[-116.97395199984886,32.76928299992392],[-116.9740339998646,32.76943000011743],[-116.97428099973683,32.76987200007967],[-116.97431599989694,32.769936000073464],[-116.97436799977547,32.7700179999746],[-116.97444499976837,32.77011899981353],[-116.97451400026367,32.77019200034369],[-116.97454699987561,32.770227000090294],[-116.97466999989926,32.770328999769816],[-116.97479000044817,32.77040799983371],[-116.97491500012164,32.770473000273576],[-116.97509500004671,32.77054499968273],[-116.9753069997588,32.77063100007566],[-116.97548199966097,32.770698999818094],[-116.9758619996026,32.77085000022679],[-116.9760099997406,32.77090100010186],[-116.97618800001581,32.77096299996984],[-116.97641300014672,32.77104300029608],[-116.97708799964109,32.77128500022211],[-116.9773139995969,32.77136600032506],[-116.97766400029958,32.771492000254725],[-116.97780700041474,32.771555999838995],[-116.97787199981376,32.77159199986814],[-116.97794299995884,32.771632000135234],[-116.97806900035556,32.77171800023321],[-116.97819900005189,32.77182399995857],[-116.97830299980897,32.77192900025322],[-116.97840400009132,32.77205400008287],[-116.97848100008419,32.772175000264355],[-116.97870799986492,32.77262099964366],[-116.97877300016224,32.77273200005802],[-116.97880900014727,32.772786999810556],[-116.97888799978996,32.7728909996755],[-116.97897900002654,32.77298599974367],[-116.97898999989721,32.772998000317564],[-116.97910500042326,32.773095000364854],[-116.9792190002261,32.773173000193864],[-116.97940099980097,32.77327500027376],[-116.97948000034201,32.773318999961134],[-116.97963699980251,32.77340599998281],[-116.9801079999807,32.773669000373204],[-116.98026500033953,32.77375700009194],[-116.9803320002867,32.773791999947306],[-116.98053300012813,32.773902000374186],[-116.98060099990022,32.77393900024694],[-116.98070100035764,32.77399400000889],[-116.9810009999333,32.7741609999155],[-116.98110200021561,32.77421899964237],[-116.98117900020853,32.774262000340144],[-116.9814100001872,32.77439100004274],[-116.9814870001801,32.77443399990208],[-116.98153099966272,32.77446900024651],[-116.98166499955703,32.77457499971659],[-116.98170999976286,32.77461100003513],[-116.98183600015955,32.774712999977545],[-116.98194300028968,32.77479900011956],[-116.98198599994737,32.774842999808776],[-116.98204600022184,32.77492499972083],[-116.98209100042767,32.77502099990875],[-116.98210999979595,32.77510100036385],[-116.98214800032909,32.7752600002807],[-116.98220600005538,32.77548899981372],[-116.98220900042847,32.77550100005009],[-116.98232400005618,32.77571800026806],[-116.98248999973754,32.7757919999987],[-116.98259199984479,32.77583699996805],[-116.98273099976197,32.77591599967468],[-116.98287300005217,32.77599800010858],[-116.98294199964916,32.77602499972831],[-116.98298900040315,32.77604099994669],[-116.98313199961996,32.77608899982932],[-116.98318000019883,32.77610600004902],[-116.98382600027921,32.77631700023976],[-116.9839790004401,32.77636800000318],[-116.98432699969634,32.77634099973221],[-116.98446999981145,32.7759470001331],[-116.98465800013243,32.775876999837834],[-116.98494500018761,32.77588399994535],[-116.98513699980823,32.775931999912665],[-116.98556100013076,32.77591399964469],[-116.9856280000779,32.775912000370035],[-116.98582300007158,32.775843000063],[-116.98617200005104,32.775634000295184],[-116.98641600044851,32.775491999872976],[-116.9865999996732,32.77538700000547],[-116.98683700039801,32.77532500019818],[-116.9870130001251,32.77534099978711],[-116.98698899983563,32.77555100026208],[-116.9869579998735,32.775832999904594],[-116.98694000033015,32.77601200030409],[-116.98693199993423,32.776061000215634],[-116.98690699981988,32.77612600030335],[-116.98687599985773,32.776174000140074],[-116.9868239999792,32.77622800001984],[-116.98672299969685,32.77633699969137],[-116.9866480002521,32.77640899964369],[-116.98631400034127,32.776642000023706],[-116.98623399997531,32.77669200034988],[-116.9861469999367,32.77672999982374],[-116.98588699964569,32.77680700023824],[-116.98584499981288,32.77682800033974],[-116.98582100042175,32.776856999716465],[-116.98581300002586,32.77688899985116],[-116.98581700022378,32.77691599995585],[-116.9858309995692,32.77694100004544],[-116.98586300025455,32.776966000128056],[-116.98623300015042,32.77709299968395],[-116.9862540000668,32.777087999675125],[-116.98631900036413,32.77707699965473],[-116.98634100010545,32.777073999648906],[-116.98659399982542,32.777431999626906],[-116.98663800020637,32.777472000290324],[-116.98669500010777,32.77749900021811],[-116.98675700003206,32.7775130001774],[-116.9868740002079,32.7775130001774],[-116.98695000037588,32.7775130001774],[-116.9870149997749,32.77749400023209],[-116.98706699965345,32.777461000317395],[-116.98709599996577,32.7774289996331],[-116.98720399992078,32.777232999816945],[-116.98723599970783,32.77718799979824],[-116.98729099995944,32.77713799975071],[-116.98734399966287,32.77710599970556],[-116.98743400007456,32.777075999652816],[-116.9874990003719,32.77706899963901],[-116.98798999974325,32.77709999969582],[-116.98805300039076,32.77711299971645],[-116.98811199994198,32.77713599974824],[-116.98817499969118,32.77717699979021],[-116.9882259997448,32.777232999816945],[-116.98838599957838,32.77751100018337],[-116.98840599966987,32.777576999963465],[-116.98841099969273,32.777648999667775],[-116.98839800017225,32.77772700003693]]]}},{"type":"Feature","properties":{"GEOID":"06073014002","NAME":"Census Tract 140.02","BASENAME":"140.02","in_district_share":0.7231},"geometry":{"type":"Polygon","coordinates":[[[-117.02322500011964,32.718510000226146],[-117.0235310004414,32.718554999664114],[-117.02374099960537,32.7185679999174],[-117.02392399990347,32.71856400030475],[-117.02393599959903,32.71856400030475],[-117.02412999976778,32.71854499987494],[-117.0241570004303,32.71854000035785],[-117.0242210000044,32.71852800000404],[-117.02430499966998,32.71851399984122],[-117.0244119998001,32.718486000264726],[-117.02447600027251,32.71847100019105],[-117.02475300028196,32.71848500036063],[-117.02558699978498,32.71852700010048],[-117.02586499961933,32.718542000164675],[-117.02587800003812,32.718669999804085],[-117.02591700039618,32.719053999887244],[-117.02593099974158,32.71918400009584],[-117.02593400011463,32.71922000013172],[-117.02594599981018,32.71933600006447],[-117.02595099983304,32.71937399982724],[-117.02597900032045,32.71965900017692],[-117.02606399981096,32.720514000295736],[-117.02609300012327,32.72079900002525],[-117.02611200038984,32.72099199972259],[-117.02617000011617,32.72157199995664],[-117.02619000020768,32.7217660001155],[-117.02622500036776,32.72209499967735],[-117.02633099977466,32.72308399985362],[-117.02636699975966,32.72341399969162],[-117.02639900044502,32.723708999944286],[-117.02649800017922,32.72459800023428],[-117.02653099979119,32.7248950000128],[-117.02661899965476,32.72568999984922],[-117.02671400008929,32.72654799977256],[-117.0268830001437,32.72808199998834],[-117.02697100000724,32.728880000241574],[-117.02697199983216,32.72890100031092],[-117.02697600003012,32.72896900017745],[-117.02697799967994,32.72899300034027],[-117.02675199972414,32.72899400012648],[-117.02607499968161,32.72900199992733],[-117.02585000044904,32.729005000041376],[-117.0255730004396,32.729005000041376],[-117.02474099968806,32.729005000041376],[-117.02446500040186,32.72900599982745],[-117.0242700004082,32.72900299971343],[-117.02368700007702,32.728997000240796],[-117.02349299990824,32.72899499991273],[-117.02349100025842,32.72902299996786],[-117.0234750003649,32.729562999851524],[-117.02342099993821,32.73126799962907],[-117.02340400021978,32.731837999707174],[-117.02339199962591,32.73211700025028],[-117.0233640000368,32.732826999868436],[-117.02336099966375,32.73295699964357],[-117.02335900001394,32.73308300026783],[-117.02335399999107,32.73323700020109],[-117.02335200034125,32.73330499978274],[-117.02334800014329,32.733507999992135],[-117.02334700031838,32.73357699985752],[-117.02334200029549,32.73379200001548],[-117.0233280000518,32.73443899985062],[-117.02332399985386,32.73465499991893],[-117.02304199982152,32.734652999717824],[-117.02219700044786,32.73464699986979],[-117.02191600024044,32.734644999668454],[-117.02166799964503,32.73464300022273],[-117.02092700002842,32.734640000298434],[-117.02068000015619,32.73463899981988],[-117.02048099996458,32.734637000374036],[-117.01988699976272,32.734637000374036],[-117.01970099998988,32.73464300022273],[-117.01967800042364,32.73463099976926],[-117.01908800041979,32.73462799984455],[-117.01859200012723,32.73462100027175],[-117.01815699993406,32.73463299997091],[-117.0180470003292,32.73465499991893],[-117.01794199984889,32.7346929999538],[-117.01786099965804,32.73465100027228],[-117.01776100009896,32.73464100002136],[-117.01769400015176,32.734630000046266],[-117.01732300043102,32.73462900032328],[-117.0167230003814,32.73462799984455],[-117.01666599958166,32.73462799984455],[-117.0164970004256,32.73462799984455],[-117.01644100034909,32.73462799984455],[-117.01625200020321,32.73462799984455],[-117.01604999963851,32.73462799984455],[-117.0159910000873,32.73462799984455],[-117.01596900034598,32.73462799984455],[-117.01560000027506,32.734625999642844],[-117.01487899985159,32.734619999793],[-117.01448899986427,32.73461699986792],[-117.01448899986427,32.734331999724304],[-117.01449200023731,32.733476999870966],[-117.01449300006222,32.73319300035529],[-117.01449300006222,32.733034999871116],[-117.01449399988711,32.73256399975507],[-117.01449499971203,32.732407000170895],[-117.01449499971203,32.73212900028654],[-117.01449800008508,32.73130100003923],[-117.0144999997349,32.731025000010874],[-117.0144999997349,32.73089300015523],[-117.0144999997349,32.73049899970985],[-117.01450099955981,32.73036800035751],[-117.01448399984137,32.730204000008555],[-117.01443600016081,32.72971200017425],[-117.01442500029016,32.7296000000107],[-117.01440400037373,32.729385000321265],[-117.01435699961978,32.72889800019336],[-117.01434199955115,32.72873599974111],[-117.01431999980986,32.72851299963535],[-117.01425700006064,32.727847999701744],[-117.01423600014428,32.72762700000065],[-117.01418799956538,32.72695599989398],[-117.01416900019711,32.726538000123995],[-117.01415699960324,32.7262699997539],[-117.01413599968684,32.72492399967603],[-117.01413300021211,32.724804999955374],[-117.01412599964111,32.72445100010772],[-117.01412399999127,32.72433300035002],[-117.01411800014347,32.72404799982354],[-117.01410100042506,32.723193000335954],[-117.01409999970181,32.72312900000652],[-117.01409600040219,32.722908999798946],[-117.01409700022711,32.72253300007019],[-117.01410200024998,32.72140399981305],[-117.01410399989979,32.721030000291215],[-117.01410100042506,32.720914000294606],[-117.01409200020422,32.72056799991662],[-117.01408999965608,32.720453999838824],[-117.01408299998339,32.72015300008659],[-117.01406799991476,32.71983600034131],[-117.01404799982329,32.719395999762014],[-117.01399799959457,32.7186389998138],[-117.01390899990612,32.71799000037128],[-117.01382500024053,32.71737899984198],[-117.01381799966951,32.71736400033794],[-117.01381199982171,32.7173329998937],[-117.01374200039984,32.71714600010615],[-117.01363400044484,32.716890000048174],[-117.01358500004102,32.716773999957155],[-117.01341199978866,32.716433999707284],[-117.01317999998504,32.716023000017856],[-117.01302400034945,32.71570699988825],[-117.01295900005213,32.715572000218714],[-117.01280800043938,32.715129999882144],[-117.01272200022566,32.714771999635424],[-117.01364799979021,32.71476599996103],[-117.01371399991244,32.714765000015284],[-117.01383565054674,32.71476324215599],[-117.01443,32.71624],[-117.01447,32.7202],[-117.0188,32.72027],[-117.01877,32.72493],[-117.02317,32.72497],[-117.02249,32.7243],[-117.02316,32.72408],[-117.02306187186419,32.71848669625895],[-117.02322500011964,32.718510000226146]]]}},{"type":"Feature","properties":{"GEOID":"06073014101","NAME":"Census Tract 141.01","BASENAME":"141.01","in_district_share":0.9947},"geometry":{"type":"Polygon","coordinates":[[[-117.04193000034164,32.72069200015401],[-117.04052500020295,32.72235799968989],[-117.03984200031267,32.723169000123306],[-117.03899799986559,32.72416000016029],[-117.0388360003822,32.72435399997883],[-117.03843100032623,32.72484400024331],[-117.03835199978519,32.72493599992487],[-117.03818799975367,32.72512799990729],[-117.03795500012517,32.725399999993435],[-117.03756799961255,32.7258559998321],[-117.03718699984606,32.72630999997306],[-117.0370360002333,32.72649999963555],[-117.0368150003004,32.72680300025617],[-117.0366350003753,32.727070999779805],[-117.03645399972706,32.727374999775655],[-117.03632800022868,32.72760400002766],[-117.0362110000528,32.7278429999505],[-117.03602500027995,32.7282609996476],[-117.03597500005125,32.72837699991038],[-117.0356539996609,32.729143999673404],[-117.03544199994877,32.729634999840755],[-117.03539199972005,32.72973699991486],[-117.03535699955997,32.72981299962754],[-117.03523899955917,32.730041999662554],[-117.03510800003792,32.73026799979361],[-117.03502699984708,32.73039500021092],[-117.0343599998503,32.731385000272525],[-117.03399900017527,32.73192399969687],[-117.03394700029673,32.731907000109686],[-117.03379199958772,32.73186199985327],[-117.03374100043241,32.7318469997627],[-117.03362500008146,32.73184500025427],[-117.03327699992693,32.73184500025427],[-117.03316200029919,32.73184500025427],[-117.03309799982678,32.73184399974429],[-117.03290700003106,32.73184399974429],[-117.0328440002819,32.73184399974429],[-117.03263300039467,32.7318420002358],[-117.03199999983478,32.7318420002358],[-117.0317899997725,32.73184299999006],[-117.03153899970235,32.7318420002358],[-117.03078600039017,32.73183999997151],[-117.03053500031999,32.73183999997151],[-117.03052000025136,32.73126799962907],[-117.03047500004554,32.72955699966088],[-117.03046099980183,32.72898700011125],[-117.03022399997536,32.72898600032491],[-117.02951299959766,32.72898799989753],[-117.02927699959608,32.72898899968385],[-117.02918600025781,32.72898899968385],[-117.02891300044634,32.72898899968385],[-117.02882200020973,32.72898899968385],[-117.02876100011036,32.72898899968385],[-117.02858000036039,32.728990000225814],[-117.02852000008598,32.72899100001205],[-117.02846300018454,32.728990000225814],[-117.02829300030523,32.728990000225814],[-117.02823700022874,32.728990000225814],[-117.02798500033367,32.728990000225814],[-117.02722899975012,32.72899100001205],[-117.02697799967994,32.72899300034027],[-117.02697600003012,32.72896900017745],[-117.02697199983216,32.72890100031092],[-117.02697100000724,32.728880000241574],[-117.0268830001437,32.72808199998834],[-117.02671400008929,32.72654799977256],[-117.02661899965476,32.72568999984922],[-117.02653099979119,32.7248950000128],[-117.02649800017922,32.72459800023428],[-117.02639900044502,32.723708999944286],[-117.02636699975966,32.72341399969162],[-117.02633099977466,32.72308399985362],[-117.02622500036776,32.72209499967735],[-117.02619000020768,32.7217660001155],[-117.02617000011617,32.72157199995664],[-117.02611200038984,32.72099199972259],[-117.02609300012327,32.72079900002525],[-117.02606399981096,32.720514000295736],[-117.02597900032045,32.71965900017692],[-117.02595099983304,32.71937399982724],[-117.02594599981018,32.71933600006447],[-117.02593400011463,32.71922000013172],[-117.02593099974158,32.71918400009584],[-117.02591700039618,32.719053999887244],[-117.02587800003812,32.718669999804085],[-117.02586499961933,32.718542000164675],[-117.02614800037487,32.71855600032316],[-117.02700000031957,32.718604000201886],[-117.0272840000017,32.718621000058306],[-117.02734900029903,32.71862399976587],[-117.02754599994253,32.71863400030196],[-117.02761200006475,32.71863799991147],[-117.02846400000945,32.718681000236884],[-117.02846300018454,32.719320000239094],[-117.02846300018454,32.72106000033091],[-117.02846400000945,32.721179999633065],[-117.02847011860122,32.72118003612565],[-117.02947350757529,32.72148566610052],[-117.02947699961263,32.721783999991985],[-117.02968000000222,32.72178099963495],[-117.02980899987365,32.721782000257804],[-117.02987800036894,32.72178300012494],[-117.03008599988308,32.72178599972613],[-117.03015600020328,32.721788000216],[-117.03017763656344,32.72170014217162],[-117.03021,32.72171],[-117.03022990510428,32.72025692738769],[-117.0306270003815,32.7202729998535],[-117.03187500016129,32.72032399997005],[-117.03197100042078,32.7203280002595],[-117.03196800004773,32.720136999652006],[-117.03196100037503,32.719565999693515],[-117.03195899982688,32.71937600037121],[-117.03195600035217,32.71920600007752],[-117.03195200015419,32.718820999992715],[-117.03194999960607,32.7187019996852],[-117.03194799995624,32.71853599998814],[-117.03194799995624,32.718376000169805],[-117.03194922712332,32.71823089475437],[-117.03196391238673,32.71772530211427],[-117.03203199962184,32.717590000105815],[-117.03210100011712,32.71745199976053],[-117.0321639998663,32.717350999909144],[-117.03225199972985,32.71723600033576],[-117.03235499966202,32.71712999988788],[-117.03248299970855,32.71702400006983],[-117.03262499999877,32.71693199978335],[-117.03277899998454,32.71685499974995],[-117.03283099986308,32.71683399986668],[-117.03291200005393,32.71680399991699],[-117.03304799959807,32.71676499989163],[-117.03314399985751,32.716744999910844],[-117.03319300026133,32.716734999918735],[-117.0333380000263,32.71671899962667],[-117.03344599998134,32.71671499993116],[-117.03348399961615,32.7167140000072],[-117.03364599999784,32.71672200015408],[-117.03380599983144,32.716744999910844],[-117.03394700029673,32.71677900032907],[-117.03409799990949,32.71682900025366],[-117.0342469998724,32.716894999657775],[-117.03432100039055,32.716937000146395],[-117.03437699956874,32.71696899989352],[-117.03457300028565,32.717109000069414],[-117.03457499993544,32.71739500001558],[-117.03457999995834,32.718025000224145],[-117.03458199960815,32.718254000304405],[-117.0345849999812,32.71854100026127],[-117.03451399983607,32.71854000035785],[-117.03451319746053,32.71860008198617],[-117.03451,32.7186],[-117.03451307158781,32.71860950729559],[-117.03450600033848,32.719139000219506],[-117.03450399979033,32.71915500007736],[-117.03449700011764,32.7203309999097],[-117.03458099978323,32.7203309999097],[-117.03483199985341,32.7203309999097],[-117.0349170002422,32.7203309999097],[-117.03491600041731,32.72029700008981],[-117.03491499969407,32.720198000207034],[-117.03491499969407,32.72016500022166],[-117.03502060385053,32.72018044048974],[-117.03535,32.7212],[-117.03536300030605,32.721191105053755],[-117.03536300030605,32.72119599988052],[-117.03587299994399,32.72119300025947],[-117.03587299994399,32.721082999724736],[-117.03652400004724,32.721045999809796],[-117.03650899997864,32.72059299995401],[-117.03666042962104,32.72030339025929],[-117.03668,32.72029],[-117.03760608154964,32.720609621065805],[-117.03760899962045,32.72061700010419],[-117.0376670098805,32.72063064942778],[-117.03781,32.72068],[-117.03783276160719,32.72065447941012],[-117.03815299959356,32.720484000072354],[-117.0381040000881,32.72042199983058],[-117.03881466234763,32.719575127030055],[-117.03887754466008,32.71959711528964],[-117.03914900037661,32.71976499988629],[-117.03917699996572,32.71973199974075],[-117.0395700003261,32.71995699966661],[-117.03953400034109,32.720010999624776],[-117.03989500001612,32.72020699992606],[-117.04000299997115,32.72008299977008],[-117.04035500032366,32.7202799997971],[-117.04046350383837,32.72015168271473],[-117.04182550700408,32.72062793872365],[-117.04193000034164,32.72069200015401]]]}},{"type":"Feature","properties":{"GEOID":"06073014102","NAME":"Census Tract 141.02","BASENAME":"141.02","in_district_share":0.0444},"geometry":{"type":"MultiPolygon","coordinates":[[[[-117.03203759858789,32.715453524820234],[-117.03466,32.71667],[-117.03465,32.71799],[-117.03579,32.71784],[-117.03568,32.71863],[-117.03451319746053,32.71860008198617],[-117.03451399983607,32.71854000035785],[-117.0345849999812,32.71854100026127],[-117.03458199960815,32.718254000304405],[-117.03457999995834,32.718025000224145],[-117.03457499993544,32.71739500001558],[-117.03457300028565,32.717109000069414],[-117.03437699956874,32.71696899989352],[-117.03432100039055,32.716937000146395],[-117.0342469998724,32.716894999657775],[-117.03409799990949,32.71682900025366],[-117.03394700029673,32.71677900032907],[-117.03380599983144,32.716744999910844],[-117.03364599999784,32.71672200015408],[-117.03348399961615,32.7167140000072],[-117.03344599998134,32.71671499993116],[-117.0333380000263,32.71671899962667],[-117.03319300026133,32.716734999918735],[-117.03314399985751,32.716744999910844],[-117.03304799959807,32.71676499989163],[-117.03291200005393,32.71680399991699],[-117.03283099986308,32.71683399986668],[-117.03277899998454,32.71685499974995],[-117.03262499999877,32.71693199978335],[-117.03248299970855,32.71702400006983],[-117.03235499966202,32.71712999988788],[-117.03225199972985,32.71723600033576],[-117.0321639998663,32.717350999909144],[-117.03210100011712,32.71745199976053],[-117.03203199962184,32.717590000105815],[-117.03196391238673,32.71772530211427],[-117.03202983582254,32.71545565239578],[-117.03203759858789,32.715453524820234]]],[[[-117.02846400000945,32.721179999633065],[-117.02846300018454,32.72106000033091],[-117.02846300018454,32.719320000239094],[-117.02846400000945,32.718681000236884],[-117.02761200006475,32.71863799991147],[-117.02754599994253,32.71863400030196],[-117.02734900029903,32.71862399976587],[-117.0272840000017,32.718621000058306],[-117.02700000031957,32.718604000201886],[-117.02614800037487,32.71855600032316],[-117.02586499961933,32.718542000164675],[-117.02586513255429,32.71853526563954],[-117.02848,32.71868],[-117.02847,32.72118],[-117.02847011860122,32.72118003612565],[-117.02846400000945,32.721179999633065]]],[[[-117.03015600020328,32.721788000216],[-117.03008599988308,32.72178599972613],[-117.02987800036894,32.72178300012494],[-117.02980899987365,32.721782000257804],[-117.02968000000222,32.72178099963495],[-117.02947699961263,32.721783999991985],[-117.02947350757529,32.72148566610052],[-117.03017763656344,32.72170014217162],[-117.03015600020328,32.721788000216]]],[[[-117.03194799995624,32.718376000169805],[-117.03194799995624,32.71853599998814],[-117.03194999960607,32.7187019996852],[-117.03195200015419,32.718820999992715],[-117.03195600035217,32.71920600007752],[-117.03195899982688,32.71937600037121],[-117.03196100037503,32.719565999693515],[-117.03196800004773,32.720136999652006],[-117.03197100042078,32.7203280002595],[-117.03187500016129,32.72032399997005],[-117.0306270003815,32.7202729998535],[-117.03022990510428,32.72025692738769],[-117.03023,32.72025],[-117.03189,32.72027],[-117.03194922712332,32.71823089475437],[-117.03194799995624,32.718376000169805]]],[[[-117.03491499969407,32.72016500022166],[-117.03491499969407,32.720198000207034],[-117.03491600041731,32.72029700008981],[-117.0349170002422,32.7203309999097],[-117.03483199985341,32.7203309999097],[-117.03458099978323,32.7203309999097],[-117.03449700011764,32.7203309999097],[-117.03450399979033,32.71915500007736],[-117.03450600033848,32.719139000219506],[-117.03451307158781,32.71860950729559],[-117.03502060385053,32.72018044048974],[-117.03491499969407,32.72016500022166]]],[[[-117.03650899997864,32.72059299995401],[-117.03652400004724,32.721045999809796],[-117.03587299994399,32.721082999724736],[-117.03587299994399,32.72119300025947],[-117.03536300030605,32.72119599988052],[-117.03536300030605,32.721191105053755],[-117.03666042962104,32.72030339025929],[-117.03650899997864,32.72059299995401]]],[[[-117.03760899962045,32.72061700010419],[-117.03760608154964,32.720609621065805],[-117.0376670098805,32.72063064942778],[-117.03760899962045,32.72061700010419]]],[[[-117.0381040000881,32.72042199983058],[-117.03815299959356,32.720484000072354],[-117.03783276160719,32.72065447941012],[-117.0388,32.71957],[-117.03881466234763,32.719575127030055],[-117.0381040000881,32.72042199983058]]],[[[-117.04035500032366,32.7202799997971],[-117.04000299997115,32.72008299977008],[-117.03989500001612,32.72020699992606],[-117.03953400034109,32.720010999624776],[-117.0395700003261,32.71995699966661],[-117.03917699996572,32.71973199974075],[-117.03914900037661,32.71976499988629],[-117.03887754466008,32.71959711528964],[-117.04046350383837,32.72015168271473],[-117.04035500032366,32.7202799997971]]],[[[-117.04642199986873,32.71535500008093],[-117.04513700027897,32.71686800025103],[-117.04508200002742,32.71693199978335],[-117.04410799988398,32.71809300007172],[-117.04305099989985,32.71936599991831],[-117.04193000034164,32.72069200015401],[-117.04182550700408,32.72062793872365],[-117.04186,32.72064],[-117.04651,32.71515],[-117.04659745006606,32.71515],[-117.04642199986873,32.71535500008093]]]]}},{"type":"Feature","properties":{"GEOID":"06073014200","NAME":"Census Tract 142","BASENAME":"142","in_district_share":0.9782},"geometry":{"type":"Polygon","coordinates":[[[-117.04922600029825,32.729490999804135],[-117.04922299992522,32.7296670003211],[-117.04925600043549,32.72966599978675],[-117.04935799964441,32.72966299969493],[-117.0493919999796,32.72966299969493],[-117.04938799978166,32.730037999808914],[-117.04937799973591,32.73116400027162],[-117.0493760000861,32.73145899981868],[-117.0493760000861,32.731539999874435],[-117.04937500026118,32.7316249996392],[-117.04937500026118,32.73171099983434],[-117.0493710000632,32.73187900020467],[-117.04937000023831,32.73196599990768],[-117.04936699986526,32.73260100017993],[-117.04935900036764,32.73450799975094],[-117.04935699981952,32.735143999766436],[-117.04871599976202,32.73515100005382],[-117.04838500022421,32.735154999678024],[-117.04679599996254,32.73517400034658],[-117.04615699955487,32.735183999782045],[-117.04593800017005,32.73518699968803],[-117.04528299986886,32.73519600016106],[-117.04514099957863,32.73519900006665],[-117.04506500030897,32.73519999978325],[-117.0448629997443,32.7352010002555],[-117.04452999965835,32.73520299968871],[-117.04426000021991,32.73520499987753],[-117.0440600002034,32.735207999782816],[-117.04383199969944,32.73520999997146],[-117.04314899980912,32.73521799997011],[-117.04292200002841,32.73522099987496],[-117.04263999999614,32.73522699968435],[-117.0417949997241,32.735247000053626],[-117.04151400041502,32.73525500004891],[-117.04131100002543,32.7352589996685],[-117.04070199975497,32.73527300022466],[-117.04050000008861,32.73527999974631],[-117.0404289999435,32.73528100021766],[-117.04021600040649,32.73528600030733],[-117.0401460000863,32.735287999738624],[-117.03996299978817,32.73528900020989],[-117.03941399979219,32.73529400029916],[-117.0393300001266,32.73529400029916],[-117.03923200021731,32.735297000201456],[-117.03902800000282,32.73529799991696],[-117.03862100029703,32.735300000103635],[-117.03841700008253,32.73530099981911],[-117.03823999963221,32.73530300000573],[-117.03821399969294,32.73530300000573],[-117.03797799969138,32.73530399972117],[-117.03788200033023,32.73530399972117],[-117.0368870002704,32.73531199971139],[-117.03655599983429,32.73531699979937],[-117.03646499959771,32.73531699979937],[-117.03619400033438,32.735318000270304],[-117.03610399992266,32.735318999985566],[-117.03575099974526,32.73531999970088],[-117.03469499958605,32.73532499978837],[-117.03434399995676,32.735327999689616],[-117.03412600039688,32.735327999689616],[-117.0334719999206,32.73532900016048],[-117.0332550001856,32.73533200006158],[-117.03318499986541,32.73533200006158],[-117.03297599962804,32.73533200006158],[-117.03290700003106,32.735334000247455],[-117.0328020004491,32.73520999997146],[-117.03274299999951,32.735140000141676],[-117.03252000041677,32.734904999771295],[-117.03245099992147,32.73489000019288],[-117.03229199991283,32.734860000272796],[-117.0322459998821,32.734844999931134],[-117.0321220000335,32.734806000240056],[-117.03211000033795,32.73480199984453],[-117.0320650001321,32.73479000016812],[-117.03221099972198,32.73454700032801],[-117.03243599985286,32.73420600011006],[-117.03274999967223,32.733733999647896],[-117.0336059998149,32.73249199986454],[-117.03394100044898,32.73201000035922],[-117.03399900017527,32.73192399969687],[-117.0343599998503,32.731385000272525],[-117.03502699984708,32.73039500021092],[-117.03510800003792,32.73026799979361],[-117.03523899955917,32.730041999662554],[-117.03535699955997,32.72981299962754],[-117.03539199972005,32.72973699991486],[-117.03544199994877,32.729634999840755],[-117.0356539996609,32.729143999673404],[-117.03597500005125,32.72837699991038],[-117.03602500027995,32.7282609996476],[-117.0362110000528,32.7278429999505],[-117.03632800022868,32.72760400002766],[-117.03645399972706,32.727374999775655],[-117.0366350003753,32.727070999779805],[-117.0368150003004,32.72680300025617],[-117.0370360002333,32.72649999963555],[-117.03718699984606,32.72630999997306],[-117.03756799961255,32.7258559998321],[-117.03795500012517,32.725399999993435],[-117.03818799975367,32.72512799990729],[-117.03835199978519,32.72493599992487],[-117.03843100032623,32.72484400024331],[-117.0388360003822,32.72435399997883],[-117.03899799986559,32.72416000016029],[-117.03984200031267,32.723169000123306],[-117.04052500020295,32.72235799968989],[-117.04193000034164,32.72069200015401],[-117.04305099989985,32.71936599991831],[-117.04410799988398,32.71809300007172],[-117.04508200002742,32.71693199978335],[-117.04513700027897,32.71686800025103],[-117.04642199986873,32.71535500008093],[-117.04659745006606,32.71515],[-117.04931209822912,32.71515],[-117.04931199961368,32.715151000166564],[-117.04930999996385,32.715291000172876],[-117.04930599976588,32.71571799993074],[-117.04930599976588,32.71586100035915],[-117.04930400011607,32.71637899992295],[-117.04929800026828,32.71779999995874],[-117.04929800026828,32.71793300021444],[-117.04929700044339,32.71845199974143],[-117.0492978787945,32.71871642990813],[-117.04925020716877,32.72640215534435],[-117.04917100004667,32.72645399985781],[-117.04919299978798,32.7264829997697],[-117.04924926066701,32.72655475246224],[-117.04923317105658,32.729148755208925],[-117.04922600029825,32.729490999804135]]]}},{"type":"Feature","properties":{"GEOID":"06073014601","NAME":"Census Tract 146.01","BASENAME":"146.01","in_district_share":1.0},"geometry":{"type":"Polygon","coordinates":[[[-117.03996600016123,32.755946000141996],[-117.03995199991752,32.755952000066785],[-117.03972799961153,32.75606499983368],[-117.03950099983082,32.756197999656465],[-117.0394849999373,32.75620799975436],[-117.03933900034743,32.75630799991644],[-117.03920700010296,32.75639600017771],[-117.03881299991764,32.75665900020838],[-117.03868200039639,32.75674899982799],[-117.03839600016614,32.75693999979367],[-117.03753800037366,32.757519000074],[-117.03725299996829,32.757712000338124],[-117.03723600024985,32.75772299972995],[-117.03718500019623,32.75775600016364],[-117.03716900030271,32.75776799976887],[-117.03694599982161,32.75791399987298],[-117.03627600035011,32.758355000141286],[-117.03605399969395,32.75850299970415],[-117.03603299977758,32.758516000174644],[-117.03597300040141,32.75855600027387],[-117.03595300030993,32.758570000191064],[-117.03577699968453,32.75868500007489],[-117.03524899960492,32.75903600006306],[-117.03507399970275,32.75915299975167],[-117.03471300002771,32.759391000225726],[-117.03363299957908,32.76010399990478],[-117.03327299972895,32.76034300029315],[-117.03301599981101,32.7605119997476],[-117.03263500004451,32.76076500012375],[-117.03224400023224,32.761013999807005],[-117.03198499976617,32.76117900028744],[-117.03180700038924,32.76128700007929],[-117.03166500009903,32.76136899963784],[-117.03069799962829,32.76192999975126],[-117.03037700013621,32.76211800018079],[-117.03032899955734,32.76214599964827],[-117.03018499961728,32.76223099967737],[-117.03013799976162,32.76226000003312],[-117.03002499978372,32.762324000211706],[-117.02968599985,32.76251800004705],[-117.02957399969702,32.76258499977906],[-117.02955600015368,32.76259399975049],[-117.02950400027513,32.7626250003166],[-117.02948699965839,32.76263700002112],[-117.02948599983347,32.762741999821735],[-117.02948500000855,32.763059000310236],[-117.02948500000855,32.76316499977139],[-117.02948400018364,32.7636509998042],[-117.02948400018364,32.76510999998415],[-117.02948400018364,32.76559800023653],[-117.02958499956769,32.76559499984377],[-117.02963399997148,32.765604999641724],[-117.02967400015446,32.76562700025088],[-117.02969599989575,32.76564799996888],[-117.0299179996536,32.7659260002651],[-117.02993400044545,32.76596399980335],[-117.02994199994305,32.76625200034881],[-117.02995000033894,32.76648000027719],[-117.03017000044699,32.76648000027719],[-117.03083200042087,32.76648000027719],[-117.03105300035384,32.766480999642816],[-117.03105400017876,32.76665500012758],[-117.03105699965347,32.76718300022007],[-117.03104900015587,32.767351000176475],[-117.03105900020161,32.76756599965359],[-117.03106500004942,32.76818299967538],[-117.0310669996992,32.768391000223446],[-117.03089199979702,32.76837700033981],[-117.03068699975763,32.768361000254316],[-117.03040999974819,32.768361000254316],[-117.03036899974032,32.76836399979842],[-117.03019499966304,32.76837700033981],[-117.0300370003776,32.76839700006502],[-117.02997000043045,32.76840600020422],[-117.02976399966781,32.768447999834876],[-117.02957399969702,32.76849999967379],[-117.02942200025939,32.76854200001541],[-117.02918999955747,32.76860600021012],[-117.02849699962142,32.76879999995265],[-117.02826700036596,32.76886399996186],[-117.02819799987068,32.76888300023899],[-117.02802899981629,32.768929000018524],[-117.02731599978875,32.76912299981239],[-117.02707899996228,32.769188999770535],[-117.0266499996169,32.76930100002227],[-117.02536500002714,32.76963599984658],[-117.02493700040498,32.76974900037554],[-117.02479500011475,32.76978499962488],[-117.0243699999673,32.76989300030698],[-117.02422900040031,32.76993000033561],[-117.02407299986639,32.76996999983897],[-117.0240539995998,32.769975000247726],[-117.02362900035067,32.77008299994391],[-117.02360500006125,32.77008899967139],[-117.02345000025055,32.770128999858656],[-117.02342099993821,32.77013599966294],[-117.0233349997245,32.77015799990762],[-117.02330600031048,32.77016399963004],[-117.02327600017325,32.77011899981353],[-117.02318300028685,32.76997899981917],[-117.0231530001496,32.76993299982691],[-117.0230600002632,32.769770999960514],[-117.02291299995012,32.76951600007698],[-117.02272899982711,32.769197999829636],[-117.02219300024989,32.768267999983536],[-117.02195300005036,32.76785200009261],[-117.02190000034692,32.767761000258616],[-117.02174399981301,32.76748999966234],[-117.02169199993445,32.7674000003243],[-117.02153299992581,32.76712800002609],[-117.02105599989983,32.76631700004667],[-117.02089699989118,32.766046999712515],[-117.0208130002256,32.765901000102765],[-117.02065699969167,32.76562799962609],[-117.02056299998034,32.76546399996924],[-117.02048000013966,32.765319000292784],[-117.02039099955289,32.76516499991413],[-117.02025199963572,32.764921999829454],[-117.02012799978715,32.76470499972786],[-117.02004099974852,32.76455199994052],[-117.01994700003719,32.76438699966781],[-117.01966500000488,32.763892000036414],[-117.01957200011846,32.76372800020321],[-117.01960200025569,32.763713000189604],[-117.01963099966969,32.763700999874686],[-117.0196950001421,32.76367199998831],[-117.01972600010423,32.76365900027062],[-117.01974700002064,32.76364999965144],[-117.01976600028723,32.76364099978675],[-117.01988699976272,32.763590000284545],[-117.01992799977062,32.763574000093996],[-117.02013299980999,32.763488999836234],[-117.02045300037547,32.76335900004049],[-117.02074799992825,32.76323599964636],[-117.02095299996766,32.7631530001381],[-117.0211670002279,32.76306400035184],[-117.02149399956775,32.76292899988661],[-117.02180999993524,32.76280000019086],[-117.02202500002039,32.762712000215096],[-117.0221439998461,32.762662000344605],[-117.02250100022145,32.76251299997484],[-117.02258900008502,32.762477000050865],[-117.02257300019149,32.76244700035493],[-117.02296700037678,32.76252700002525],[-117.02315499979944,32.76257999971061],[-117.02392899992635,32.762801999760114],[-117.0245940002733,32.76292899988661],[-117.02489100037421,32.763021000287374],[-117.02546200011152,32.76319899985689],[-117.02547700018015,32.763178000316636],[-117.02552300021087,32.763116999717475],[-117.02553900010442,32.763097000316876],[-117.0255459997771,32.7630870002372],[-117.02556900024165,32.763059000310236],[-117.02557699973923,32.76304999963045],[-117.02558400031023,32.763025000171275],[-117.02562500031813,32.76297700004188],[-117.02563799983861,32.76295900017555],[-117.02578299960356,32.76274599971817],[-117.02580199987011,32.7627239999079],[-117.02584899972581,32.7626639999169],[-117.02591999987092,32.76257599980672],[-117.02602100015324,32.76241900022669],[-117.02609800014616,32.762267999869046],[-117.02616699974311,32.76209100011938],[-117.02627899989612,32.76167399989428],[-117.02628999976676,32.76163499986027],[-117.02631099968316,32.76159300003702],[-117.02634099982039,32.761552000370315],[-117.02639000022421,32.76150699997738],[-117.02645700017135,32.76146799987028],[-117.02653300033933,32.761444000144515],[-117.02655000005778,32.76144100036724],[-117.0266150003551,32.76143799983437],[-117.02670800024153,32.76145099987635],[-117.02679100008221,32.761456000008195],[-117.02685600037951,32.761448000099264],[-117.0268749997478,32.76144199978938],[-117.02693199964918,32.76142599996825],[-117.02700100014447,32.76138900018205],[-117.027778999571,32.76093700008247],[-117.02807800022008,32.760763999938554],[-117.02799299983126,32.7606649996788],[-117.02806300015146,32.76062300015344],[-117.0286089997744,32.76029800004462],[-117.0287920000725,32.76018999980865],[-117.02854000017744,32.759877999901924],[-117.027782999769,32.75894100021572],[-117.0275319996988,32.75863100012822],[-117.02721299985659,32.7582390003732],[-117.02637500015558,32.757206999874015],[-117.02634599984329,32.757159999855695],[-117.02632800029991,32.7571059997397],[-117.02632699957671,32.757035000264885],[-117.02634599984329,32.75697100006195],[-117.02658400039296,32.75660400031216],[-117.02667599955616,32.75664900016113],[-117.02678100003645,32.756686999881566],[-117.02683100026516,32.756698000155424],[-117.02688999981638,32.75671200036473],[-117.0270029997943,32.756725999816354],[-117.02711699959711,32.756725999816354],[-117.02724600036686,32.75671200036473],[-117.02738600010895,32.75667600036178],[-117.02750199956158,32.7566279998315],[-117.02759899964596,32.75657400014844],[-117.02783200017276,32.75644500031121],[-117.027854999739,32.756435000239925],[-117.0279300000821,32.75640999967895],[-117.02800799989988,32.75639600017771],[-117.02812000005287,32.75639600017771],[-117.02821799996217,32.75641500009393],[-117.02830699965061,32.75644999996876],[-117.02868800031543,32.7562269997107],[-117.02983399998801,32.75556100009449],[-117.03021599957944,32.755340999859726],[-117.03041599959596,32.755223999695524],[-117.0310159996456,32.75487700004139],[-117.03121700038535,32.754761999772846],[-117.03146500008248,32.75461700004376],[-117.0322130002701,32.75418500021739],[-117.03246199979213,32.75404099980962],[-117.03253600031029,32.754133000327826],[-117.03275899989308,32.754410000057895],[-117.03283400023614,32.75450299969501],[-117.03307699991036,32.75436000005851],[-117.03380900020447,32.753933000295326],[-117.03405299970363,32.75379100000715],[-117.03400500002306,32.75373200030497],[-117.03386100008302,32.753555000208536],[-117.03381300040243,32.753496000350026],[-117.03434599960661,32.753102000113785],[-117.03594499991401,32.75192099980887],[-117.03647899984139,32.75152799969387],[-117.03664200004802,32.751404000043536],[-117.03713300031768,32.751035000184956],[-117.03729700034921,32.750912000144226],[-117.03750099966541,32.7507600003752],[-117.03763600028296,32.75066300016832],[-117.03770900007788,32.7506180003169],[-117.03780199996429,32.750577000130214],[-117.03789400002579,32.75054900004722],[-117.0380060001788,32.75053099993523],[-117.03820399964718,32.75052700024559],[-117.03845800009042,32.7505229998003],[-117.03846200028836,32.75062699998677],[-117.03847200033412,32.75083600029214],[-117.03849300025051,32.75093699998199],[-117.0384999999232,32.75097100020337],[-117.03852599986247,32.751037000018336],[-117.03855299962665,32.75110799974183],[-117.03861999957381,32.75122600031692],[-117.03869999993974,32.751329000146946],[-117.03875500019133,32.75138699963938],[-117.03878399960533,32.751415999749184],[-117.03977500036554,32.75239100008214],[-117.03982800006898,32.752443000233264],[-117.03995899959023,32.752600000025836],[-117.04006499989545,32.75275299995211],[-117.04009300038284,32.75285600028274],[-117.04010000005553,32.752938000050115],[-117.04010300042859,32.75296900020045],[-117.04007999996402,32.75350700026259],[-117.04007300029137,32.753697999626546],[-117.04006700044359,32.754071000071164],[-117.04005300019986,32.75505900026806],[-117.0400330001084,32.75516699992788],[-117.04002499971244,32.75518700035414],[-117.03999700012336,32.75527299971839],[-117.03988900016836,32.755484000187465],[-117.03987800029769,32.75553000009088],[-117.03989599984104,32.75559300033066],[-117.0399080004349,32.755608999688924],[-117.04006400007053,32.75581400018371],[-117.04010699972824,32.75588600011655],[-117.03996600016123,32.755946000141996]]]}},{"type":"Feature","properties":{"GEOID":"06073015704","NAME":"Census Tract 157.04","BASENAME":"157.04","in_district_share":1.0},"geometry":{"type":"Polygon","coordinates":[[[-116.94459899996794,32.78811200034391],[-116.94459899996794,32.788224000190176],[-116.94459800014303,32.788311999862536],[-116.94459700031811,32.78832200012877],[-116.94459700031811,32.78835900004666],[-116.94459599959491,32.78861699992408],[-116.94459599959491,32.78871600005592],[-116.94459499976999,32.7892339997426],[-116.94459399994507,32.79079099987942],[-116.94459399994507,32.791311000002814],[-116.94459300012014,32.791452000257316],[-116.94459300012014,32.79188200003859],[-116.94459300012014,32.79202499981077],[-116.94459200029524,32.79216999977274],[-116.94459200029524,32.79260799998762],[-116.94459200029524,32.79275400033504],[-116.94459099957201,32.79292399999272],[-116.94458899992219,32.793435999672546],[-116.94458899992219,32.79360899974026],[-116.94458800009727,32.793869999685626],[-116.94458700027238,32.79465499982026],[-116.94458700027238,32.79491700027271],[-116.94410699987334,32.79491599971619],[-116.94266699957458,32.794918000074084],[-116.94218799989878,32.79491899987543],[-116.94202200021745,32.794918000074084],[-116.94152699974978,32.794918000074084],[-116.94136199989336,32.794918000074084],[-116.94111500002116,32.794918000074084],[-116.94037500022944,32.79491899987543],[-116.94012900018215,32.794919999676786],[-116.93969800018692,32.79491899987543],[-116.93840799967599,32.79492200003458],[-116.9380849996358,32.79492299983589],[-116.937978000404,32.79492599999495],[-116.93784199996155,32.79493300011393],[-116.93766899970919,32.79494499999292],[-116.93743500025577,32.79497000030203],[-116.9373950000728,32.79497599986167],[-116.93730100036149,32.79499099989174],[-116.93704699991828,32.79503699976678],[-116.93697599977314,32.79505300034153],[-116.93673300009891,32.79511000024189],[-116.93662199977082,32.79514000025427],[-116.93636400002796,32.79522300013506],[-116.93609700006428,32.79532499985518],[-116.93603199976694,32.79535399999858],[-116.93585299966679,32.795435000088546],[-116.93573300001621,32.79549400008902],[-116.93573300001621,32.79534099962299],[-116.93573600038924,32.79484699980083],[-116.93573300001621,32.7948260001771],[-116.93571700012268,32.79469200012409],[-116.93569700003118,32.79460099979822],[-116.93565400037349,32.79446799996772],[-116.93559699957378,32.79433999973294],[-116.9355079998853,32.794192999914436],[-116.93540900015111,32.79406699966079],[-116.93529500034828,32.79395100037226],[-116.93453700011491,32.79330099997084],[-116.93403099977661,32.792868000025855],[-116.93394899976087,32.79279900003173],[-116.93370299971359,32.79259199972808],[-116.9336209996978,32.79252400010327],[-116.9334600000393,32.79238899977227],[-116.9329789998154,32.791983999815095],[-116.9328189999818,32.791849000174714],[-116.93256100023895,32.791628999762196],[-116.93178799993697,32.7909679999447],[-116.93153100001904,32.7907490002218],[-116.93143200028481,32.79066400024271],[-116.9311350001839,32.79041200012931],[-116.9310370002746,32.7903279996811],[-116.93062299999784,32.78997600014069],[-116.92938299971559,32.78892199969491],[-116.92897000016202,32.78857200037693],[-116.92878199984106,32.78841100033391],[-116.92860199991603,32.78825600001246],[-116.92847499969439,32.78812999965443],[-116.92835099984585,32.787985999781874],[-116.92827300002806,32.787877999913306],[-116.92824899973861,32.78784500007414],[-116.92815900022524,32.78769899997518],[-116.92814300033169,32.78767000035629],[-116.92895099989545,32.78766899971823],[-116.9292420001486,32.787667999835364],[-116.92967899999164,32.787667999835364],[-116.93137500038341,32.78766699995249],[-116.93218399977208,32.78766699995249],[-116.93247099982726,32.78766699995249],[-116.9333319999928,32.78766699995249],[-116.93361900004797,32.78766699995249],[-116.93378300007952,32.78766699995249],[-116.9342750001741,32.78766699995249],[-116.93443900020561,32.787667999835364],[-116.93460599971189,32.78766699995249],[-116.93510799985222,32.787666000069606],[-116.93527600008173,32.787666000069606],[-116.9354250000446,32.787666000069606],[-116.9358739995832,32.78766699995249],[-116.93602400026933,32.787667999835364],[-116.93609600023936,32.78766699995249],[-116.93631499962417,32.78766699995249],[-116.9363880003174,32.787667999835364],[-116.93640500003583,32.787667999835364],[-116.93644900041676,32.78766699995249],[-116.93663199981658,32.78766699995249],[-116.93669399974085,32.78766699995249],[-116.93681000009181,32.787666000069606],[-116.93715999989615,32.787666000069606],[-116.93727700007203,32.787666000069606],[-116.9377199997628,32.787666000069606],[-116.93905200010656,32.787666000069606],[-116.93949599962224,32.78766699995249],[-116.93979600009621,32.78766699995249],[-116.94069599972148,32.78766899971823],[-116.94099600019545,32.78767000035629],[-116.94106800016549,32.78766899971823],[-116.94128400007556,32.78766699995249],[-116.94135699987048,32.787667999835364],[-116.94155900043516,32.78766699995249],[-116.94216600015747,32.78766699995249],[-116.94236899964875,32.787667999835364],[-116.9428149997126,32.787666000069606],[-116.94415399972901,32.787664000303764],[-116.9444359997613,32.787664000303764],[-116.94460099961775,32.787664000303764],[-116.94459999979283,32.78777500007727],[-116.94459899996794,32.78811200034391]]]}},{"type":"Feature","properties":{"GEOID":"06073009802","NAME":"Census Tract 98.02","BASENAME":"98.02","in_district_share":0.0172},"geometry":{"type":"MultiPolygon","coordinates":[[[[-117.02020800015308,32.79133999994487],[-117.02072056141878,32.79135079071128],[-117.01981579712016,32.79134703650257],[-117.02020800015308,32.79133999994487]]],[[[-117.00601000042512,32.80267100009784],[-117.00594799960254,32.80266399983299],[-117.00585600043932,32.80264299979029],[-117.00581299988332,32.80263400009406],[-117.00570499992828,32.80261000014463],[-117.00566899994328,32.801087999743466],[-117.00567999981394,32.80038399988252],[-117.00570800030134,32.79856000025815],[-117.00571199960096,32.79827500012218],[-117.0057180003471,32.79786800025187],[-117.00572199964674,32.797666000028876],[-117.00572500001977,32.79716799967201],[-117.00572199964674,32.79647099972915],[-117.00573400024061,32.79601700001962],[-117.00575799963174,32.795648000084896],[-117.0057760000734,32.79543299974229],[-117.0058050003857,32.795179999751596],[-117.00587800018064,32.79472899965737],[-117.00594699977762,32.79430700002597],[-117.00598500031077,32.79408800021891],[-117.00598799978549,32.79361400033088],[-117.00599399963328,32.79279699962617],[-117.00599600018144,32.79254100020313],[-117.00599700000636,32.79246600022668],[-117.00601000042512,32.79132000008999],[-117.0060700825539,32.79132000008999],[-117.00610134921335,32.802682304132006],[-117.00601000042512,32.80267100009784]]]]}},{"type":"Feature","properties":{"GEOID":"06073013906","NAME":"Census Tract 139.06","BASENAME":"139.06","in_district_share":1.0},"geometry":{"type":"Polygon","coordinates":[[[-117.01427100030436,32.73036800035751],[-117.01358199966796,32.73036999989913],[-117.01335300023744,32.73037200019635],[-117.01323000021378,32.73037200019635],[-117.01286000031791,32.73037200019635],[-117.01273800011919,32.73037299996715],[-117.01262699979111,32.73037299996715],[-117.0122950004284,32.73037299996715],[-117.01218499992522,32.73037399973788],[-117.0120710001224,32.73037299996715],[-117.0117320001887,32.73037299996715],[-117.0116340002794,32.73037299996715],[-117.01162000003569,32.73037500026429],[-117.01130100019348,32.73037500026429],[-117.01034700014152,32.73037500026429],[-117.01027299962335,32.73037600003505],[-117.01007900035292,32.73037600003505],[-117.01002800029929,32.73034500033598],[-117.0100290001242,32.73037600003505],[-117.00996600037502,32.730396999751925],[-117.00923800027888,32.730293000134],[-117.00912500030095,32.73027700000764],[-117.00811900037048,32.73013700010175],[-117.00797299988228,32.730133000252366],[-117.00782700029244,32.73014400002673],[-117.00769599987288,32.73016600032701],[-117.0075529997577,32.73020499978123],[-117.00741300001565,32.73026000010638],[-117.00728900016708,32.73032499962244],[-117.00716199994547,32.73041100031614],[-117.00704999979249,32.73051099996399],[-117.00703300007406,32.730529000342095],[-117.00699999956377,32.73050499983709],[-117.00697299979959,32.730534999711615],[-117.0068759997152,32.730651999805765],[-117.00680899976805,32.730761999870516],[-117.00655600004808,32.73121699972678],[-117.00654799965214,32.73123100016221],[-117.00652400026102,32.73128700037049],[-117.00648300025313,32.731386999791276],[-117.00644700026812,32.731505000036634],[-117.00643499967425,32.73154699968918],[-117.00642700017663,32.73157999999606],[-117.00642899982647,32.731892999780435],[-117.00643499967425,32.73252799981711],[-117.00643399984934,32.73283700032288],[-117.00643399984934,32.73315199970653],[-117.00643600039747,32.73344799996721],[-117.00644399989507,32.73433900007546],[-117.00644700026812,32.734635999895445],[-117.00644700026812,32.73464699986979],[-117.00644700026812,32.73468199998512],[-117.00644700026812,32.734695000154005],[-117.00647400003231,32.73487199993977],[-117.0064799998801,32.73507099997503],[-117.00646300016166,32.7361560003105],[-117.00625700029732,32.7361560003105],[-117.00564100035417,32.7361560003105],[-117.00543600031476,32.736157000016426],[-117.00530700044334,32.7361560003105],[-117.00492300030378,32.73615400014308],[-117.00479500025727,32.73615499984897],[-117.00475000005143,32.73615400014308],[-117.00461799980694,32.7361560003105],[-117.00457400032433,32.736157000016426],[-117.00448499973756,32.736157000016426],[-117.00422000032202,32.73615799972229],[-117.00413199956014,32.736159000183775],[-117.00406799998603,32.736159000183775],[-117.00387600036541,32.736159000183775],[-117.00381299971791,32.736159000183775],[-117.00364299983858,32.736159000183775],[-117.00351700034021,32.736159000183775],[-117.00313300020065,32.736159999889665],[-117.00296400014626,32.73616100035114],[-117.00277500000036,32.73615400014308],[-117.00231700024096,32.73613999972527],[-117.00220900028594,32.736136999851354],[-117.00202099996496,32.736136999851354],[-117.00194099959903,32.736136999851354],[-117.00170299994765,32.73614199989305],[-117.0016240003049,32.73614499976681],[-117.00132700020399,32.736147999640444],[-117.00043699972616,32.73615799972229],[-117.00014100034846,32.73616200005694],[-117.00013600032558,32.735784999839076],[-117.0001510003942,32.73571800034902],[-117.00018300018128,32.73565499965478],[-117.00022900021199,32.73559800021166],[-117.00028899958815,32.735551999839096],[-117.00031700007557,32.735535999901074],[-117.00034399983973,32.73552299985481],[-117.00041900018282,32.735498000225626],[-117.00070700006289,32.73545999977838],[-117.00076700033735,32.73544500029335],[-117.00081099981998,32.73542299978469],[-117.0008550002009,32.73538500006106],[-117.00088799981287,32.73533599967767],[-117.00090100023165,32.735282999649066],[-117.00089700003369,32.73522800015629],[-117.00087399956917,32.73517599978034],[-117.00083500010943,32.73513200013607],[-116.99998099961658,32.734466999707074],[-116.9998559999431,32.73436900017091],[-116.99948600004726,32.73408199977605],[-116.9994469996892,32.73405800022775],[-116.99939599963558,32.73401000035611],[-116.99936399984851,32.73396300018908],[-116.99934499958195,32.733910000099684],[-116.99933600025942,32.73385799971039],[-116.99934299993214,32.73378999979501],[-116.9993699996963,32.73372499978289],[-116.99941499990214,32.73366799986117],[-116.99946299958272,32.73363099987922],[-116.99953299990291,32.733596999841374],[-117.00020900012052,32.73343399988005],[-117.00032299992334,32.73340700019142],[-117.00041300033503,32.73337399980526],[-117.00050899969617,32.733323000352314],[-117.00059300026007,32.733257999999694],[-117.0008979998586,32.732925000344274],[-117.00095200028528,32.73285699971712],[-117.00099900014094,32.7327730001153],[-117.00103099992799,32.73267800021839],[-117.00104299962355,32.73257599973116],[-117.00103500012597,32.73248700037381],[-117.00101400020955,32.73240599966723],[-117.00097200037675,32.73231700014013],[-117.00072700015437,32.73196399964618],[-117.0006529996362,32.73189500004354],[-117.00057700036655,32.73184299999006],[-117.00047699990911,32.73179699994652],[-117.00038499984761,32.73176999976207],[-117.00016999976246,32.73173800003666],[-116.99995899987526,32.73172299992526],[-116.99977999977514,32.73172599994775],[-116.99960300022313,32.731741000058626],[-116.99946000010799,32.73175199963457],[-116.99914799993846,32.731781999845055],[-116.99901800024209,32.731781999845055],[-116.9989050002642,32.731769000007],[-116.99876399979891,32.73173700028122],[-116.9986590002169,32.7316989997418],[-116.99840200029897,32.73157699996867],[-116.99785599977771,32.73131300018536],[-116.99779700022647,32.73127299994386],[-116.99774799982265,32.73121900000505],[-116.9977160000356,32.73116199999211],[-116.997700999967,32.731102999661964],[-116.99769599994411,32.730818000373425],[-116.99768300042365,32.73074100023963],[-116.9976530002864,32.730660000213526],[-116.99760800008059,32.730585000235685],[-116.99729400026122,32.73023700005698],[-116.99723800018472,32.73016600032701],[-116.99719499962869,32.7300919997075],[-116.99716000036692,32.73000000005661],[-116.99714199992526,32.72989800028337],[-116.99714600012321,32.729736000136995],[-116.997151999971,32.72955500010102],[-116.99713699990237,32.7294599997973],[-116.99710199974228,32.72937399969755],[-116.99697299987086,32.72917799989836],[-116.99701600042688,32.72909799974851],[-116.99705300023679,32.7290320003076],[-116.99705300023679,32.728834000180456],[-116.99705400006171,32.72874299977604],[-116.99705300023679,32.72871300005422],[-116.99705300023679,32.72862799977986],[-116.99705300023679,32.72860000035632],[-116.99707199960505,32.72854300018018],[-116.99709500006958,32.72849500036154],[-116.99712500020682,32.728435999777595],[-116.99717999956009,32.72835899985339],[-116.99724999988027,32.72828299965693],[-116.99730599995678,32.728236000248735],[-116.99733100007111,32.72821599981773],[-116.99739999966812,32.72817300031177],[-116.99743599965312,32.7281510002753],[-116.99757799994335,32.728085000133355],[-116.99812000026665,32.72783500004565],[-116.99830100001664,32.727752000045946],[-116.99844300030684,32.72768499980769],[-116.99866400023977,32.72757099976035],[-116.99876200014907,32.72751100027346],[-116.99924500002284,32.72722399971337],[-116.99935100032803,32.72716199962374],[-117.00014200017338,32.72678199969268],[-117.00061199962833,32.7265580001757],[-117.00081900021587,32.72646000025731],[-117.00126100008177,32.72625200002726],[-117.00135599961801,32.72619899988743],[-117.0014269997631,32.726143000261565],[-117.00148200001469,32.72608399963256],[-117.00156300020554,32.725959000271565],[-117.00160000001549,32.72588800015744],[-117.00165100006912,32.72581799980865],[-117.00172700023707,32.72574700033796],[-117.00180599987982,32.72569799994655],[-117.00189499956824,32.7256609996794],[-117.00198400015503,32.7256379999549],[-117.00255200041761,32.72557600027383],[-117.00263400043337,32.725564000111135],[-117.00272700031981,32.72553800013104],[-117.00282699987889,32.72549299968251],[-117.00290399987182,32.72544200025507],[-117.00298099986469,32.72537200031186],[-117.00311999978186,32.72518599982861],[-117.00333599969193,32.72489800026506],[-117.00340000016435,32.724821000308125],[-117.0034389996241,32.724783999676966],[-117.00351999981494,32.72472499966014],[-117.00356800039384,32.724696999766586],[-117.00361400042458,32.72467100028937],[-117.00373900009807,32.72462100022705],[-117.00383899965718,32.72459800023428],[-117.00395099981019,32.72458299967725],[-117.00413999995607,32.72458100000583],[-117.00427600039849,32.72458199984158],[-117.00441299976752,32.72458100000583],[-117.00446999966893,32.72458100000583],[-117.00505399982505,32.724584000268656],[-117.0052489998187,32.724586999775696],[-117.00575000013413,32.72459199970947],[-117.00583700017275,32.72459400013639],[-117.00597699991485,32.724590999873904],[-117.00621999958908,32.724571999972504],[-117.00661999962216,32.72451299981538],[-117.00689199960874,32.72446599993121],[-117.00701399980748,32.72442999974595],[-117.00713900037925,32.72437600019651],[-117.0072129999991,32.72432699980737],[-117.00737100018286,32.7242270000246],[-117.00750500007715,32.724142999848326],[-117.00764399999431,32.72407199979959],[-117.00771699978925,32.72403500036913],[-117.00773900042888,32.72402399984103],[-117.0080359996315,32.72390899980376],[-117.00813600008891,32.723870999706264],[-117.00816399967802,32.723859999913685],[-117.00820399986097,32.723845999832186],[-117.00824499986886,32.72382299963956],[-117.00827199963305,32.72381000015235],[-117.00833399955734,32.723763999742516],[-117.00839600037993,32.72369999982288],[-117.00841999977106,32.72366400008409],[-117.00844800025845,32.7236240001893],[-117.00848400024346,32.723539000353355],[-117.00856200006127,32.72305899975889],[-117.00857799995478,32.72295999991944],[-117.00864300025214,32.722571999840355],[-117.008648000275,32.722549000074864],[-117.00873500031364,32.72201800032286],[-117.00876499955254,32.72175400019586],[-117.00876499955254,32.72173000035168],[-117.00876700010069,32.721692999949425],[-117.00876200007782,32.721445999689635],[-117.00874299981125,32.72135900030117],[-117.00871199984908,32.721218000121645],[-117.00869099993268,32.72109899998958],[-117.008676999689,32.721012000262526],[-117.00866199962037,32.72094199986458],[-117.00862599963537,32.7207670001408],[-117.00862099961249,32.72073299973137],[-117.00862200033573,32.72066299987013],[-117.00862399998555,32.72064800016269],[-117.00864400007703,32.720554000074046],[-117.00868500008492,32.72044899967296],[-117.00874299981125,32.7203509998421],[-117.0087899996669,32.72029199991515],[-117.00885599978912,32.72021399987489],[-117.00889900034515,32.72016199981015],[-117.00903099969132,32.72000799996386],[-117.00907599989716,32.71995800030992],[-117.00923599973075,32.719793999706404],[-117.00945699966367,32.71957000001703],[-117.00949900039477,32.71951300011421],[-117.00954899972517,32.7194179996914],[-117.00957899986241,32.71932299992314],[-117.0095930001061,32.71922399971495],[-117.00958999973307,32.71903199986811],[-117.00958399988528,32.71900399969844],[-117.00958200023544,32.7188430000639],[-117.00957600038767,32.718366000360625],[-117.00957499966447,32.71820700014447],[-117.00956700016685,32.717522999789566],[-117.0095439997023,32.71547400031938],[-117.00953700002961,32.71479300000412],[-117.00970199988605,32.71479100011318],[-117.01019999982843,32.71478900022218],[-117.0103660004081,32.7147880002767],[-117.01072500043331,32.71478499968429],[-117.0118040001587,32.71477800006518],[-117.01216400000884,32.7147760001739],[-117.01227500033691,32.71477400028257],[-117.01261000007268,32.714771999635424],[-117.01272200022566,32.714771999635424],[-117.01280800043938,32.715129999882144],[-117.01295900005213,32.715572000218714],[-117.01302400034945,32.71570699988825],[-117.01317999998504,32.716023000017856],[-117.01341199978866,32.716433999707284],[-117.01358500004102,32.716773999957155],[-117.01363400044484,32.716890000048174],[-117.01374200039984,32.71714600010615],[-117.01381199982171,32.7173329998937],[-117.01381799966951,32.71736400033794],[-117.01382500024053,32.71737899984198],[-117.01390899990612,32.71799000037128],[-117.01399799959457,32.7186389998138],[-117.01404799982329,32.719395999762014],[-117.01406799991476,32.71983600034131],[-117.01408299998339,32.72015300008659],[-117.01408999965608,32.720453999838824],[-117.01409200020422,32.72056799991662],[-117.01410100042506,32.720914000294606],[-117.01410399989979,32.721030000291215],[-117.01410200024998,32.72140399981305],[-117.01409700022711,32.72253300007019],[-117.01409600040219,32.722908999798946],[-117.01409999970181,32.72312900000652],[-117.01410100042506,32.723193000335954],[-117.01411800014347,32.72404799982354],[-117.01412399999127,32.72433300035002],[-117.01412599964111,32.72445100010772],[-117.01413300021211,32.724804999955374],[-117.01413599968684,32.72492399967603],[-117.01415699960324,32.7262699997539],[-117.01416900019711,32.726538000123995],[-117.01418799956538,32.72695599989398],[-117.01423600014428,32.72762700000065],[-117.01425700006064,32.727847999701744],[-117.01431999980986,32.72851299963535],[-117.01434199955115,32.72873599974111],[-117.01435699961978,32.72889800019336],[-117.01440400037373,32.729385000321265],[-117.01442500029016,32.7296000000107],[-117.01443600016081,32.72971200017425],[-117.01448399984137,32.730204000008555],[-117.01450099955981,32.73036800035751],[-117.01427100030436,32.73036800035751]]]}},{"type":"Feature","properties":{"GEOID":"06073014803","NAME":"Census Tract 148.03","BASENAME":"148.03","in_district_share":1.0},"geometry":{"type":"Polygon","coordinates":[[[-117.03270600018962,32.78099600016522],[-117.03237300010368,32.781105999994686],[-117.03219200035372,32.78117599995267],[-117.03207799965257,32.78122100022029],[-117.03193299988762,32.78128399965038],[-117.03033299975529,32.78202000022511],[-117.03014000030977,32.78212299992759],[-117.0299600003847,32.78223399981812],[-117.02989900028534,32.78227699966369],[-117.02976200001801,32.782376999996906],[-117.02960999968202,32.78250100031441],[-117.02944599965049,32.78265300027287],[-117.02928400016711,32.78282500023072],[-117.0292690000985,32.78284299985582],[-117.02911599993762,32.782969000150445],[-117.02903599957169,32.78302500030807],[-117.02895100008116,32.7830870000368],[-117.02877700000391,32.78319399974723],[-117.02859399970579,32.783291000008745],[-117.02840399973502,32.78337700016777],[-117.02825300012226,32.78343399999897],[-117.0282070000915,32.783452000256084],[-117.02797299973977,32.78352499966708],[-117.02777199989833,32.78359499998752],[-117.02754500011761,32.78368999995666],[-117.02731900016178,32.78380000023141],[-117.02719699996307,32.783865999877825],[-117.02701100019023,32.78396799978435],[-117.02682399969414,32.78407799971535],[-117.02676699979274,32.78411499988814],[-117.02664700014215,32.78419900016202],[-117.02646999969183,32.78434000036258],[-117.02631499988112,32.78448100033966],[-117.02615400022265,32.78465399970095],[-117.02612999993319,32.784683000303055],[-117.02601000028258,32.78483700013897],[-117.02595900022897,32.78491099983779],[-117.02594900018323,32.78492600005503],[-117.02591900004599,32.78497299976258],[-117.02590999982517,32.78498899988235],[-117.02580199987011,32.7851879997152],[-117.0257569996643,32.78528599997779],[-117.02572200040251,32.78536899999252],[-117.0256710003489,32.785507000127595],[-117.0254679999593,32.78608100012149],[-117.02540100001214,32.7862279997545],[-117.02538699976843,32.786260000294874],[-117.02529200023221,32.786434999765895],[-117.02523699998063,32.786520999906244],[-117.02511499978188,32.78668300024347],[-117.02494900010053,32.78686999985093],[-117.02478800044204,32.78702199989643],[-117.02477599984817,32.78703400008771],[-117.02461199981664,32.78716800035141],[-117.02443799973936,32.78729200003244],[-117.02424100009587,32.787412999883344],[-117.02402900038378,32.787523999970084],[-117.02360000003837,32.78772099965366],[-117.02340800041776,32.78782400030745],[-117.0232130004241,32.78794799982907],[-117.0230600002632,32.78806099976029],[-117.02303000012597,32.78808399998271],[-117.02286100007156,32.78823199995801],[-117.02281300039098,32.788279000184396],[-117.02258999990994,32.788540999786186],[-117.02239300026642,32.78876999987545],[-117.02180400008746,32.78945999996983],[-117.02160800026887,32.789690999678825],[-117.02130100012221,32.78940900015916],[-117.02046099987307,32.78864300037364],[-117.02037200018462,32.78858099998608],[-117.02034799989517,32.78856499975726],[-117.02020800015308,32.78849500032702],[-117.02007199971065,32.788449999963],[-117.01998899986998,32.78843100008775],[-117.01989500015864,32.78841300008292],[-117.01981300014289,32.788407999955055],[-117.01965900015709,32.78840100007768],[-117.01899399981012,32.78837100005756],[-117.0188659997636,32.78834899978464],[-117.01874399956486,32.788311999862536],[-117.01867999999078,32.788282999688356],[-117.01864300018086,32.78826800003721],[-117.01853600005074,32.788205000266636],[-117.01843999979127,32.78812999965443],[-117.01840800000421,32.78810000029806],[-117.01862599956412,32.787697000210066],[-117.01928300041345,32.78648900021499],[-117.01950299962316,32.78608700028082],[-117.01967099985266,32.78577700033081],[-117.01976299991415,32.785610000324176],[-117.01982700038657,32.78548300008663],[-117.01988199973984,32.78533899970497],[-117.01992199992284,32.78519200011332],[-117.01994600021227,32.78504199978642],[-117.01995299988498,32.78489100004774],[-117.01994600021227,32.784774000204],[-117.01994399966414,32.78474000005269],[-117.01991600007503,32.784577000035505],[-117.01987300041732,32.78442999993991],[-117.01972699992915,32.78397599993495],[-117.01929199973596,32.78261400036795],[-117.01921800011614,32.782380999766175],[-117.01915100016897,32.78215900021343],[-117.01910099994026,32.781970999818796],[-117.01901800009956,32.78159200025],[-117.01898700013744,32.78140500012101],[-117.01860999967057,32.77912499964849],[-117.01860700019586,32.779106000047385],[-117.01859200012723,32.779034999991424],[-117.01841800004995,32.77838100015182],[-117.01839399976052,32.77831100026067],[-117.01832199979049,32.77810400022803],[-117.01829800039938,32.77803600010125],[-117.01826700043722,32.77794300012145],[-117.0181739996525,32.77766700034001],[-117.01814400041359,32.77757499997085],[-117.01805700037495,32.77742699963712],[-117.01790500003897,32.777166999781706],[-117.01779399971088,32.77701100025903],[-117.01777799981737,32.77700100023189],[-117.0176959998016,32.77694900007266],[-117.01764200027323,32.776899999894795],[-117.01761799998378,32.7768779998061],[-117.01749400013524,32.77678900014733],[-117.01738600018021,32.77672899981788],[-117.01731300038529,32.776696999625656],[-117.01725599958554,32.77667200022276],[-117.01711800039162,32.77662899993426],[-117.0169760001014,32.77659999972797],[-117.01684700022996,32.77658699963246],[-117.0161760000352,32.776469000188854],[-117.01579500026872,32.776402000332716],[-117.01540600010628,32.776338999711776],[-117.01423899961898,32.77615599992106],[-117.01385000035488,32.776095999920166],[-117.01375699957013,32.776079999711676],[-117.01363799974446,32.776061000215634],[-117.0134789997358,32.77604099994669],[-117.0133869996743,32.77602999979686],[-117.01327700006944,32.776010000276266],[-117.01294700035655,32.77595000017693],[-117.01283699985338,32.775930999897824],[-117.0124719999804,32.77586599966773],[-117.01223799962868,32.775825999793],[-117.01205299968075,32.77577399970241],[-117.01187500030383,32.77570700007831],[-117.01171899976991,32.775633000277054],[-117.0115709996319,32.77554800020485],[-117.0114490003315,32.77546300005142],[-117.01143300043793,32.77545199983013],[-117.01129600017062,32.7753369997013],[-117.01117800016983,32.77521299997384],[-117.01115399988039,32.77518200001497],[-117.01113100031418,32.77515300009238],[-117.01111899972028,32.775137999738035],[-117.01108199991036,32.77509200014627],[-117.01146100002704,32.77497200017981],[-117.01296499989989,32.77439500017107],[-117.01341699981151,32.774216000295574],[-117.01475400017813,32.773689999704615],[-117.01517400030271,32.77353400012915],[-117.01570700040514,32.773335999954725],[-117.0157940004438,32.77329599969815],[-117.01589900002578,32.773255000134],[-117.01601500037674,32.77320300005177],[-117.01608099960067,32.773175000285384],[-117.01611599976079,32.7731560001692],[-117.01622399971579,32.773098999796105],[-117.01626200024894,32.77308199975731],[-117.01629300021108,32.7730639996682],[-117.01639600014325,32.773008000039226],[-117.01642899975519,32.772989999935156],[-117.01702999962974,32.77268900013166],[-117.01723499966916,32.77257600031399],[-117.01840399980627,32.77193100037278],[-117.01871299960273,32.77177900022594],[-117.01898700013744,32.77165800026149],[-117.01931199982747,32.77152999968296],[-117.01965900015709,32.77141200033207],[-117.0199970002659,32.771313999894474],[-117.02028099994803,32.77124299966416],[-117.02032500032895,32.7712329997442],[-117.02065699969167,32.771165999722726],[-117.02100900004416,32.77111099972375],[-117.02132899971132,32.77108300005462],[-117.02137999976493,32.771068999839045],[-117.02165400029963,32.77103399966812],[-117.02167100001807,32.771033000353654],[-117.02199499988316,32.77100700004489],[-117.02235200025855,32.770994999957885],[-117.0223770003729,32.770994999957885],[-117.02250000039656,32.77099600002813],[-117.02272700017726,32.771000999623936],[-117.02282300043674,32.77100499990458],[-117.02302199973005,32.771014999850145],[-117.02362299960458,32.77104899995891],[-117.02382699981908,32.77106100003857],[-117.02385799978121,32.77106100003857],[-117.0239630002615,32.77106100003857],[-117.02399900024653,32.77106100003857],[-117.02442400039399,32.7711349998648],[-117.02479299956663,32.7712329997442],[-117.02506200007844,32.771305000049274],[-117.02541500025585,32.77140900013528],[-117.02572099967927,32.77151799966652],[-117.02587899986304,32.771584000114686],[-117.02605499959013,32.771667000070934],[-117.02612099971238,32.77170400011752],[-117.02686300005222,32.77206099973575],[-117.02689999986214,32.77213600029873],[-117.02692699962631,32.772190999664254],[-117.02695400028881,32.77224999997586],[-117.02697600003012,32.772297999637225],[-117.02707099956636,32.77252599994114],[-117.02707800013737,32.77254400013905],[-117.02712499999303,32.77268399987537],[-117.02716699982582,32.77280900015531],[-117.02723799997094,32.773080999710494],[-117.02728700037476,32.77333499991077],[-117.02731199959078,32.77352999996218],[-117.02731900016178,32.77359200026471],[-117.02732099981162,32.7736040000015],[-117.02733099985736,32.773738000099954],[-117.02733900025328,32.77395800019602],[-117.02733800042836,32.77409199976139],[-117.0273350000553,32.774496000330146],[-117.0273350000553,32.77463199989959],[-117.0273350000553,32.77479600003699],[-117.0273350000553,32.77516200030379],[-117.02734699975089,32.77528800014636],[-117.02734900029903,32.77529899963264],[-117.02737799971302,32.77544999978978],[-117.02742799994174,32.77560999985678],[-117.02749999991174,32.77577799976857],[-117.02758399957735,32.775926999838596],[-117.02767099961599,32.77605200009521],[-117.02768200038497,32.77606900032198],[-117.0277779997461,32.77618500027209],[-117.0278830002264,32.776285999910165],[-117.02790599979264,32.776309000155756],[-117.02804600043302,32.77642399978378],[-117.02820999956624,32.77653700000253],[-117.02823300003077,32.776550000105345],[-117.0283610000773,32.77662299989235],[-117.02850900021531,32.776696999625656],[-117.02877899965372,32.77682500032552],[-117.02917500038716,32.77701400026698],[-117.02938399972622,32.77714499975908],[-117.02954799975775,32.777261999816986],[-117.02974500029956,32.77741399966242],[-117.02995000033894,32.77757599996717],[-117.02996299985945,32.777585999929705],[-117.03007800038549,32.777702000168105],[-117.03016799989885,32.77781600026817],[-117.03024700043989,32.777933000199035],[-117.03061099958963,32.77847699963246],[-117.03063499987907,32.77851199989723],[-117.03077799999421,32.77869500012962],[-117.03092600013223,32.7788590003318],[-117.0310859999658,32.77901399965551],[-117.03114500041535,32.779063000179825],[-117.03127500011168,32.77917300013333],[-117.03151199993813,32.779339000162736],[-117.03204599986555,32.77966900010216],[-117.03211399963757,32.779719000237975],[-117.03224199968412,32.77981399981437],[-117.03241999995933,32.7799740003425],[-117.03256100042466,32.78012500011905],[-117.03259300021172,32.78016400035985],[-117.03269500031897,32.78030100029556],[-117.03271399968723,32.780327000154756],[-117.03282599984021,32.780509999675274],[-117.0329160002519,32.78069200036856],[-117.03293999964303,32.78075400021265],[-117.03298499984888,32.7808700000973],[-117.03299700044275,32.780902000299264],[-117.03299999991748,32.78091499976442],[-117.03270600018962,32.78099600016522]]]}},{"type":"Feature","properties":{"GEOID":"06073013701","NAME":"Census Tract 137.01","BASENAME":"137.01","in_district_share":1.0},"geometry":{"type":"Polygon","coordinates":[[[-117.00236499992154,32.76084400036564],[-117.00232399991367,32.760991000141516],[-117.00226500036243,32.76113300028038],[-117.0022429997228,32.76117000017298],[-117.00218099979853,32.7612819999379],[-117.00209600030804,32.76139899969704],[-117.00203900040663,32.761466999692985],[-117.0019690000864,32.761397000096295],[-117.00193999977411,32.76135299980359],[-117.00190999963688,32.761309000244644],[-117.00187700002492,32.76123200001978],[-117.00184699988769,32.76113200009933],[-117.00181799957537,32.761083000278596],[-117.00179800038221,32.76105999987554],[-117.00177300026783,32.76103399967552],[-117.00171700019136,32.76099399993401],[-117.00164500022133,32.7609639997384],[-117.00104699982153,32.7608369998307],[-117.0009740000266,32.76080600015286],[-117.00091100027738,32.760763999938554],[-117.00085900039885,32.76071099992763],[-117.00082000004079,32.76064499972741],[-117.00078099968275,32.76050600013004],[-117.00073899984994,32.76043100034414],[-117.00069199999429,32.76037599975592],[-117.0006650002301,32.760354000115434],[-117.00062099984918,32.760319000264154],[-117.00054800005425,32.76027999963668],[-117.00047799973403,32.760253999964334],[-117.00038300019779,32.76023600030289],[-117.00028600011342,32.76023399992063],[-117.0002159997932,32.76024400032073],[-116.99950799978856,32.760410000151026],[-116.99911100012854,32.76050600013004],[-116.9990319995875,32.760523000304396],[-116.9989189996096,32.76053199972887],[-116.9988059996317,32.760523000304396],[-116.99871199992035,32.76050099994484],[-116.99866000004182,32.760483999766286],[-116.99752600006482,32.76019500001132],[-116.99738899979747,32.76014699986707],[-116.99736100020836,32.76013799964829],[-116.99718899978093,32.76005999972856],[-116.99703999981801,32.759976000087235],[-116.9969260000152,32.759895999635724],[-116.99683999980148,32.75983400036948],[-116.99676000033384,32.759787999667566],[-116.99664099960984,32.7597410002561],[-116.9965329996548,32.759713000032335],[-116.99643700029365,32.75969900029485],[-116.99637700001921,32.75969500026153],[-116.99616500030709,32.759695999703325],[-116.9959410000011,32.75969900029485],[-116.99579600023614,32.759714999670855],[-116.99566099961861,32.75974400009065],[-116.99532699970776,32.75984199966805],[-116.99511199962262,32.75990499987897],[-116.99488200036716,32.75998900034273],[-116.99465800006116,32.760087999843215],[-116.99446399989242,32.760184000169396],[-116.99442899973234,32.760196000202896],[-116.99435900031042,32.76022099970096],[-116.99424899980724,32.76024599994739],[-116.99412300030889,32.760268000369955],[-116.99401600017877,32.76030200005085],[-116.99391800026947,32.76035000011154],[-116.993857999995,32.76038899995296],[-116.99367600042014,32.76048899995244],[-116.99338199979394,32.760652999708505],[-116.99329899995327,32.7607179997171],[-116.99322199996037,32.7608009999845],[-116.99318500015045,32.76085900010723],[-116.99316599988387,32.76088999976662],[-116.99308100039336,32.76103899983079],[-116.993052999906,32.76108700024955],[-116.99297199971514,32.761230999839846],[-116.99294499995094,32.76128000033457],[-116.99290899996593,32.761335999787704],[-116.99280000018598,32.76150400020223],[-116.9927650000259,32.761560999690786],[-116.9924770001458,32.761921999884905],[-116.99233800022863,32.762119000350765],[-116.99228600035009,32.762194000225676],[-116.99211200027281,32.76247400030833],[-116.99196300030991,32.76274800004399],[-116.99149399978154,32.7636949997166],[-116.99144600010095,32.763767000075774],[-116.9913780003289,32.76384400037446],[-116.99128500044247,32.763920999851145],[-116.99117999996217,32.76398500034655],[-116.99105699993854,32.764035999622486],[-116.99093899993775,32.764066000293816],[-116.99084299967828,32.76408000010003],[-116.99072899987546,32.76408399993635],[-116.99060699967671,32.764071999671444],[-116.99051399979031,32.76404900004055],[-116.99047699998039,32.76403500022941],[-116.99039400013972,32.76400500030304],[-116.99028299981163,32.763948000112954],[-116.99012200015315,32.763845999920264],[-116.99000900017525,32.76377399962498],[-116.98991399974068,32.7637290003551],[-116.98981199963345,32.7636949997166],[-116.98977800019657,32.76368400030713],[-116.98965099997496,32.76365900027062],[-116.98952200010352,32.76364900025408],[-116.98937599961533,32.76365599981251],[-116.98928299972893,32.763670999835774],[-116.98918399999474,32.76369300016746],[-116.9889780001304,32.76374099991084],[-116.98877100044115,32.76378399962749],[-116.98867099998373,32.76379300023313],[-116.98856100037888,32.76378999977958],[-116.98853799991433,32.76378599993004],[-116.98843199960913,32.76376800022722],[-116.98831199995851,32.76372800020321],[-116.98820599965332,32.76367499969047],[-116.98759999975591,32.76329499985048],[-116.9873739998001,32.7631530001381],[-116.98731299970073,32.76311500015536],[-116.98719899989793,32.76306099987367],[-116.98709400031595,32.763025000171275],[-116.98696100024655,32.76299799962954],[-116.98684400007068,32.76298800029417],[-116.98681999978122,32.76298800029417],[-116.98671799967398,32.76299200017956],[-116.98658999962747,32.76301200035912],[-116.98648199967243,32.76304099970506],[-116.98640899987751,32.763069999796976],[-116.98635199997608,32.76309499999888],[-116.98628300037913,32.76313400014872],[-116.9862110004091,32.76317300028149],[-116.98602100043833,32.76327999976385],[-116.98599700014884,32.76328899966508],[-116.98592299963069,32.76332299970322],[-116.98580100033028,32.763361999753194],[-116.9857109999186,32.76337900013765],[-116.98567300028374,32.76338699987304],[-116.9855290003437,32.76339699991907],[-116.98539899974907,32.763390999740494],[-116.98527099970254,32.76337000024553],[-116.98513299961026,32.7633300000427],[-116.98506599966312,32.763299999878775],[-116.98500499956374,32.76327300017587],[-116.98487499986742,32.763193999822924],[-116.98481899979092,32.76315700001606],[-116.98465200028464,32.76304999963045],[-116.98459700003306,32.76301500008352],[-116.98436900042744,32.762870000195356],[-116.98412800040303,32.762718999847195],[-116.98396000017351,32.76263499969279],[-116.9838120000355,32.76257900030118],[-116.98365800004973,32.76253499983724],[-116.9836410003313,32.762530999931336],[-116.98351499993461,32.76250600032649],[-116.98337600001742,32.76248899977533],[-116.98325999966649,32.76248399970149],[-116.98322899970432,32.76248300029099],[-116.98308300011445,32.76248800036494],[-116.98293800034952,32.76250399999517],[-116.98291300023514,32.76250699973668],[-116.98280000025724,32.76252999976599],[-116.98264500044655,32.762571999902654],[-116.98250499980614,32.762622999988004],[-116.98248999973754,32.76262800005404],[-116.98158900028734,32.763004999994635],[-116.98128899981337,32.763132999990155],[-116.98108799997193,32.763210000081756],[-116.98048500044757,32.763440999957005],[-116.9802839997078,32.76351799978223],[-116.98010600033086,32.76358500027254],[-116.97957099968028,32.763788999628325],[-116.97950399973314,32.763813999628326],[-116.97939400012827,32.76385700006513],[-116.97919499993664,32.76393099983713],[-116.97907600011095,32.76397800005852],[-116.97893700019378,32.764015999672914],[-116.97879300025375,32.76403799991934],[-116.97865900035944,32.764044000054255],[-116.97857300014573,32.76403799991934],[-116.97853299996272,32.76403799991934],[-116.9783620002585,32.764015999672914],[-116.97766599994942,32.76392699999395],[-116.97723800032723,32.76387300020482],[-116.97680999980676,32.76381800023201],[-116.97668000011043,32.763815999930216],[-116.97653399962223,32.76382999977574],[-116.97643200041331,32.76385200006812],[-116.97559600036212,32.764056999715784],[-116.97491599994656,32.764225999674636],[-116.97495399958139,32.764158000275074],[-116.97506900010742,32.76395400025399],[-116.97510799956719,32.76388700004138],[-116.97531099995678,32.763530000121804],[-116.97541700026197,32.7633450001209],[-116.9755029995774,32.7632119996418],[-116.9756020002099,32.7630870002372],[-116.97609199975633,32.76258800027321],[-116.97637999963646,32.762296000044785],[-116.97646400020034,32.76220800032624],[-116.97647199969796,32.76220099989855],[-116.97657499963013,32.76207700000041],[-116.97666300039198,32.761945000065275],[-116.97667900028551,32.76191299984554],[-116.97673700001182,32.7618079998227],[-116.97690199986826,32.76182599992173],[-116.97739800016082,32.7618819997869],[-116.97756399984215,32.76190200021586],[-116.9776650001245,32.761897000109045],[-116.977825999783,32.761881000369684],[-116.97787500018678,32.76187699967897],[-116.97847699988624,32.761780999667266],[-116.97860499993276,32.76175800019997],[-116.97886400039883,32.76171299991115],[-116.97900099976786,32.76168800007662],[-116.97941300039484,32.76161699972262],[-116.97946899957303,32.76160799965244],[-116.97949200003755,32.76160300028451],[-116.97954999976388,32.76159099968524],[-116.97977400006987,32.76154499989104],[-116.98008000039162,32.76146799987028],[-116.98024600007298,32.76141699987876],[-116.98037199957133,32.761380000088806],[-116.98065699997669,32.761280999758526],[-116.98092200029056,32.761175999745795],[-116.98123799975976,32.76103399967552],[-116.9815159995941,32.76089099995039],[-116.98218900033696,32.76050600013004],[-116.98281299977772,32.760149999688],[-116.98288300009793,32.76010900011227],[-116.98309499981004,32.759989999781176],[-116.98316599995513,32.759950000326114],[-116.9834039996065,32.75982200028725],[-116.98389099967822,32.759566999856105],[-116.98399399961039,32.75950800020333],[-116.98411099978624,32.75942800008675],[-116.9841719998856,32.75938799962384],[-116.98432500004648,32.75926400034079],[-116.98435500018373,32.75923199991293],[-116.98470900018604,32.758861999796345],[-116.98475000019394,32.75882000017595],[-116.98498500037059,32.7585780003586],[-116.98507599970885,32.75849999982774],[-116.98519000041,32.758421999984094],[-116.98529800036503,32.75836399978482],[-116.9854160003658,32.75831399973906],[-116.98553900038945,32.75827599995743],[-116.98598700010311,32.75814399967556],[-116.98610799957862,32.758104000146716],[-116.98629800044773,32.75802499974019],[-116.98635699999895,32.757992999622516],[-116.98644999988538,32.757944999802184],[-116.98657999958174,32.75786300011219],[-116.98671900039722,32.757754999944645],[-116.98685099974335,32.75763300033929],[-116.98687300038301,32.7576110000211],[-116.98693799978201,32.75753400037569],[-116.98697499959195,32.75749200012894],[-116.98706500000361,32.757361999887216],[-116.9870780004224,32.757337999810225],[-116.9871400003467,32.75722399992274],[-116.9871479998443,32.757202000258985],[-116.98719200022522,32.757084000046795],[-116.98720999976857,32.757042999814836],[-116.98721300014162,32.757032999810654],[-116.98722400001228,32.75699699993748],[-116.98724599975357,32.75692699984858],[-116.98726699967,32.75681099973121],[-116.98727199969287,32.756761000324346],[-116.98728099991371,32.75667600036178],[-116.98728000008879,32.75662900006319],[-116.98727900026387,32.756536999857],[-116.98727900026387,32.756510999847166],[-116.98727199969287,32.75646199974999],[-116.98725699962422,32.756347000017186],[-116.98722999986006,32.75624800013489],[-116.98721300014162,32.7561829998852],[-116.98711699988216,32.755966999876975],[-116.98707699969918,32.75587599998244],[-116.98700499972918,32.75576899991287],[-116.98676799990272,32.75546699980659],[-116.98674000031362,32.75543200030093],[-116.98668900025997,32.75536700021114],[-116.98666099977258,32.75533199991068],[-116.98657799993191,32.75522799992967],[-116.98655100016772,32.75519399982235],[-116.98644999988538,32.75506800024474],[-116.98622599957942,32.75478700004097],[-116.98614399956362,32.75469099994024],[-116.98605499987517,32.754559999887626],[-116.98600299999664,32.75444699972206],[-116.98599899979868,32.75443400016854],[-116.98596100016384,32.75431499980842],[-116.98591099993513,32.75403299998994],[-116.98589300039178,32.75392900000301],[-116.98589300039178,32.753898000186815],[-116.98589300039178,32.7538630000645],[-116.98590500008737,32.753763000179006],[-116.98593199985153,32.753675999847246],[-116.98597600023245,32.75358799992027],[-116.98600600036968,32.753546000079005],[-116.98603700033182,32.75350599999588],[-116.98611099995168,32.75343399964992],[-116.98619799999031,32.753371999662114],[-116.98693799978201,32.752922999729776],[-116.98704599973705,32.75285800007529],[-116.98708099989713,32.7528330000212],[-116.9871600004382,32.75276500023147],[-116.9872259996621,32.75268699989764],[-116.98726199964712,32.75262500014534],[-116.9872969998072,32.75253300033588],[-116.98730600002804,32.75248400031647],[-116.98731600007379,32.752438999874016],[-116.98732199992158,32.75182799974221],[-116.98732500029463,32.75160899964027],[-116.98732899959425,32.75102899992892],[-116.98734399966287,32.74929099991764],[-116.98734899968574,32.74871199978845],[-116.98735000040897,32.74856800035418],[-116.98735399970863,32.74813700022625],[-116.98735600025677,32.74799400019112],[-116.98747799955719,32.74799400019112],[-116.98784400015337,32.74799600009277],[-116.98796600035212,32.74799799999444],[-116.98800900000984,32.74799799999444],[-116.98813799988126,32.74799900032299],[-116.98818200026221,32.747999999895995],[-116.98825599988204,32.74798599982839],[-116.9883300004002,32.74795900001546],[-116.98836200018722,32.74793999980638],[-116.98839700034733,32.74792000001941],[-116.98879800020534,32.747565000219524],[-116.98894200014537,32.74743800009223],[-116.98900800026762,32.74737700004411],[-116.98920699956095,32.747200000163396],[-116.9892740004064,32.74714200021133],[-116.98936599956959,32.74705900005797],[-116.98964299957903,32.74681399974591],[-116.98973600036378,32.74673199962973],[-116.99062599994329,32.747073000271314],[-116.99111600038806,32.74726100033272],[-116.99329899995327,32.74810299967863],[-116.99419000025603,32.748448000144116],[-116.99424100030966,32.748467999812604],[-116.99439699994528,32.74852800030214],[-116.9944489998238,32.74854799995267],[-116.99502200010924,32.748768999909444],[-116.99569099975584,32.74902699972264],[-116.9967379996942,32.74939699990173],[-116.99675600013587,32.74940199995485],[-116.99734500031484,32.74958000030434],[-116.99817200014517,32.74975800029815],[-116.99895799996763,32.749927000196536],[-117.00047299971116,32.75025499977725],[-117.00065500018437,32.750292999959235],[-117.00148299983961,32.75047299988536],[-117.0014889996874,32.75054799974723],[-117.00150799995397,32.750774000006906],[-117.00151499962666,32.75084999991189],[-117.00152800004548,32.75096399964775],[-117.00153300006832,32.75100799978519],[-117.00153899991611,32.75111799965579],[-117.0015249996724,32.75122699985377],[-117.00150899977889,32.751286999995905],[-117.00149899973313,32.751303000127756],[-117.00144500020478,32.751405000333904],[-117.00144000018189,32.75160399971096],[-117.00142500011331,32.75220000018183],[-117.00142099991534,32.752394000164344],[-117.00141500006755,32.75257999977412],[-117.00139999999894,32.75312099997726],[-117.00139599980096,32.753301999745865],[-117.00136599966373,32.754305999755694],[-117.00136499983884,32.75434600023496],[-117.00134499974736,32.754482999870625],[-117.00130299991457,32.754630000326074],[-117.00124699983806,32.754758999770466],[-117.00116700037043,32.75489399977946],[-117.00108199998164,32.75500499963357],[-117.00077300018513,32.75537399966519],[-117.00071299991069,32.75547200027446],[-117.00066699987991,32.75558099967685],[-117.00064699978844,32.755661999714675],[-117.00064199976555,32.75568300027204],[-117.00063199971983,32.75579200017164],[-117.00063900029083,32.755902000177656],[-117.00066000020723,32.75599600000642],[-117.00067799975058,32.75605199976084],[-117.00106100006523,32.757032000339024],[-117.0014269997631,32.75796899971558],[-117.00157499990111,32.75833300000147],[-117.00201900031512,32.75942800008675],[-117.00216699955485,32.75979500028504],[-117.00230800002014,32.76012600036242],[-117.0023189998908,32.760149999688],[-117.00235900007375,32.76028399964372],[-117.00238599983795,32.76043299996653],[-117.00239400023386,32.76058399965907],[-117.00238599983795,32.760721000274174],[-117.00236499992154,32.76084400036564]]]}},{"type":"Feature","properties":{"GEOID":"06073003003","NAME":"Census Tract 30.03","BASENAME":"30.03","in_district_share":0.1414},"geometry":{"type":"MultiPolygon","coordinates":[[[[-117.04929700044339,32.71845199974143],[-117.04929800026828,32.71793300021444],[-117.04929800026828,32.71779999995874],[-117.04930400011607,32.71637899992295],[-117.04930599976588,32.71586100035915],[-117.04931558969494,32.71586103918221],[-117.0492978787945,32.71871642990813],[-117.04929700044339,32.71845199974143]]],[[[-117.04919299978798,32.7264829997697],[-117.04917100004667,32.72645399985781],[-117.04925020716877,32.72640215534435],[-117.04924926066701,32.72655475246224],[-117.04919299978798,32.7264829997697]]],[[[-117.05144099965051,32.741556999754245],[-117.05137200005356,32.741613999919515],[-117.05126499992342,32.741698000255745],[-117.05094299970814,32.74195400010838],[-117.05083700030126,32.7420409997993],[-117.05077399965376,32.741981999870504],[-117.0506799999424,32.74189399972482],[-117.05059499955358,32.741796000044175],[-117.05053900037542,32.741732000225376],[-117.05037799981862,32.741573000122465],[-117.04998399963333,32.741183000151146],[-117.04989599976977,32.74109599962249],[-117.04973500011128,32.740938000303665],[-117.05075899958513,32.74023399979041],[-117.05126599974834,32.73988600026018],[-117.05139700016791,32.739783000045165],[-117.05322400008096,32.7380069996518],[-117.05331799979228,32.737909000230076],[-117.05343999999103,32.7377620001397],[-117.0534809999989,32.73770199995605],[-117.05418700035374,32.73667899986526],[-117.05455300005161,32.73614499976681],[-117.0547970004491,32.73579299978612],[-117.05489799983313,32.73565300023171],[-117.05504000012333,32.73548599988727],[-117.0551980003071,32.735327999689616],[-117.05535800014064,32.73519100006629],[-117.05590700013666,32.73478200013105],[-117.05613100044265,32.73461699986792],[-117.05625799976592,32.73452300014926],[-117.05642000014767,32.73438899997708],[-117.05614300013819,32.734369999896884],[-117.05531299993483,32.734312999631975],[-117.0550369997503,32.73429599974475],[-117.05482900023615,32.73426599962473],[-117.05460800030322,32.734217999865095],[-117.05457300014311,32.73420600011006],[-117.05442800037815,32.73416499992733],[-117.05352100018187,32.73387399994968],[-117.05328299963217,32.73380500031421],[-117.0532209997079,32.73379200001548],[-117.05317200020241,32.733783000156336],[-117.05301099964561,32.73376300021427],[-117.05284900016223,32.73375700030632],[-117.05275200007782,32.73376099999308],[-117.05266800041225,32.733766999900766],[-117.05241599961887,32.73378600010949],[-117.05233299977822,32.73379299974792],[-117.05228599992252,32.73379499996832],[-117.05214600018043,32.73380600004646],[-117.05210000014966,32.73380999973102],[-117.05201200028614,32.73381700012323],[-117.05194000031612,32.73382899993064],[-117.051869000171,32.733845000175094],[-117.05174799979717,32.73388500001801],[-117.05163399999437,32.73393800012232],[-117.05160700023018,32.73395299986097],[-117.05159399981137,32.733960999972446],[-117.05151199979562,32.73401600024702],[-117.05150299957481,32.73402200013752],[-117.05137600025148,32.73412000005521],[-117.05136399965761,32.73412800015165],[-117.05133000022077,32.734153000165165],[-117.0513190003501,32.734164000199065],[-117.05102899992188,32.734385000318476],[-117.05039100023741,32.73487499985627],[-117.05028599975711,32.73494100026054],[-117.0501379996191,32.735012999684066],[-117.04998199998349,32.73507099997503],[-117.04983999969326,32.73510699964155],[-117.04978899963966,32.7351160001226],[-117.04970300032423,32.735129000228234],[-117.04944300003324,32.735140000141676],[-117.04935699981952,32.735143999766436],[-117.04935900036764,32.73450799975094],[-117.04936699986526,32.73260100017993],[-117.04937000023831,32.73196599990768],[-117.0493710000632,32.73187900020467],[-117.04937500026118,32.73171099983434],[-117.04937500026118,32.7316249996392],[-117.0493760000861,32.731539999874435],[-117.0493760000861,32.73145899981868],[-117.04937799973591,32.73116400027162],[-117.04938799978166,32.730037999808914],[-117.0493919999796,32.72966299969493],[-117.04935799964441,32.72966299969493],[-117.04925600043549,32.72966599978675],[-117.04922299992522,32.7296670003211],[-117.04922600029825,32.729490999804135],[-117.04923317105658,32.729148755208925],[-117.04923,32.72966],[-117.05073,32.72964],[-117.04938,32.73144],[-117.04978,32.73334],[-117.05195,32.73382],[-117.05264,32.73229],[-117.05759,32.72994],[-117.05817,32.73087],[-117.06042,32.73107],[-117.06288,32.72948],[-117.06444,32.72947],[-117.05805,32.73374],[-117.05804616287706,32.73466858375116],[-117.05681400033293,32.735994999910666],[-117.0564800004221,32.736356000205014],[-117.05623299965157,32.73661299999243],[-117.05615800020684,32.736691000042974],[-117.05585000023525,32.73703100012476],[-117.05470899968722,32.7382949999349],[-117.05432899974565,32.73871699995422],[-117.05412799990418,32.73893600001284],[-117.05377200025205,32.7393259999956],[-117.0535379999003,32.73960400009993],[-117.0533479999295,32.73983400033521],[-117.05302800026237,32.74013900029017],[-117.05263129091843,32.74052043495931],[-117.05157394879191,32.74145127365283],[-117.05144099965051,32.741556999754245]]]]}},{"type":"Feature","properties":{"GEOID":"06073015802","NAME":"Census Tract 158.02","BASENAME":"158.02","in_district_share":1.0},"geometry":{"type":"Polygon","coordinates":[[[-116.96616899982052,32.79359500004847],[-116.96616899982052,32.79382099976588],[-116.9661679999956,32.79404100004176],[-116.9661679999956,32.79470499983941],[-116.9661679999956,32.79492800035263],[-116.96589199981106,32.79492800035263],[-116.96506400015582,32.79492800035263],[-116.96478799997129,32.79492800035263],[-116.96454500029706,32.79492800035263],[-116.963816000376,32.794930999756374],[-116.96357399962834,32.79493200031268],[-116.96332799958104,32.794930999756374],[-116.96258899961427,32.79492800035263],[-116.96234400029017,32.79492800035263],[-116.96198600008991,32.79492800035263],[-116.9609149998621,32.794929000153864],[-116.96055800038502,32.794929999955095],[-116.96048999971464,32.794929999955095],[-116.96028600039844,32.794929999955095],[-116.96021899955299,32.794929999955095],[-116.95993999989373,32.794929000153864],[-116.95927600027001,32.794929000153864],[-116.95910499966746,32.794929000153864],[-116.95882699983312,32.794929000153864],[-116.95853599957998,32.794929000153864],[-116.9576629997189,32.794929000153864],[-116.95737200036407,32.794929000153864],[-116.95717999984511,32.794929000153864],[-116.95660599973478,32.794929000153864],[-116.95641499993908,32.794929000153864],[-116.95634299996905,32.79492800035263],[-116.95612700005896,32.79492800035263],[-116.95605699973876,32.79492800035263],[-116.95581800026248,32.79492699979622],[-116.95510900043294,32.79492699979622],[-116.95487300043136,32.79492699979622],[-116.95463499988166,32.79492500019368],[-116.95392199985415,32.79492500019368],[-116.95368500002768,32.79492599999495],[-116.95368300037788,32.794483000083474],[-116.95368199965465,32.79418400011796],[-116.95368099982976,32.793157999985],[-116.95368099982976,32.79298200032576],[-116.95368099982976,32.79271600015391],[-116.95368000000484,32.79221600035184],[-116.95367699963178,32.790719000238475],[-116.95367699963178,32.79021999963559],[-116.95367499998194,32.79010999974806],[-116.95367199960889,32.78978199974271],[-116.953670999784,32.78967299992898],[-116.95366599976111,32.789270000171435],[-116.95365300024065,32.78806400015086],[-116.95364900004267,32.7876619997827],[-116.95392699987704,32.78766099989976],[-116.95476100027838,32.78766099989976],[-116.95503900011272,32.7876619997827],[-116.95530600007642,32.787662999665635],[-116.95613700010472,32.787662999665635],[-116.956411999566,32.787662999665635],[-116.95666199981126,32.787662999665635],[-116.95741199964874,32.787662999665635],[-116.95766199989399,32.787664000303764],[-116.9578879998498,32.787662999665635],[-116.95856999991516,32.787662999665635],[-116.95879699969589,32.787662999665635],[-116.95889299995537,32.78766099989976],[-116.95918099983544,32.78766099989976],[-116.95927799991985,32.7876619997827],[-116.95941199981415,32.78766099989976],[-116.95981400039535,32.78766099989976],[-116.95994900011458,32.78766099989976],[-116.96017599989528,32.78766000001681],[-116.96085999961052,32.78766000001681],[-116.96108800011444,32.78766000001681],[-116.96133300033684,32.78766000001681],[-116.96206899993058,32.78766099989976],[-116.96231499997786,32.7876619997827],[-116.96249599972785,32.78766099989976],[-116.96292699972305,32.78766099989976],[-116.9630410004242,32.78766099989976],[-116.96322299999908,32.7876619997827],[-116.96329199959604,32.78766099989976],[-116.96349800035871,32.78766099989976],[-116.96356799978058,32.787662999665635],[-116.96375699992646,32.78766099989976],[-116.9641889997466,32.7876619997827],[-116.9643240003641,32.78766099989976],[-116.96451400033492,32.787662999665635],[-116.9645710002363,32.787662999665635],[-116.96474299976545,32.787662999665635],[-116.9648010003901,32.787664000303764],[-116.9650700000036,32.787662999665635],[-116.96587799956738,32.78766099989976],[-116.96614799990411,32.78766099989976],[-116.96614899972903,32.78801599993191],[-116.9661539997519,32.78908199970118],[-116.9661539997519,32.78943999969218],[-116.96615799994987,32.789871999855386],[-116.96616399979764,32.79117299981045],[-116.96616700017069,32.79160800013375],[-116.96616700017069,32.79163500030244],[-116.96616700017069,32.79171900027137],[-116.96616700017069,32.791747000243376],[-116.96616700017069,32.79193500036645],[-116.9661679999956,32.79250200010245],[-116.96616899982052,32.79269099996629],[-116.96616899982052,32.79291599989173],[-116.96616899982052,32.79359500004847]]]}},{"type":"Feature","properties":{"GEOID":"06073013702","NAME":"Census Tract 137.02","BASENAME":"137.02","in_district_share":1.0},"geometry":{"type":"Polygon","coordinates":[[[-117.00645800013879,32.73655900026618],[-117.00645800013879,32.73666199967373],[-117.00645499976574,32.736778000338504],[-117.00645300011591,32.736937999626754],[-117.00642999965139,32.73702499968117],[-117.00639000036672,32.73710000028527],[-117.00638100014591,32.73711000026033],[-117.00633400029022,32.737167999942244],[-117.00630300032809,32.737195999697],[-117.00626099959696,32.737229000179255],[-117.00618699997713,32.737281999806264],[-117.00595099997557,32.73745700036109],[-117.00587499980762,32.73752900001899],[-117.0058530000663,32.737555000279926],[-117.00580299983758,32.737621000210765],[-117.00577000022561,32.737675000049165],[-117.00573000004265,32.73777900012145],[-117.00572500001977,32.73780000036111],[-117.00570800030134,32.73788800001611],[-117.00570300027844,32.738199999878816],[-117.00570099973031,32.73833500004754],[-117.00569999990542,32.73840800018792],[-117.00569800025559,32.738629000362195],[-117.00569800025559,32.738702999939086],[-117.00569800025559,32.738779000318715],[-117.00569800025559,32.73900799998695],[-117.00569800025559,32.73908499977954],[-117.00569999990542,32.73925400027836],[-117.00569999990542,32.7393329999545],[-117.00570900012623,32.74008100027509],[-117.00571199960096,32.740330000359606],[-117.00571199960096,32.740406000107235],[-117.00571199960096,32.7406339997168],[-117.00571199960096,32.74071200002594],[-117.00571199960096,32.740762000130104],[-117.00568999985965,32.74079599970133],[-117.0055450000947,32.74102700028918],[-117.00549700041414,32.74110399984834],[-117.00538799973589,32.74127500034863],[-117.00506300004587,32.74178999992144],[-117.00495500009083,32.74196200025718],[-117.00479000023438,32.74222200016957],[-117.00429800013981,32.74300100025892],[-117.00413400010828,32.74326199978803],[-117.00398199977232,32.74350100003811],[-117.00367299997582,32.74398999970277],[-117.00361100005155,32.744117000211844],[-117.00356800039384,32.74424199979848],[-117.00353800025663,32.744386999794344],[-117.00351700034021,32.744521000044486],[-117.00347799998215,32.74478199965433],[-117.00340199981417,32.74529700011254],[-117.00336099980629,32.74556800025272],[-117.00332300017145,32.74583099976781],[-117.003298999882,32.74599199977448],[-117.00324000033079,32.746400000046535],[-117.00321000019355,32.74647099968814],[-117.00314800026925,32.746622999975784],[-117.00310399988832,32.7467329999725],[-117.00297099981896,32.74706499982588],[-117.00292800016123,32.74717699995244],[-117.00282000020623,32.74743699975736],[-117.00275599973381,32.747547999838176],[-117.00274499986314,32.74756399988603],[-117.0026920001597,32.7476209999861],[-117.00230100034743,32.74804700021504],[-117.00191700020788,32.74890799969376],[-117.00171100034355,32.74937199963175],[-117.00169100025207,32.74941500024288],[-117.00163299962743,32.74954600030749],[-117.00161500008409,32.74958999963431],[-117.00159800036566,32.74965099967813],[-117.00155599963456,32.749804000136855],[-117.00154899996186,32.74983600017488],[-117.0015370002663,32.74989899990921],[-117.00152200019767,32.74996799992688],[-117.00149200006045,32.750107000106794],[-117.00148500038776,32.75017700026743],[-117.00147799981674,32.75024799992089],[-117.0014739996188,32.75029199965643],[-117.00147199996894,32.75032499982158],[-117.00147899964166,32.75042699963668],[-117.00148299983961,32.75047299988536],[-117.00065500018437,32.750292999959235],[-117.00047299971116,32.75025499977725],[-116.99895799996763,32.749927000196536],[-116.99817200014517,32.74975800029815],[-116.99734500031484,32.74958000030434],[-116.99675600013587,32.74940199995485],[-116.9967379996942,32.74939699990173],[-116.99569099975584,32.74902699972264],[-116.99502200010924,32.748768999909444],[-116.9944489998238,32.74854799995267],[-116.99439699994528,32.74852800030214],[-116.99424100030966,32.748467999812604],[-116.99419000025603,32.748448000144116],[-116.99329899995327,32.74810299967863],[-116.99111600038806,32.74726100033272],[-116.99062599994329,32.747073000271314],[-116.98973600036378,32.74673199962973],[-116.98978200039451,32.746690000333416],[-116.9899220001366,32.74656599999279],[-116.98996899999227,32.746525000207775],[-116.99005199983296,32.74644999998094],[-116.9903010002533,32.74622900031554],[-116.99038499991887,32.746155999782474],[-116.99047600015547,32.74607399981622],[-116.99075099961678,32.74582800022015],[-116.99084299967828,32.745747000305826],[-116.99072999970038,32.74566899987107],[-116.99063099996619,32.7456230001638],[-116.99052300001112,32.74559300007912],[-116.99041000003325,32.74558100034468],[-116.99038499991887,32.74558100034468],[-116.99030499955295,32.745585000256334],[-116.99010100023675,32.74561099967784],[-116.98947699989768,32.745674999732536],[-116.98928199990401,32.74567699968631],[-116.98910100015405,32.74566199965434],[-116.98892899972661,32.74563299993793],[-116.9889019999624,32.74562599971838],[-116.98874299995376,32.74558399990067],[-116.98856800005156,32.745519000179655],[-116.98843400015726,32.74546200024587],[-116.98843499998218,32.745255000139736],[-116.98844000000506,32.74463900027832],[-116.9884419996549,32.74443399975278],[-116.9884419996549,32.744368000334596],[-116.9884419996549,32.74417200026315],[-116.9884419996549,32.74410700026756],[-116.9884419996549,32.74390699963512],[-116.98844500002792,32.743313000353595],[-116.98844699967773,32.74311500021677],[-116.98844699967773,32.742936000164704],[-116.98844800040098,32.74240199978071],[-116.9884490002259,32.74222400020079],[-116.9884490002259,32.742189000025114],[-116.98845000005082,32.74208499981045],[-116.98845099987571,32.74205099997546],[-116.98845000005082,32.74189199968619],[-116.98844800040098,32.74141500013829],[-116.98844800040098,32.74125699987393],[-116.98844699967773,32.74113399993331],[-116.98844599985281,32.74076800032207],[-116.98844599985281,32.740646000117565],[-116.98844400020302,32.74028200008796],[-116.98844099982998,32.73919599968724],[-116.98844099982998,32.73883500031831],[-116.98902300033625,32.738822999673715],[-116.98917700032203,32.73882400010529],[-116.98958800022577,32.7388280003203],[-116.99008199997017,32.739075000026084],[-116.99028299981163,32.73917699987623],[-116.99056300019413,32.73950499974363],[-116.99109899977132,32.73974700000064],[-116.99117699958911,32.739783000045165],[-116.99182199984459,32.73987000034464],[-116.9916899996001,32.73970400001239],[-116.99163500024683,32.73961199970416],[-116.99160799958436,32.73955299967824],[-116.99158599984304,32.73949200027637],[-116.99156999994949,32.73942999965237],[-116.99156599975157,32.73941000022183],[-116.99152399991877,32.73913999991446],[-116.99151899989587,32.738993000343456],[-116.99152200026893,32.73894300000238],[-116.9916100001325,32.73852199997699],[-116.99174499985169,32.73834999980174],[-116.99176499994316,32.738308000332395],[-116.99177199961588,32.738266999769806],[-116.99176999996605,32.7382280000649],[-116.99175499989745,32.73817899973342],[-116.9916899996001,32.738106999845094],[-116.99166399966084,32.738056999762485],[-116.99165299979018,32.7380240003424],[-116.99164799976731,32.73798900002824],[-116.99165699998815,32.73792100024211],[-116.99166000036121,32.737912000044346],[-116.99167100023186,32.7378859998875],[-116.99169100032334,32.737854000091],[-116.99173700035408,32.737808000127224],[-116.99189800001257,32.73769200004747],[-116.99198599987612,32.73750900016181],[-116.99204600015055,32.73738200005744],[-116.99205600019631,32.73734099982447],[-116.99205899967104,32.73729899987958],[-116.99205399964818,32.73725699991484],[-116.99204100012771,32.73721599962436],[-116.99202900043213,32.73719200016433],[-116.9920210000362,32.737177000215155],[-116.99199300044712,32.73714099987353],[-116.99191200025625,32.73706899990222],[-116.99153700033756,32.73675900001197],[-116.99149399978154,32.73671399993831],[-116.99145899962143,32.7366639998298],[-116.99143299968216,32.73661000013444],[-116.99141699978864,32.7365509996323],[-116.99140400026816,32.73644800009647],[-116.99136400008518,32.736115999975475],[-116.99131399985647,32.73572900018982],[-116.99130499963566,32.73565499965478],[-116.99131100038173,32.735206000349706],[-116.99127799987144,32.73456600037051],[-116.99125899960487,32.734178000171624],[-116.99124799973423,32.733974000246484],[-116.99124000023663,32.73379700018874],[-116.99114399997714,32.73345800035199],[-116.991113000015,32.73342200001948],[-116.9910839997027,32.73340400022552],[-116.99088899970901,32.733346000361124],[-116.9907459995939,32.733316999659074],[-116.990640000187,32.73330400004489],[-116.99054499975244,32.733298999843974],[-116.9904229995537,32.73329299990478],[-116.98950200001202,32.73329299990478],[-116.98915499968241,32.73329299990478],[-116.98985900038741,32.73284100005093],[-116.99062099992042,32.73239699966814],[-116.9912319998407,32.7323680001687],[-116.99128700009231,32.73237599966675],[-116.99138500000159,32.73237599966675],[-116.9914639996443,32.732362999915324],[-116.9915549998809,32.73233399964913],[-116.99162400037618,32.732296999869064],[-116.99168499957723,32.73225100005987],[-116.99174400002678,32.732185999681136],[-116.99173999982882,32.73176200020963],[-116.99176499994316,32.730928999997836],[-116.99178500003467,32.73078900036027],[-116.99180000010327,32.73069799968448],[-116.99182100001967,32.730634999976004],[-116.99187000042346,32.73056699986889],[-116.99192399995184,32.730520999922575],[-116.99198000002833,32.730497000171184],[-116.99209399983116,32.73048199985096],[-116.99251700032877,32.7304680000536],[-116.99269499970568,32.730484000145665],[-116.99279299961498,32.730533999942644],[-116.99287399980582,32.73060599990332],[-116.99292999988232,32.730693000093076],[-116.992984000309,32.73080999997991],[-116.99301299972302,32.730862999645545],[-116.99309700028692,32.730952999632976],[-116.99319699984603,32.73101299982598],[-116.99332599971746,32.731059000274094],[-116.99349899996982,32.73109800009327],[-116.99369499978839,32.73115899995065],[-116.99389399998003,32.73122599984501],[-116.99404299994293,32.731275000220876],[-116.99420699997445,32.731316999981786],[-116.9943149999295,32.731335999957125],[-116.99450800027336,32.731357999963286],[-116.99494799959108,32.731363000273035],[-116.99563200020461,32.73137200037651],[-116.99569499995381,32.73136000023833],[-116.99576299972587,32.731332999921534],[-116.99581799997746,32.73129700024209],[-116.99586800020617,32.73124400007873],[-116.99612799959885,32.730748999883694],[-116.99614900041357,32.73069600015022],[-116.99621999966035,32.730447000353394],[-116.99627999993481,32.730292000362354],[-116.9963700003465,32.73011600032363],[-116.99638899971477,32.730086000308106],[-116.99678999957277,32.72945900001631],[-116.99682599955777,32.7294019996337],[-116.99693600006093,32.72923399988494],[-116.99697299987086,32.72917799989836],[-116.99710199974228,32.72937399969755],[-116.99713699990237,32.7294599997973],[-116.997151999971,32.72955500010102],[-116.99714600012321,32.729736000136995],[-116.99714199992526,32.72989800028337],[-116.99716000036692,32.73000000005661],[-116.99719499962869,32.7300919997075],[-116.99723800018472,32.73016600032701],[-116.99729400026122,32.73023700005698],[-116.99760800008059,32.730585000235685],[-116.9976530002864,32.730660000213526],[-116.99768300042365,32.73074100023963],[-116.99769599994411,32.730818000373425],[-116.997700999967,32.731102999661964],[-116.9977160000356,32.73116199999211],[-116.99774799982265,32.73121900000505],[-116.99779700022647,32.73127299994386],[-116.99785599977771,32.73131300018536],[-116.99840200029897,32.73157699996867],[-116.9986590002169,32.7316989997418],[-116.99876399979891,32.73173700028122],[-116.9989050002642,32.731769000007],[-116.99901800024209,32.731781999845055],[-116.99914799993846,32.731781999845055],[-116.99946000010799,32.73175199963457],[-116.99960300022313,32.731741000058626],[-116.99977999977514,32.73172599994775],[-116.99995899987526,32.73172299992526],[-117.00016999976246,32.73173800003666],[-117.00038499984761,32.73176999976207],[-117.00047699990911,32.73179699994652],[-117.00057700036655,32.73184299999006],[-117.0006529996362,32.73189500004354],[-117.00072700015437,32.73196399964618],[-117.00097200037675,32.73231700014013],[-117.00101400020955,32.73240599966723],[-117.00103500012597,32.73248700037381],[-117.00104299962355,32.73257599973116],[-117.00103099992799,32.73267800021839],[-117.00099900014094,32.7327730001153],[-117.00095200028528,32.73285699971712],[-117.0008979998586,32.732925000344274],[-117.00059300026007,32.733257999999694],[-117.00050899969617,32.733323000352314],[-117.00041300033503,32.73337399980526],[-117.00032299992334,32.73340700019142],[-117.00020900012052,32.73343399988005],[-116.99953299990291,32.733596999841374],[-116.99946299958272,32.73363099987922],[-116.99941499990214,32.73366799986117],[-116.9993699996963,32.73372499978289],[-116.99934299993214,32.73378999979501],[-116.99933600025942,32.73385799971039],[-116.99934499958195,32.733910000099684],[-116.99936399984851,32.73396300018908],[-116.99939599963558,32.73401000035611],[-116.9994469996892,32.73405800022775],[-116.99948600004726,32.73408199977605],[-116.9998559999431,32.73436900017091],[-116.99998099961658,32.734466999707074],[-117.00083500010943,32.73513200013607],[-117.00087399956917,32.73517599978034],[-117.00089700003369,32.73522800015629],[-117.00090100023165,32.735282999649066],[-117.00088799981287,32.73533599967767],[-117.0008550002009,32.73538500006106],[-117.00081099981998,32.73542299978469],[-117.00076700033735,32.73544500029335],[-117.00070700006289,32.73545999977838],[-117.00041900018282,32.735498000225626],[-117.00034399983973,32.73552299985481],[-117.00031700007557,32.735535999901074],[-117.00028899958815,32.735551999839096],[-117.00022900021199,32.73559800021166],[-117.00018300018128,32.73565499965478],[-117.0001510003942,32.73571800034902],[-117.00013600032558,32.735784999839076],[-117.00014100034846,32.73616200005694],[-117.00043699972616,32.73615799972229],[-117.00132700020399,32.736147999640444],[-117.0016240003049,32.73614499976681],[-117.00170299994765,32.73614199989305],[-117.00194099959903,32.736136999851354],[-117.00202099996496,32.736136999851354],[-117.00220900028594,32.736136999851354],[-117.00231700024096,32.73613999972527],[-117.00277500000036,32.73615400014308],[-117.00296400014626,32.73616100035114],[-117.00313300020065,32.736159999889665],[-117.00351700034021,32.736159000183775],[-117.00364299983858,32.736159000183775],[-117.00381299971791,32.736159000183775],[-117.00387600036541,32.736159000183775],[-117.00406799998603,32.736159000183775],[-117.00413199956014,32.736159000183775],[-117.00422000032202,32.73615799972229],[-117.00448499973756,32.736157000016426],[-117.00457400032433,32.736157000016426],[-117.00461799980694,32.7361560003105],[-117.00475000005143,32.73615400014308],[-117.00479500025727,32.73615499984897],[-117.00492300030378,32.73615400014308],[-117.00530700044334,32.7361560003105],[-117.00543600031476,32.736157000016426],[-117.00564100035417,32.7361560003105],[-117.00625700029732,32.7361560003105],[-117.00646300016166,32.7361560003105],[-117.00646099961352,32.73625700001864],[-117.00645800013879,32.73655900026618]]]}},{"type":"Feature","properties":{"GEOID":"06073016902","NAME":"Census Tract 169.02","BASENAME":"169.02","in_district_share":0.022},"geometry":{"type":"Polygon","coordinates":[[[-116.87549400006915,32.876916000238],[-116.87840300008068,32.875263999902415],[-116.88081400014984,32.873897000298484],[-116.88424200002011,32.87195999967585],[-116.88472900009184,32.87168500034641],[-116.88822700028234,32.871036999996804],[-116.89185199979612,32.870366000151],[-116.89355800023364,32.87086099995959],[-116.89365600014295,32.8710599998644],[-116.89444399961522,32.87165400008592],[-116.89660799981215,32.871982000370025],[-116.89761100026793,32.872135000108166],[-116.89955199998379,32.87246199968419],[-116.90265900036204,32.87240800018343],[-116.90674900020622,32.8720720002036],[-116.90919100023751,32.87187199986247],[-116.91013600006863,32.87194799963782],[-116.91075000036196,32.871810000215966],[-116.91181200036894,32.87173700015056],[-116.91267000016143,32.871983999746966],[-116.91318200034749,32.872231999849795],[-116.91470600031184,32.872188000089054],[-116.91480149656397,32.87218154463837],[-116.91505,32.87239],[-116.91628,32.87238],[-116.91443,32.87387],[-116.91388,32.87582],[-116.90996,32.87506],[-116.9105,32.87316],[-116.90915,32.87289],[-116.90858,32.87479],[-116.89335,32.87163],[-116.89329,32.88568],[-116.88718,32.88725],[-116.88717,32.87489],[-116.87969,32.87967],[-116.87932,32.8792],[-116.87709,32.88075],[-116.87661,32.88],[-116.87631,32.88161],[-116.87478,32.88249],[-116.87259,32.88294],[-116.8705,32.88135],[-116.87086,32.88497],[-116.86852,32.8856],[-116.86826,32.8848],[-116.86353,32.88472],[-116.86248,32.88343],[-116.85911,32.88809],[-116.85953,32.88892],[-116.85735,32.89051],[-116.85763641346115,32.88967258159452],[-116.85780900002136,32.88941800023284],[-116.8579379998928,32.88919600037101],[-116.8581570001759,32.888855000155594],[-116.85821400007734,32.88872199966056],[-116.85835100034467,32.88840800005344],[-116.85850199995741,32.88828999975492],[-116.85855600038411,32.88824599966727],[-116.85861599976025,32.888199999792334],[-116.85896300008987,32.88752300001863],[-116.85919900009142,32.886785000140065],[-116.85939080878336,32.88642891891417],[-116.86231,32.88345],[-116.86141738089049,32.882577071017906],[-116.86141799964163,32.88257600022426],[-116.8619449998963,32.882170000010284],[-116.86352999996005,32.8809540002084],[-116.86405800003963,32.88054899970006],[-116.86484100038736,32.88004799981877],[-116.86719399983187,32.87854600014977],[-116.86736700008423,32.878438000228435],[-116.86738764213172,32.87842844661185],[-116.86806,32.87822],[-116.86802791892717,32.87813211122754],[-116.86997599962179,32.87722999982481],[-116.87328300001654,32.87704100027643],[-116.8743209997341,32.87698200012333],[-116.87433362933554,32.8769812895078],[-116.87441,32.87722],[-116.87495764224377,32.876946178878114],[-116.87549400006915,32.876916000238]]]}},{"type":"Feature","properties":{"GEOID":"06073016811","NAME":"Census Tract 168.11","BASENAME":"168.11","in_district_share":0.7469},"geometry":{"type":"Polygon","coordinates":[[[-116.89525299990223,32.857173999956075],[-116.89512200038095,32.85713600015988],[-116.89491200031868,32.857062000232034],[-116.89470899992908,32.85697399997241],[-116.89450200023985,32.85686500032718],[-116.89431899994175,32.85674999987793],[-116.89415900010817,32.856634000172654],[-116.89400900032035,32.85650700031495],[-116.89391800008376,32.85641900025934],[-116.89387000040318,32.856371999850886],[-116.8937249997399,32.85620700017855],[-116.89360500008932,32.85604300006751],[-116.89350200015716,32.855876000043196],[-116.89341099992055,32.85569499998724],[-116.89334399997341,32.855526000314526],[-116.89332399988193,32.85546100018053],[-116.89328399969895,32.855325999634005],[-116.89325600010987,32.85518600024765],[-116.89324900043717,32.85515199986747],[-116.89322799962245,32.85496200016632],[-116.89322299959959,32.85476799977362],[-116.89322900034568,32.85465500014677],[-116.89331600038433,32.85305999983804],[-116.89334499979833,32.85252999974969],[-116.89335800021712,32.8523190000964],[-116.8933570003922,32.852165000218726],[-116.8933570003922,32.85212699978632],[-116.89333800012561,32.85193499981543],[-116.89329799994266,32.8517320003455],[-116.89323799966819,32.851532000168206],[-116.89316999989616,32.85136300011224],[-116.89308100020767,32.85118600035152],[-116.89304500022267,32.851128000276404],[-116.89296900005466,32.85100299993352],[-116.8928379996351,32.85082899999019],[-116.89281199969584,32.85079700005888],[-116.89266199990801,32.850633999687254],[-116.89250700009732,32.85049299975851],[-116.89241599986073,32.8504220001217],[-116.89235200028662,32.85037199975884],[-116.89218599970695,32.850259999749234],[-116.89199800028427,32.85015300002586],[-116.89085699973627,32.84961099988916],[-116.89032700000686,32.84936000009251],[-116.8896829995763,32.84905500020492],[-116.88866699960006,32.84857500023828],[-116.88842800012378,32.84846300022465],[-116.88826900011514,32.84839099976391],[-116.88803300011357,32.84829700022745],[-116.88777500037071,32.84821300015597],[-116.88772900033997,32.84820099992366],[-116.88749499998822,32.84814100024708],[-116.88727300023038,32.84809799981241],[-116.88703200020595,32.848063999734805],[-116.88688099969491,32.848053000195264],[-116.88667700037871,32.84804499977455],[-116.88665399991419,32.84804599973284],[-116.88642600030856,32.848053000195264],[-116.88561500037174,32.84811999963374],[-116.88547300008152,32.84813199987699],[-116.8852610003694,32.848142000204305],[-116.88522399966118,32.84814100024708],[-116.88516000008707,32.84814100024708],[-116.88511499988122,32.84814000028987],[-116.88507899989622,32.84814000028987],[-116.88497199976608,32.848132999834306],[-116.88492499991042,32.84812600013294],[-116.88476199970381,32.84810900010113],[-116.88453999994594,32.84806700036371],[-116.88446999962576,32.84804799964939],[-116.88441899957215,32.84803500019102],[-116.88432200038606,32.84800899975925],[-116.88417800044603,32.84796000025999],[-116.88396199963765,32.84787100006844],[-116.88376599981905,32.84776900029027],[-116.88367600030567,32.847723999751594],[-116.88363299974966,32.847698999945564],[-116.8835719996503,32.8476639997525],[-116.88353800021343,32.84764099985529],[-116.88343199990821,32.84757000020068],[-116.88331499973233,32.847474999829814],[-116.88327700009751,32.84743699965302],[-116.88319799955649,32.847361000005314],[-116.88318000001314,32.84734199989454],[-116.88308600030179,32.847229999834155],[-116.88300500011094,32.84711099985096],[-116.8828400002545,32.846795000085066],[-116.8827630002616,32.84664600030186],[-116.88272599955337,32.846572999901454],[-116.88261500012362,32.84635899973589],[-116.8825780003137,32.84628899978838],[-116.88291600042248,32.846172999990976],[-116.88298199964642,32.846135999991205],[-116.88303900044613,32.84608500025175],[-116.88308299992876,32.84601600006934],[-116.88310399984516,32.84594599985128],[-116.88310999969292,32.845778999690275],[-116.88311899991376,32.84559100026742],[-116.88313099960932,32.84531099998722],[-116.88313800018035,32.84521700020723],[-116.88316499994453,32.84506700004699],[-116.88320900032545,32.84492100036209],[-116.88326899970161,32.844778999662715],[-116.88333900002178,32.84465400018778],[-116.8834300002584,32.84452399979236],[-116.88353499984038,32.84440199995637],[-116.88366600025996,32.84427999995269],[-116.88431999983791,32.84377699967589],[-116.88497900033708,32.84327200029793],[-116.88562299986931,32.842776999733296],[-116.88566399987721,32.84274599993542],[-116.88573500002232,32.84269499975748],[-116.88589400003099,32.84260000020615],[-116.88634000009482,32.84239199964979],[-116.88647700036216,32.84232899975158],[-116.88671300036374,32.842234999832314],[-116.88697000028168,32.842149000011695],[-116.88712599991729,32.84210499966751],[-116.88807699959618,32.841838000078916],[-116.88890900034774,32.84160600001885],[-116.88895899967811,32.841591000309634],[-116.88911199983899,32.84154899975191],[-116.88916299989263,32.841536000096355],[-116.88950100000142,32.84144100005935],[-116.89044900020559,32.84117800012567],[-116.89051699997765,32.8411580001648],[-116.89085599991138,32.841062999723235],[-116.89108000021734,32.84099800031592],[-116.89150199999175,32.840881000357044],[-116.89174999968887,32.840801000219045],[-116.89197300016994,32.84073299974312],[-116.8921389998513,32.84068800016536],[-116.89263799961857,32.84055599991383],[-116.89280500002316,32.84051400037584],[-116.89297300025264,32.84046199962644],[-116.89309399972815,32.84042000004398],[-116.89327500037645,32.8403590003455],[-116.89354200034013,32.84025700023627],[-116.89387600025097,32.84011400032984],[-116.89393999982505,32.840082000308676],[-116.89403899955927,32.840033000206724],[-116.89421400035978,32.83994899986122],[-116.89445799985891,32.839817000020325],[-116.8944910003692,32.83979599970157],[-116.89476400018067,32.83963400031067],[-116.89504500038808,32.839447000003226],[-116.89528100038963,32.83927199998829],[-116.89553599975943,32.839084999673],[-116.89565600030836,32.83899400027313],[-116.89602000035642,32.8387240001942],[-116.89614099983196,32.838635999862454],[-116.89622600022075,32.8385720002526],[-116.8964820003138,32.838381999770874],[-116.8965679996292,32.83831900004572],[-116.89683200011817,32.838122000041665],[-116.89762799998637,32.83753299982431],[-116.89789300030021,32.837337999743475],[-116.89791699969138,32.83732199998883],[-116.89808699957068,32.8372180000034],[-116.89812900030178,32.83719499966362],[-116.89868499997048,32.83689100032247],[-116.89888499998699,32.83678300024638],[-116.89910900029301,32.836677000211616],[-116.89921100040026,32.83663200008741],[-116.89934000027168,32.836576999820764],[-116.90006699964458,32.83628699963529],[-116.90021200030786,32.836228999635445],[-116.90054700004362,32.83609600020859],[-116.90072299977071,32.83602500037623],[-116.90125300039846,32.835813999975855],[-116.90142999995044,32.83574400001487],[-116.9015460003014,32.83569599988029],[-116.90158300011132,32.83567799963448],[-116.90187500018936,32.83554500013697],[-116.9020319996499,32.83546200017368],[-116.90217999978792,32.835386000084675],[-116.90233100029896,32.835301999870836],[-116.90256899995032,32.8351580001821],[-116.90262400020193,32.83512699998789],[-116.90291799992978,32.834931999906104],[-116.9031999999621,32.8347240002525],[-116.90346899957562,32.834504999647955],[-116.90364400037613,32.834344999884955],[-116.90372499966864,32.834274000161926],[-116.90396700041632,32.83403200030738],[-116.90402299959447,32.83397300022729],[-116.90412499970175,32.833867999974885],[-116.90427600021279,32.83369900024964],[-116.90518699970872,32.83268400029553],[-116.90522100004391,32.83264800008857],[-116.9052779999453,32.832583999936176],[-116.90549100038066,32.83234800006068],[-116.90559099993975,32.83245299984606],[-116.90565100021419,32.83253500022473],[-116.9058400003601,32.83288899981206],[-116.90638799963288,32.83391099975538],[-116.90656400025829,32.83420499985583],[-116.90675500005402,32.834492999826686],[-116.90681100013049,32.83457300036566],[-116.90689800016914,32.83469799969542],[-116.90718500022432,32.83510399986117],[-116.90726800006497,32.83522300009147],[-116.90751900013515,32.835582000022875],[-116.90760299980073,32.835701999709826],[-116.90765100037963,32.83576900016903],[-116.90779500031967,32.83597699963878],[-116.90784300000026,32.836046000077374],[-116.90710300020854,32.836528000048496],[-116.9068189996281,32.836713000294594],[-116.9058610002765,32.83706499966559],[-116.90549700022842,32.83830199964496],[-116.90542799973315,32.83853800029952],[-116.90540699981676,32.83860899963171],[-116.90520199977735,32.83913400029824],[-116.90515300027185,32.83925699988468],[-116.90514099967798,32.83929000026018],[-116.90500799960857,32.83962699993895],[-116.904959999928,32.83975199970057],[-116.90486600021667,32.839991999715565],[-116.90458599983417,32.840714999763776],[-116.90449299994775,32.84095600023231],[-116.90444299971905,32.84108199966877],[-116.90429499958104,32.84146400005379],[-116.90424699990047,32.841592000340654],[-116.9041439999683,32.84186400005436],[-116.90383500017182,32.84268200026975],[-116.90373300006459,32.84295499967788],[-116.90393599955584,32.84320900026958],[-116.90452499973483,32.84394299982578],[-116.90453399995565,32.84397799997691],[-116.90461900034447,32.8442939999616],[-116.90465399960625,32.8444329999306],[-116.90475900008656,32.84485200002938],[-116.90479400024664,32.84499199987185],[-116.904819000361,32.84508599989016],[-116.90489499963067,32.8453710000677],[-116.90492099956995,32.845465999671944],[-116.90495900010309,32.845612999955506],[-116.90507600027894,32.846060999964735],[-116.90511499973869,32.84620999997539],[-116.90517599983806,32.846448999910734],[-116.90536199961089,32.84717100022394],[-116.9054240004335,32.847411999766194],[-116.90539400029625,32.8474499999537],[-116.9053830004256,32.84748400026654],[-116.90538000005257,32.84749399991211],[-116.90534800026552,32.84773200020119],[-116.90532700034912,32.847815999973264],[-116.90530700025765,32.847895999826],[-116.90529999968662,32.84791499981817],[-116.90525000035622,32.84805700002794],[-116.90518199968585,32.84819900001057],[-116.90517599983806,32.84821200019956],[-116.90513200035545,32.848288999828725],[-116.90504000029394,32.848425999670226],[-116.90502500022534,32.84844900011863],[-116.904735999622,32.84881799964024],[-116.90463500023799,32.848948999731284],[-116.90442400035079,32.84922300018363],[-116.90432800009131,32.84937000028137],[-116.90424799972538,32.849522999785705],[-116.90418400015128,32.84968200017482],[-116.90414200031849,32.849821999944616],[-116.9041359995724,32.849845000031245],[-116.90410600033348,32.85001100015134],[-116.90409399973962,32.850144999794466],[-116.9040949995645,32.85031299997354],[-116.90411200018124,32.85047999990368],[-116.90425600580541,32.85113],[-116.90303,32.85113],[-116.90357,32.84756],[-116.89879,32.84712],[-116.89878,32.8512],[-116.89343,32.8512],[-116.89567,32.85166],[-116.89567,32.85729755527633],[-116.89525299990223,32.857173999956075]]]}},{"type":"Feature","properties":{"GEOID":"06073016806","NAME":"Census Tract 168.06","BASENAME":"168.06","in_district_share":0.5106},"geometry":{"type":"Polygon","coordinates":[[[-116.92355600037006,32.83055899994314],[-116.9234190001027,32.83029699963346],[-116.92289600004598,32.82923900028659],[-116.9228349999466,32.829158000054726],[-116.92275899977861,32.82908599978659],[-116.9227229997936,32.82905899967101],[-116.92250299968556,32.82887000014166],[-116.92236600031654,32.82875300005176],[-116.92243900011148,32.82869099970935],[-116.92266000004442,32.82850700028894],[-116.92273399966426,32.82844599995393],[-116.92287500012957,32.82832399991295],[-116.9233010001019,32.827958000294224],[-116.92344300039213,32.827836999768884],[-116.9234969999205,32.827790000075574],[-116.92365900030222,32.82765499970999],[-116.92371399965546,32.827610000297376],[-116.92379599967126,32.8275389997184],[-116.92404500009157,32.82732599990545],[-116.92412799993225,32.82725600004679],[-116.92433100032186,32.827083999987174],[-116.92489200001341,32.82661700005879],[-116.9249410004172,32.826574999965885],[-116.9251430000836,32.82640300009712],[-116.92530399974206,32.826263999828164],[-116.92578999998888,32.82584999985084],[-116.92595200037057,32.8257119996812],[-116.92600199970097,32.82566800024939],[-116.92615599968674,32.8255360003134],[-116.9262079995653,32.82549399970931],[-116.92633700033505,32.82538300022788],[-116.92672499977424,32.82505199987621],[-116.92685500036893,32.82494200006096],[-116.92693099963857,32.824875999955424],[-116.92715900014252,32.82468200023061],[-116.92723600013541,32.82461700015416],[-116.9272980000597,32.82456199999417],[-116.92748700020557,32.82440100020862],[-116.92754999995476,32.824347000140136],[-116.92760799968109,32.824294999735656],[-116.92778199975837,32.82414700015985],[-116.92784100020792,32.824097000094355],[-116.92770999978833,32.82409499963822],[-116.92731999980099,32.82409499963822],[-116.92719000010466,32.82409499963822],[-116.92694499988228,32.82409400016503],[-116.92621000011343,32.82409100023561],[-116.92596599971597,32.82409100023561],[-116.92568399968366,32.824090000007466],[-116.92484099995978,32.82408800030607],[-116.92455999975239,32.82408800030607],[-116.92440599976662,32.82408800030607],[-116.92394499963416,32.82408800030607],[-116.9237920003716,32.82408899977933],[-116.92362900016498,32.82408800030607],[-116.92314299991816,32.82408400014824],[-116.92298100043477,32.82408500037644],[-116.9228409997944,32.82408400014824],[-116.92242300021795,32.82408400014824],[-116.92228400030078,32.82408599984973],[-116.92221599963041,32.82408400014824],[-116.92214200001055,32.82408400014824],[-116.92205199959886,32.82408400014824],[-116.92171600003822,32.82408400014824],[-116.92157499957288,32.82408500037644],[-116.92120100037738,32.82408400014824],[-116.92007900009597,32.82408400014824],[-116.91970599982706,32.82408599984973],[-116.92016500030968,32.82372799972238],[-116.92024700032545,32.8236650001685],[-116.92037500037196,32.82354099988561],[-116.9204899999997,32.823408000327284],[-116.92059200010695,32.82326700018069],[-116.92114500030091,32.82229599988234],[-116.9214340000059,32.821790000361325],[-116.92154600015888,32.82158800015039],[-116.9218859999175,32.820981999781125],[-116.92199899989542,32.820781000262976],[-116.92206900021563,32.820795999713106],[-116.92216899977471,32.82080799987539],[-116.92222999987409,32.820815999731],[-116.92268500015878,32.820815999731],[-116.92285800041114,32.82081800026099],[-116.92295100029754,32.82081800026099],[-116.92323300032987,32.82081800026099],[-116.9233270000412,32.82081800026099],[-116.9234349999962,32.82081800026099],[-116.92375899986133,32.820818999771035],[-116.92386699981634,32.82082100030095],[-116.92400599973351,32.82082100030095],[-116.92442400020828,32.82082100030095],[-116.92456399995034,32.82082199981097],[-116.9247149995631,32.82082199981097],[-116.92517099967267,32.82082199981097],[-116.92532300000863,32.820824000340814],[-116.92543799963636,32.82082199981097],[-116.9257859997909,32.82082199981097],[-116.92590200014186,32.8208230000759],[-116.92604000023414,32.82082199981097],[-116.92645600016071,32.820824000340814],[-116.92659500007791,32.82082499985079],[-116.92667500044384,32.82082499985079],[-116.92691800011809,32.82082499985079],[-116.92699900030894,32.82082499985079],[-116.92708200014962,32.82082499985079],[-116.92733200039488,32.82082499985079],[-116.92741600006048,32.8208260001157],[-116.92755699962746,32.82082499985079],[-116.9279829995998,32.820826999625716],[-116.92812499989004,32.82082799989058],[-116.9282289996471,32.820826999625716],[-116.92854400018969,32.820826999625716],[-116.92864899977167,32.820826999625716],[-116.92897400036,32.820826999625716],[-116.92995099997816,32.820826999625716],[-116.93027700039141,32.820826999625716],[-116.9305660000964,32.82082499985079],[-116.93143499975955,32.82082199981097],[-116.93172500018778,32.82082100030095],[-116.93174699992908,32.82082100030095],[-116.93181300005132,32.82082100030095],[-116.93183599961753,32.82082100030095],[-116.9320020001972,32.820818999771035],[-116.93250199978942,32.820815999731],[-116.93266900019398,32.820815999731],[-116.93282800020265,32.8208139999559],[-116.93330699987843,32.82081099991569],[-116.93346699971201,32.82081200018076],[-116.93368000014735,32.820809999650635],[-116.93432000037994,32.82080700036522],[-116.93453399974186,32.82080600010011],[-116.93426199975531,32.821107999630264],[-116.93403999999745,32.8213560000215],[-116.9339089995779,32.82152900010669],[-116.93380099962286,32.82169800034465],[-116.93370199988867,32.82188700003781],[-116.93362499989577,32.82206800034157],[-116.93360499980426,32.82212400003135],[-116.93358200023805,32.82219400016016],[-116.93352699998647,32.82240100022899],[-116.93350600007007,32.82251799962784],[-116.93349299965128,32.82270999981719],[-116.93348199978062,32.82279300037609],[-116.93348199978062,32.82282900004865],[-116.93348699980349,32.823765000002766],[-116.93348900035163,32.82407800028861],[-116.93348900035163,32.82409],[-116.93015,32.82409],[-116.93012,32.82586],[-116.93116,32.82586],[-116.93121,32.82969],[-116.92897,32.83032],[-116.92619,32.82834],[-116.9235669514541,32.83057990662346],[-116.92355600037006,32.83055899994314]]]}},{"type":"Feature","properties":{"GEOID":"06073014300","NAME":"Census Tract 143","BASENAME":"143","in_district_share":1.0},"geometry":{"type":"Polygon","coordinates":[[[-117.05613100044265,32.73461699986792],[-117.05590700013666,32.73478200013105],[-117.05535800014064,32.73519100006629],[-117.0551980003071,32.735327999689616],[-117.05504000012333,32.73548599988727],[-117.05489799983313,32.73565300023171],[-117.0547970004491,32.73579299978612],[-117.05455300005161,32.73614499976681],[-117.05418700035374,32.73667899986526],[-117.05404099986555,32.73668500033213],[-117.05388100003198,32.73670800022903],[-117.05382199958242,32.73672199980191],[-117.05372500039637,32.73674800029834],[-117.05359099960374,32.736796999905415],[-117.05345099986167,32.73686600024708],[-117.05285500000998,32.73724299967036],[-117.05254500038859,32.73744000031797],[-117.05221399995249,32.73765300009098],[-117.05149799955194,32.73811500033928],[-117.05118499955746,32.73821100016886],[-117.05080999963876,32.7383280000102],[-117.0507159999274,32.73835600015612],[-117.05043600044326,32.73843900010524],[-117.05034299965851,32.73846900033179],[-117.05028199955913,32.73848699985842],[-117.05009999998428,32.73854300004155],[-117.05003999970981,32.738564000101114],[-117.04997399958756,32.73858399972152],[-117.0497789995939,32.73864400006697],[-117.04971400019488,32.73866500010279],[-117.04965200027063,32.73868300034538],[-117.04955000016338,32.73871499984428],[-117.04937000023831,32.73877200031624],[-117.04904300000015,32.73877399966934],[-117.04887200029593,32.73877700021012],[-117.04881799986924,32.73877700021012],[-117.0486589998606,32.73877799988658],[-117.04860600015715,32.738779000318715],[-117.04787700023613,32.738789999781666],[-117.04568899974973,32.738826000212846],[-117.04496099965357,32.73883800010141],[-117.04482400028454,32.73883800010141],[-117.04459999997854,32.73883899977725],[-117.04454599955187,32.73884000020864],[-117.04440599980978,32.73884000020864],[-117.04406199985318,32.73884200031583],[-117.04359499987297,32.73884500009869],[-117.04351000038247,32.738843999667296],[-117.0433010001451,32.738843999667296],[-117.04288600004341,32.738843999667296],[-117.04288199984545,32.73928299980413],[-117.04287000014986,32.74060299980751],[-117.04286699977683,32.74104500005472],[-117.0428640003021,32.74114899997203],[-117.0428569997311,32.74146400020161],[-117.04285599990618,32.74156999967584],[-117.04260300018619,32.741571000076576],[-117.04184599977773,32.74157700021407],[-117.04159399988266,32.74158100030549],[-117.04141700033065,32.741583000351156],[-117.04088900025103,32.74158800008724],[-117.04071299962563,32.741592000178166],[-117.04054600011938,32.741594000223586],[-117.04004599962887,32.74160199964918],[-117.03987999994752,32.74160599973947],[-117.0397109998931,32.741605000094665],[-117.03920600027804,32.74160799978451],[-117.03903800004855,32.74161100022987],[-117.03894400033721,32.74161300027486],[-117.03866300012982,32.74162099969868],[-117.0385700002434,32.74162499978818],[-117.03813300040038,32.74163099992198],[-117.0368239996229,32.74164900032111],[-117.03638799960481,32.74165600009753],[-117.03596599983041,32.74166400027315],[-117.034698999784,32.74169000008323],[-117.03427799983453,32.74169899989944],[-117.03428000038268,32.74133800009227],[-117.03429000042841,32.74025599986703],[-117.03429399972805,32.73989599992257],[-117.0338679997557,32.739898999669954],[-117.03258900001374,32.7399079996671],[-117.0321639998663,32.73991199983343],[-117.0321639998663,32.739724999798355],[-117.03216499969122,32.73916400036108],[-117.03216600041442,32.73897799994186],[-117.03197600044365,32.738979000371685],[-117.03140499980803,32.738987000032026],[-117.03121599966214,32.73898999981001],[-117.03116799998156,32.7389910002397],[-117.03102700041455,32.73899600012123],[-117.0310020003002,32.738998999898904],[-117.0309810003838,32.739000000328566],[-117.03098600040668,32.73889499973919],[-117.03100700032307,32.738498000113026],[-117.0310669996992,32.737421999824235],[-117.03111000025524,32.736994999724146],[-117.03111199990505,32.7369819998907],[-117.03119999976862,32.73659500008731],[-117.03122999990586,32.73650800036878],[-117.03135399975439,32.73614499976681],[-117.03135799995236,32.736134999683514],[-117.03158800010611,32.7356019998158],[-117.03185199969677,32.735143999766436],[-117.03186699976537,32.73511800031337],[-117.0320650001321,32.73479000016812],[-117.03211000033795,32.73480199984453],[-117.0321220000335,32.734806000240056],[-117.0322459998821,32.734844999931134],[-117.03229199991283,32.734860000272796],[-117.03245099992147,32.73489000019288],[-117.03252000041677,32.734904999771295],[-117.03274299999951,32.735140000141676],[-117.0328020004491,32.73520999997146],[-117.03290700003106,32.735334000247455],[-117.03297599962804,32.73533200006158],[-117.03318499986541,32.73533200006158],[-117.0332550001856,32.73533200006158],[-117.0334719999206,32.73532900016048],[-117.03412600039688,32.735327999689616],[-117.03434399995676,32.735327999689616],[-117.03469499958605,32.73532499978837],[-117.03575099974526,32.73531999970088],[-117.03610399992266,32.735318999985566],[-117.03619400033438,32.735318000270304],[-117.03646499959771,32.73531699979937],[-117.03655599983429,32.73531699979937],[-117.0368870002704,32.73531199971139],[-117.03788200033023,32.73530399972117],[-117.03797799969138,32.73530399972117],[-117.03821399969294,32.73530300000573],[-117.03823999963221,32.73530300000573],[-117.03841700008253,32.73530099981911],[-117.03862100029703,32.735300000103635],[-117.03902800000282,32.73529799991696],[-117.03923200021731,32.735297000201456],[-117.0393300001266,32.73529400029916],[-117.03941399979219,32.73529400029916],[-117.03996299978817,32.73528900020989],[-117.0401460000863,32.735287999738624],[-117.04021600040649,32.73528600030733],[-117.0404289999435,32.73528100021766],[-117.04050000008861,32.73527999974631],[-117.04070199975497,32.73527300022466],[-117.04131100002543,32.7352589996685],[-117.04151400041502,32.73525500004891],[-117.0417949997241,32.735247000053626],[-117.04263999999614,32.73522699968435],[-117.04292200002841,32.73522099987496],[-117.04314899980912,32.73521799997011],[-117.04383199969944,32.73520999997146],[-117.0440600002034,32.735207999782816],[-117.04426000021991,32.73520499987753],[-117.04452999965835,32.73520299968871],[-117.0448629997443,32.7352010002555],[-117.04506500030897,32.73519999978325],[-117.04514099957863,32.73519900006665],[-117.04528299986886,32.73519600016106],[-117.04593800017005,32.73518699968803],[-117.04615699955487,32.735183999782045],[-117.04679599996254,32.73517400034658],[-117.04838500022421,32.735154999678024],[-117.04871599976202,32.73515100005382],[-117.04935699981952,32.735143999766436],[-117.04944300003324,32.735140000141676],[-117.04970300032423,32.735129000228234],[-117.04978899963966,32.7351160001226],[-117.04983999969326,32.73510699964155],[-117.04998199998349,32.73507099997503],[-117.0501379996191,32.735012999684066],[-117.05028599975711,32.73494100026054],[-117.05039100023741,32.73487499985627],[-117.05102899992188,32.734385000318476],[-117.0513190003501,32.734164000199065],[-117.05133000022077,32.734153000165165],[-117.05136399965761,32.73412800015165],[-117.05137600025148,32.73412000005521],[-117.05150299957481,32.73402200013752],[-117.05151199979562,32.73401600024702],[-117.05159399981137,32.733960999972446],[-117.05160700023018,32.73395299986097],[-117.05163399999437,32.73393800012232],[-117.05174799979717,32.73388500001801],[-117.051869000171,32.733845000175094],[-117.05194000031612,32.73382899993064],[-117.05201200028614,32.73381700012323],[-117.05210000014966,32.73380999973102],[-117.05214600018043,32.73380600004646],[-117.05228599992252,32.73379499996832],[-117.05233299977822,32.73379299974792],[-117.05241599961887,32.73378600010949],[-117.05266800041225,32.733766999900766],[-117.05275200007782,32.73376099999308],[-117.05284900016223,32.73375700030632],[-117.05301099964561,32.73376300021427],[-117.05317200020241,32.733783000156336],[-117.0532209997079,32.73379200001548],[-117.05328299963217,32.73380500031421],[-117.05352100018187,32.73387399994968],[-117.05442800037815,32.73416499992733],[-117.05457300014311,32.73420600011006],[-117.05460800030322,32.734217999865095],[-117.05482900023615,32.73426599962473],[-117.0550369997503,32.73429599974475],[-117.05531299993483,32.734312999631975],[-117.05614300013819,32.734369999896884],[-117.05642000014767,32.73438899997708],[-117.05625799976592,32.73452300014926],[-117.05613100044265,32.73461699986792]]]}},{"type":"Feature","properties":{"GEOID":"06073014500","NAME":"Census Tract 145","BASENAME":"145","in_district_share":0.99},"geometry":{"type":"Polygon","coordinates":[[[-117.04914400028251,32.75419400028235],[-117.04913800043474,32.75475500027068],[-117.04913599988659,32.75484100005214],[-117.04913199968861,32.755099999902505],[-117.04913199968861,32.75518700035414],[-117.04909099968074,32.755190999834475],[-117.04880899964843,32.755211999747424],[-117.04783899970296,32.755290999627555],[-117.04779600004525,32.75529499985869],[-117.04766299997587,32.75528700015172],[-117.04755800039386,32.75526000028543],[-117.04751999986073,32.75525499980565],[-117.04733999993566,32.755172999905106],[-117.04680000016052,32.75492999974729],[-117.04662100006037,32.75484899979919],[-117.04644399961005,32.754769000029945],[-117.04626399968498,32.754705999962745],[-117.04609299998076,32.75466099988753],[-117.04591700025367,32.75462900007198],[-117.04590200018504,32.754627000319246],[-117.04569799997054,32.75460800002155],[-117.04548100023555,32.75460800002155],[-117.0452870000668,32.75462400031227],[-117.04509500044621,32.75465699962792],[-117.043738999813,32.75498000018214],[-117.04301999993771,32.75515199998296],[-117.04258899994247,32.75525499980565],[-117.04129900032986,32.75556299982631],[-117.04086900015956,32.7556670001716],[-117.0407169998236,32.75570200034039],[-117.04053799972345,32.75574599964811],[-117.04026800028501,32.75582799977651],[-117.04012099997192,32.75587899994725],[-117.04010699972824,32.75588600011655],[-117.04006400007053,32.75581400018371],[-117.0399080004349,32.755608999688924],[-117.03989599984104,32.75559300033066],[-117.03987800029769,32.75553000009088],[-117.03988900016836,32.755484000187465],[-117.03999700012336,32.75527299971839],[-117.04002499971244,32.75518700035414],[-117.0400330001084,32.75516699992788],[-117.04005300019986,32.75505900026806],[-117.04006700044359,32.754071000071164],[-117.04007300029137,32.753697999626546],[-117.04007999996402,32.75350700026259],[-117.04010300042859,32.75296900020045],[-117.04010000005553,32.752938000050115],[-117.04009300038284,32.75285600028274],[-117.04006499989545,32.75275299995211],[-117.03995899959023,32.752600000025836],[-117.03982800006898,32.752443000233264],[-117.03977500036554,32.75239100008214],[-117.03878399960533,32.751415999749184],[-117.03875500019133,32.75138699963938],[-117.03869999993974,32.751329000146946],[-117.03861999957381,32.75122600031692],[-117.03855299962665,32.75110799974183],[-117.03852599986247,32.751037000018336],[-117.0384999999232,32.75097100020337],[-117.03849300025051,32.75093699998199],[-117.03847200033412,32.75083600029214],[-117.03846200028836,32.75062699998677],[-117.03845800009042,32.7505229998003],[-117.03845600044056,32.75039100011527],[-117.03845499971736,32.75028100010235],[-117.03846099956515,32.75017700026743],[-117.0384220001054,32.750006000231295],[-117.03839399961798,32.749880000113926],[-117.03822399973868,32.74916700017535],[-117.03771400010075,32.747033999887385],[-117.03754500004634,32.746322999775245],[-117.03748999979476,32.74628799969865],[-117.03732800031135,32.74618599967757],[-117.03727399988469,32.746151999896455],[-117.03717900034844,32.74609400001766],[-117.03689399994309,32.74592499964752],[-117.03680000023176,32.745869000325925],[-117.03673300028463,32.74582800022015],[-117.03667399983507,32.74579299994907],[-117.03646999962055,32.7456720001796],[-117.03637400025941,32.74562100020882],[-117.0362880000457,32.745587000212076],[-117.03626999960404,32.74558199994481],[-117.03615999999916,32.745557000115326],[-117.03614599975545,32.745555000158866],[-117.03601799970895,32.74553600019263],[-117.03588800001262,32.7455309999225],[-117.03579799960093,32.745536999793316],[-117.03574300024766,32.745542000063104],[-117.035135999627,32.74563899980187],[-117.0350229996491,32.74564400006594],[-117.03490899984631,32.74563600024774],[-117.0347830003479,32.745610000077974],[-117.0347609997083,32.745600999901235],[-117.03467799986761,32.745574000121046],[-117.03462099996621,32.74554799993319],[-117.03451600038423,32.74548300018596],[-117.03445699993469,32.745436000025336],[-117.03492599956473,32.745320999656364],[-117.03499000003713,32.74530600032004],[-117.03543000025321,32.745213000147075],[-117.0359230001727,32.745121999843256],[-117.03641799974203,32.74504600034033],[-117.03661100008588,32.745021000360374],[-117.0369650000882,32.74497799989499],[-117.0370000002483,32.7449750003186],[-117.03715599988392,32.74495200028877],[-117.03734099983186,32.744923000341245],[-117.03738400038786,32.74491800003671],[-117.0378029997892,32.744871000333596],[-117.0379009996985,32.74486299969041],[-117.03808900001945,32.74485000024926],[-117.03824100035544,32.74483900002321],[-117.03832699967084,32.744835999686565],[-117.03867900002335,32.74482399985011],[-117.03904300007143,32.74482399985011],[-117.03910199962266,32.744825000214306],[-117.03928200044602,32.74483199974128],[-117.03952400029536,32.744842000359704],[-117.03962300002955,32.744848000276924],[-117.03978899971091,32.74485000024926],[-117.04065400007441,32.74486900036173],[-117.04131100002543,32.74488399977169],[-117.04181900001355,32.744896000355574],[-117.04202200040314,32.744900000298045],[-117.04263300032339,32.74491200012421],[-117.04283699963959,32.74491800003671],[-117.04368100008668,32.744929000253],[-117.0452309999903,32.74495299989596],[-117.04550700017484,32.74494599962298],[-117.04579900025287,32.744925000311895],[-117.0461530002552,32.74488100019213],[-117.0462079996085,32.744869999969914],[-117.04647100027255,32.74482300024147],[-117.046595999946,32.7447960002255],[-117.0467370004113,32.74476199991391],[-117.04703000031427,32.74467899980987],[-117.047257000095,32.74455699967139],[-117.04750499979212,32.74441100033888],[-117.0475609998686,32.74437899986328],[-117.04814000000182,32.743999000042244],[-117.04884499963346,32.74347400037704],[-117.04928300019967,32.74315000002876],[-117.04947999984316,32.74300599991551],[-117.04958100012551,32.74293299976397],[-117.05048199957571,32.74229199972571],[-117.05078299987457,32.74208000010219],[-117.05079299992033,32.74207100032441],[-117.0508260004306,32.742046999905135],[-117.05083700030126,32.7420409997993],[-117.05086948428601,32.74207145401249],[-117.04919,32.74355],[-117.04914709040433,32.753934122149474],[-117.04914400028251,32.75419400028235]]]}},{"type":"Feature","properties":{"GEOID":"06073014804","NAME":"Census Tract 148.04","BASENAME":"148.04","in_district_share":0.9677},"geometry":{"type":"Polygon","coordinates":[[[-117.02020800015308,32.79133999994487],[-117.02049900040623,32.79100199998092],[-117.0205970003155,32.79088999985695],[-117.02079800015696,32.79065000008732],[-117.02140499987927,32.78992999991329],[-117.02160800026887,32.789690999678825],[-117.02180400008746,32.78945999996983],[-117.02239300026642,32.78876999987545],[-117.02258999990994,32.788540999786186],[-117.02281300039098,32.788279000184396],[-117.02286100007156,32.78823199995801],[-117.02303000012597,32.78808399998271],[-117.0230600002632,32.78806099976029],[-117.0232130004241,32.78794799982907],[-117.02340800041776,32.78782400030745],[-117.02360000003837,32.78772099965366],[-117.02402900038378,32.787523999970084],[-117.02424100009587,32.787412999883344],[-117.02443799973936,32.78729200003244],[-117.02461199981664,32.78716800035141],[-117.02477599984817,32.78703400008771],[-117.02478800044204,32.78702199989643],[-117.02494900010053,32.78686999985093],[-117.02511499978188,32.78668300024347],[-117.02523699998063,32.786520999906244],[-117.02529200023221,32.786434999765895],[-117.02538699976843,32.786260000294874],[-117.02540100001214,32.7862279997545],[-117.0254679999593,32.78608100012149],[-117.0256710003489,32.785507000127595],[-117.02572200040251,32.78536899999252],[-117.0257569996643,32.78528599997779],[-117.02580199987011,32.7851879997152],[-117.02590999982517,32.78498899988235],[-117.02591900004599,32.78497299976258],[-117.02594900018323,32.78492600005503],[-117.02595900022897,32.78491099983779],[-117.02601000028258,32.78483700013897],[-117.02612999993319,32.784683000303055],[-117.02615400022265,32.78465399970095],[-117.02631499988112,32.78448100033966],[-117.02646999969183,32.78434000036258],[-117.02664700014215,32.78419900016202],[-117.02676699979274,32.78411499988814],[-117.02682399969414,32.78407799971535],[-117.02701100019023,32.78396799978435],[-117.02719699996307,32.783865999877825],[-117.02731900016178,32.78380000023141],[-117.02754500011761,32.78368999995666],[-117.02777199989833,32.78359499998752],[-117.02797299973977,32.78352499966708],[-117.0282070000915,32.783452000256084],[-117.02825300012226,32.78343399999897],[-117.02840399973502,32.78337700016777],[-117.02859399970579,32.783291000008745],[-117.02877700000391,32.78319399974723],[-117.02895100008116,32.7830870000368],[-117.02903599957169,32.78302500030807],[-117.02911599993762,32.782969000150445],[-117.0292690000985,32.78284299985582],[-117.02928400016711,32.78282500023072],[-117.02944599965049,32.78265300027287],[-117.02960999968202,32.78250100031441],[-117.02976200001801,32.782376999996906],[-117.02989900028534,32.78227699966369],[-117.0299600003847,32.78223399981812],[-117.03014000030977,32.78212299992759],[-117.03033299975529,32.78202000022511],[-117.03193299988762,32.78128399965038],[-117.03207799965257,32.78122100022029],[-117.03219200035372,32.78117599995267],[-117.03237300010368,32.781105999994686],[-117.03270600018962,32.78099600016522],[-117.03299999991748,32.78091499976442],[-117.03309000032918,32.7808919999542],[-117.03314800005549,32.780878999730405],[-117.03337800020925,32.78082700032697],[-117.03356900000497,32.78079400013786],[-117.03373700023445,32.78076699969943],[-117.033973000236,32.780717000152556],[-117.03423600000173,32.78064399994798],[-117.03447700002617,32.7805610000565],[-117.0347249997233,32.78045800005613],[-117.03496400009789,32.780339999703926],[-117.03503299969485,32.78029900036413],[-117.03512300010654,32.780247999832724],[-117.03519900027452,32.780201999861475],[-117.03530899987939,32.78013699973023],[-117.03551800011675,32.780031000088194],[-117.03572099960803,32.77994399974611],[-117.0357819997074,32.779917999774995],[-117.03585000037778,32.779890999825945],[-117.03596900020347,32.77985200022078],[-117.03603199995266,32.77983200004864],[-117.03613999990769,32.77980000021711],[-117.03615599980121,32.779796000331764],[-117.0363600000157,32.7797490001549],[-117.03647299999363,32.77973099990385],[-117.03658500014662,32.779715000348965],[-117.03679600003382,32.779691000256015],[-117.03690599963866,32.77968499966531],[-117.03770599970483,32.77965099983493],[-117.03787499975921,32.77963900015826],[-117.0378949998507,32.77963800018515],[-117.03819699997449,32.779609000204196],[-117.03835199978519,32.77959399984579],[-117.03882100031356,32.77955000023995],[-117.03897699994918,32.77953599984581],[-117.03917100011793,32.77951700033246],[-117.03975500027406,32.779462000207715],[-117.03995000026772,32.7794439998986],[-117.03995100009263,32.77947399990824],[-117.03995399956736,32.779563999876544],[-117.03995456815196,32.77958104506939],[-117.03987,32.7796],[-117.03991,32.78137],[-117.03988765392288,32.78137829338945],[-117.03965599964152,32.78138199968219],[-117.03894699981194,32.78137699991437],[-117.03893099991842,32.781583999885015],[-117.03892699972047,32.78174200035211],[-117.03900231130767,32.78174542359101],[-117.03984107342613,32.78195303797676],[-117.03983314368085,32.7820355067516],[-117.03967396659486,32.782111115867444],[-117.03901100028438,32.782111999774386],[-117.03831999999814,32.782568000109485],[-117.03752199958178,32.78309600020095],[-117.03748200029715,32.78326299964049],[-117.03748030937469,32.78327018599873],[-117.03626462495606,32.785890033040424],[-117.03520799959703,32.786345999849196],[-117.03507700007579,32.7864030000437],[-117.03501599997642,32.78647300036508],[-117.03491200021934,32.78659299992474],[-117.03438396757849,32.78715068828101],[-117.03197,32.78876],[-117.03196579702808,32.7887674392603],[-117.03192299984191,32.78878699993774],[-117.03150766103685,32.78957833996477],[-117.03097,32.79053],[-117.03101562759079,32.79051808806408],[-117.03100099957697,32.79054599983497],[-117.03142599972442,32.790605000058434],[-117.03132000031752,32.79075400021806],[-117.03146199970942,32.79084400010228],[-117.03156999966448,32.79067699979167],[-117.03167500014479,32.79051599978315],[-117.0321000002922,32.79051599978315],[-117.03225500010291,32.79030800035383],[-117.03235903854782,32.790167365508886],[-117.0375143069866,32.78882148626762],[-117.03751961051671,32.788828438804586],[-117.03742402834943,32.7908993857625],[-117.0373450000298,32.79096299996047],[-117.03739294810518,32.79141997073903],[-117.02072056141878,32.79135079071128],[-117.02020800015308,32.79133999994487]]]}},{"type":"Feature","properties":{"GEOID":"06073002712","NAME":"Census Tract 27.12","BASENAME":"27.12","in_district_share":0.018},"geometry":{"type":"Polygon","coordinates":[[[-117.05746700008604,32.73764800013405],[-117.05727399974215,32.73752999970945],[-117.05706799987784,32.73737499994529],[-117.05662600001197,32.73727399999292],[-117.05637699959163,32.73721999991154],[-117.0561010003054,32.737254999772134],[-117.05589399971787,32.737348999631834],[-117.0551360003828,32.73798400009022],[-117.05497099962805,32.73813900030639],[-117.05485600000034,32.73824099971659],[-117.05432899974565,32.73871699995422],[-117.05470899968722,32.7382949999349],[-117.05585000023525,32.73703100012476],[-117.05615800020684,32.736691000042974],[-117.05623299965157,32.73661299999243],[-117.0564800004221,32.736356000205014],[-117.05681400033293,32.735994999910666],[-117.05804616287706,32.73466858375116],[-117.05803242116993,32.73799407687793],[-117.05746700008604,32.73764800013405]]]}},{"type":"Feature","properties":{"GEOID":"06073013801","NAME":"Census Tract 138.01","BASENAME":"138.01","in_district_share":1.0},"geometry":{"type":"Polygon","coordinates":[[[-117.01930900035272,32.74561999985355],[-117.01876600020452,32.746071000276714],[-117.01858600027946,32.74622299973576],[-117.01844900001211,32.74633700010426],[-117.0182389999498,32.746512999843254],[-117.0181879998962,32.74655499997861],[-117.01804999980392,32.746672000197194],[-117.0178299996959,32.746851000298825],[-117.01778399966517,32.746888999666304],[-117.01762700020463,32.74701799974429],[-117.01679700000122,32.747701999707594],[-117.0166129998782,32.747854000161546],[-117.01482500032321,32.74937100007408],[-117.01466799996442,32.74950400007132],[-117.01445200005432,32.74969600001811],[-117.014394000328,32.74974800023152],[-117.01410200024998,32.750006000231295],[-117.01378500005755,32.75028999980633],[-117.01302799964908,32.75092500021186],[-117.01285299974691,32.75107300003418],[-117.0126889997154,32.751184999654626],[-117.01265199990547,32.751207000049206],[-117.012563000217,32.75125400018715],[-117.01250299994254,32.75128599970426],[-117.01232899986529,32.75136099963711],[-117.01227699998674,32.75137800004623],[-117.0121480001153,32.751421999979115],[-117.01142099984406,32.75163099993013],[-117.0112740004293,32.75168799969424],[-117.01112000044353,32.75176600014746],[-117.0111060001998,32.75177299988454],[-117.01097800015327,32.75185799999365],[-117.01086099997742,32.751952999841876],[-117.01077899996166,32.75202400034619],[-117.01070100014385,32.75209000013643],[-117.01046799961702,32.7522910000549],[-117.01039099962415,32.752359000206496],[-117.01045799957129,32.75241199989979],[-117.01065900031104,32.75257799997532],[-117.0107260002582,32.75263499988898],[-117.01078999983231,32.75268800017355],[-117.01098499982598,32.75284800035668],[-117.0110500001233,32.752902000032556],[-117.01106500019193,32.75291300001848],[-117.01111000039775,32.752952000094936],[-117.01112499956807,32.75296499986484],[-117.01116099955307,32.75299499973332],[-117.01119999991113,32.753027000135916],[-117.01142599986694,32.75321299993486],[-117.01150200003494,32.753276000302606],[-117.01153299999707,32.75330100023236],[-117.01169700002862,32.75343399964992],[-117.01118599966742,32.75389399989293],[-117.01106799966668,32.75399900018192],[-117.01071799986228,32.754320000340975],[-117.01060099968643,32.754426999885105],[-117.01052299986861,32.75449699967259],[-117.01029100006504,32.754708999966965],[-117.01021400007214,32.75477999978528],[-117.00998300009344,32.754975999936846],[-117.0099520001313,32.755004000139174],[-117.00929299963215,32.755570000020455],[-117.00906400020158,32.75576799967151],[-117.00884499991848,32.755966999876975],[-117.008676999689,32.75612100030019],[-117.00818499959439,32.75655800020803],[-117.00796399966147,32.756754999698636],[-117.00585800008916,32.75847399963565],[-117.00430300016265,32.759646999847796],[-117.00420199988034,32.75951500008736],[-117.00415800039772,32.7594719998198],[-117.00410800016898,32.759425000241556],[-117.00403799984879,32.75933699995179],[-117.00402799980306,32.75932400035662],[-117.00400400041192,32.759289000100466],[-117.003960000031,32.75932700020521],[-117.00383199998448,32.759441999866844],[-117.0037900001517,32.75948200030556],[-117.00365600025737,32.75960399964399],[-117.00347600033233,32.759837999641164],[-117.0033209996233,32.76003999964128],[-117.00326799991987,32.76007599979516],[-117.00320900036863,32.76009400024433],[-117.00316099978976,32.76009800025972],[-117.00309800004057,32.760087999843215],[-117.00304100013915,32.760060999921656],[-117.00300599997907,32.76003200036055],[-117.00297400019201,32.75998500032243],[-117.00296199959811,32.759939999892985],[-117.00296499997118,32.75988999997667],[-117.00298800043569,32.759838999836745],[-117.0030729999262,32.75969000003079],[-117.00311399993407,32.75962099999056],[-117.00313900004844,32.75955000025468],[-117.00319199975189,32.75926199993663],[-117.00323000028503,32.75906300029543],[-117.00322299971403,32.759022999668495],[-117.00320199979762,32.758985999639194],[-117.00316900018565,32.75895500007238],[-117.00312700035286,32.7589349997369],[-117.00307899977399,32.75892600015108],[-117.00302900044359,32.75892900001313],[-117.00298300041283,32.758942999871635],[-117.00294499987969,32.75896799972142],[-117.0029180001155,32.759001999898764],[-117.00290600041994,32.75904299998421],[-117.00288499960523,32.75912699975024],[-117.0028119998103,32.759421000195935],[-117.00277900019833,32.75948399994927],[-117.0027359996423,32.75953199969547],[-117.0026799995658,32.7595739997355],[-117.00266000037264,32.75958599985122],[-117.0024119997772,32.75969000003079],[-117.00216699955485,32.75979500028504],[-117.00201900031512,32.75942800008675],[-117.00157499990111,32.75833300000147],[-117.0014269997631,32.75796899971558],[-117.00106100006523,32.757032000339024],[-117.00067799975058,32.75605199976084],[-117.00066000020723,32.75599600000642],[-117.00063900029083,32.755902000177656],[-117.00063199971983,32.75579200017164],[-117.00064199976555,32.75568300027204],[-117.00064699978844,32.755661999714675],[-117.00066699987991,32.75558099967685],[-117.00071299991069,32.75547200027446],[-117.00077300018513,32.75537399966519],[-117.00108199998164,32.75500499963357],[-117.00116700037043,32.75489399977946],[-117.00124699983806,32.754758999770466],[-117.00130299991457,32.754630000326074],[-117.00134499974736,32.754482999870625],[-117.00136499983884,32.75434600023496],[-117.00136599966373,32.754305999755694],[-117.00139599980096,32.753301999745865],[-117.00139999999894,32.75312099997726],[-117.00141500006755,32.75257999977412],[-117.00142099991534,32.752394000164344],[-117.00142500011331,32.75220000018183],[-117.00144000018189,32.75160399971096],[-117.00144500020478,32.751405000333904],[-117.00149899973313,32.751303000127756],[-117.00150899977889,32.751286999995905],[-117.0015249996724,32.75122699985377],[-117.00153899991611,32.75111799965579],[-117.00153300006832,32.75100799978519],[-117.00152800004548,32.75096399964775],[-117.00151499962666,32.75084999991189],[-117.00150799995397,32.750774000006906],[-117.0014889996874,32.75054799974723],[-117.00148299983961,32.75047299988536],[-117.00147899964166,32.75042699963668],[-117.00147199996894,32.75032499982158],[-117.0014739996188,32.75029199965643],[-117.00147799981674,32.75024799992089],[-117.00148500038776,32.75017700026743],[-117.00149200006045,32.750107000106794],[-117.00152200019767,32.74996799992688],[-117.0015370002663,32.74989899990921],[-117.00154899996186,32.74983600017488],[-117.00155599963456,32.749804000136855],[-117.00159800036566,32.74965099967813],[-117.00161500008409,32.74958999963431],[-117.00163299962743,32.74954600030749],[-117.00169100025207,32.74941500024288],[-117.00171100034355,32.74937199963175],[-117.00191700020788,32.74890799969376],[-117.00230100034743,32.74804700021504],[-117.0026920001597,32.7476209999861],[-117.00274499986314,32.74756399988603],[-117.00275599973381,32.747547999838176],[-117.00282000020623,32.74743699975736],[-117.00292800016123,32.74717699995244],[-117.00297099981896,32.74706499982588],[-117.00310399988832,32.7467329999725],[-117.00314800026925,32.746622999975784],[-117.00321000019355,32.74647099968814],[-117.00324000033079,32.746400000046535],[-117.003298999882,32.74599199977448],[-117.00332300017145,32.74583099976781],[-117.00336099980629,32.74556800025272],[-117.00340199981417,32.74529700011254],[-117.00347799998215,32.74478199965433],[-117.00351700034021,32.744521000044486],[-117.00353800025663,32.744386999794344],[-117.00356800039384,32.74424199979848],[-117.00361100005155,32.744117000211844],[-117.00367299997582,32.74398999970277],[-117.00398199977232,32.74350100003811],[-117.00413400010828,32.74326199978803],[-117.00429800013981,32.74300100025892],[-117.00479000023438,32.74222200016957],[-117.00495500009083,32.74196200025718],[-117.00506300004587,32.74178999992144],[-117.00538799973589,32.74127500034863],[-117.00549700041414,32.74110399984834],[-117.0055450000947,32.74102700028918],[-117.00568999985965,32.74079599970133],[-117.00571199960096,32.740762000130104],[-117.00571199960096,32.74071200002594],[-117.00571199960096,32.7406339997168],[-117.00571199960096,32.740406000107235],[-117.00571199960096,32.740330000359606],[-117.00570900012623,32.74008100027509],[-117.00569999990542,32.7393329999545],[-117.00569999990542,32.73925400027836],[-117.00569800025559,32.73908499977954],[-117.00569800025559,32.73900799998695],[-117.00569800025559,32.738779000318715],[-117.00569800025559,32.738702999939086],[-117.00585999973897,32.738702999939086],[-117.00594799960254,32.738704000372024],[-117.00634799963562,32.7387050000493],[-117.00651099984223,32.73870599972663],[-117.00657699996448,32.73870599972663],[-117.0067760001561,32.73870599972663],[-117.00684300010326,32.73870700015952],[-117.00700499958664,32.73870799983678],[-117.00744399997778,32.73871200005698],[-117.00749300038157,32.738710999624146],[-117.00765599968987,32.738709999946934],[-117.00776799984288,32.738710999624146],[-117.0081059999517,32.738714000167036],[-117.0082189999296,32.738716000277066],[-117.00855700003838,32.738719999741285],[-117.00861899996265,32.738719999741285],[-117.00937700019605,32.73872600007075],[-117.00982099971174,32.73872899985751],[-117.01022199956975,32.73873300007678],[-117.0102890004152,32.73873300007678],[-117.01049399955629,32.738730999967196],[-117.01131100023922,32.738728000180494],[-117.01158400005069,32.73872699974779],[-117.01181000000649,32.738724999638066],[-117.01248899969883,32.738723000283876],[-117.01271600037788,32.738723000283876],[-117.01306700000717,32.738719999741285],[-117.01412300016635,32.73871499984428],[-117.01447499962053,32.73871499984428],[-117.01447999964343,32.73891999992668],[-117.01448399984137,32.73905699986267],[-117.01448700021443,32.73913299994039],[-117.01447399979563,32.7392969997282],[-117.01444600020655,32.73953399994333],[-117.01442199991708,32.73973799998723],[-117.01441000022152,32.73986200000795],[-117.01439299960478,32.74005099983553],[-117.01439199977986,32.74023500020615],[-117.01440199982561,32.74035900029089],[-117.01442799976489,32.740521999676595],[-117.01444600020655,32.74059199981268],[-117.01449300006222,32.7407530002192],[-117.01456000000935,32.74092199982146],[-117.01465000042104,32.74109900008503],[-117.01475800037608,32.74126799978667],[-117.01486399978297,32.74140600029334],[-117.01489100044547,32.74143600027664],[-117.01496599989025,32.74151700033225],[-117.01500199987525,32.741556999754245],[-117.01515800040916,32.74169899989944],[-117.01646100044057,32.74273500029389],[-117.0166959997189,32.74292099967121],[-117.0167879997804,32.742993999832635],[-117.01683899983402,32.743034000102696],[-117.01698199994915,32.74314699963524],[-117.01706800016291,32.74321400034019],[-117.01796399959021,32.74391199999639],[-117.01798500040492,32.74392999993472],[-117.01858799992928,32.744501999857754],[-117.01876899967924,32.74469500037305],[-117.01931400037559,32.745280999657474],[-117.01949599995048,32.74547599995463],[-117.01935000036059,32.745587000212076],[-117.01930900035272,32.74561999985355]]]}},{"type":"Feature","properties":{"GEOID":"06073016807","NAME":"Census Tract 168.07","BASENAME":"168.07","in_district_share":0.4063},"geometry":{"type":"Polygon","coordinates":[[[-116.91072000022473,32.838503000267664],[-116.91017000040382,32.8381550000843],[-116.90994299972478,32.83801199981088],[-116.90926400003244,32.837582999872794],[-116.90903800007663,32.83744100026536],[-116.90891500005299,32.83736400028222],[-116.90883899988498,32.83731600026877],[-116.90872400025727,32.837224999810296],[-116.9086060002565,32.83711099965181],[-116.90858600016502,32.837085999875534],[-116.90849400010349,32.83697699995366],[-116.90846399996627,32.83693300006502],[-116.90837500027781,32.83680299968333],[-116.9083459999655,32.83675999979384],[-116.90828800023918,32.83667800029798],[-116.90811699963665,32.83643199984644],[-116.90805999973522,32.83635000004762],[-116.90801600025263,32.8362889998168],[-116.90788599965796,32.83610599962762],[-116.90784300000026,32.836046000077374],[-116.90779500031967,32.83597699963878],[-116.90765100037963,32.83576900016903],[-116.90760299980073,32.835701999709826],[-116.90751900013515,32.835582000022875],[-116.90726800006497,32.83522300009147],[-116.90718500022432,32.83510399986117],[-116.90689800016914,32.83469799969542],[-116.90681100013049,32.83457300036566],[-116.90675500005402,32.834492999826686],[-116.90656400025829,32.83420499985583],[-116.90638799963288,32.83391099975538],[-116.9058400003601,32.83288899981206],[-116.90565100021419,32.83253500022473],[-116.90559099993975,32.83245299984606],[-116.90549100038066,32.83234800006068],[-116.90572800020712,32.83209000029791],[-116.90644100023465,32.83131899997135],[-116.90667899988601,32.831062999782546],[-116.90676799957447,32.83096500016358],[-116.9070379999112,32.83067400036502],[-116.90712800032291,32.83057699971707],[-116.90732199959335,32.830362000082],[-116.90748300015012,32.83018499995669],[-116.90758199988437,32.83007800018746],[-116.90855600002777,32.829022000086354],[-116.90891400022807,32.828634999630715],[-116.90918399966651,32.8283349996327],[-116.9099949996033,32.82743500035199],[-116.91026599976496,32.827136000268546],[-116.91077100027833,32.82659699983726],[-116.91205400021828,32.82523200030938],[-116.91227500015121,32.82497199981822],[-116.91228400037203,32.82496199990028],[-116.91250799977972,32.82467500018984],[-116.91271600019219,32.82438000001812],[-116.91276999972054,32.824294999735656],[-116.9128879997213,32.824114999668254],[-116.9129289997292,32.82404500029843],[-116.9129799997828,32.82395999969532],[-116.9130419997071,32.823852999975074],[-116.91309199993579,32.82377099988354],[-116.91321999998233,32.823527999858065],[-116.91327900043186,32.823420000136664],[-116.91332899976226,32.823312999765925],[-116.91336800012034,32.823232000168545],[-116.91342400019681,32.82309799990824],[-116.9134719998774,32.822989000178346],[-116.91351899973309,32.822883000285074],[-116.91354100037269,32.822826000076496],[-116.91357200033482,32.822737999841586],[-116.91366500022126,32.82248499981301],[-116.91372200012266,32.8222989998724],[-116.91376800015342,32.822152000240465],[-116.91377599965102,32.822125999776965],[-116.91384000012343,32.821866000007866],[-116.9138739995603,32.821736000215374],[-116.91399499993415,32.8212950000595],[-116.91406000023144,32.821015000154304],[-116.91412800000353,32.82073000030157],[-116.91415999979058,32.820602999648955],[-116.91426000024798,32.82022200037617],[-116.91429399968489,32.82009600002523],[-116.91433999971562,32.81991599975324],[-116.91444699984577,32.819507999799534],[-116.91447699998298,32.81937599976859],[-116.91451999964069,32.81919600030253],[-116.91453499970932,32.81912700036019],[-116.91458300028819,32.81892200002935],[-116.91459900018172,32.818854000161245],[-116.9146340003418,32.81870000035648],[-116.91477300025899,32.81816499973956],[-116.91487000034334,32.817790999654136],[-116.91493999976524,32.81759299985972],[-116.91495499983388,32.817552000331396],[-116.91505299974317,32.81731899992732],[-116.91517199956884,32.81707800023062],[-116.91520199970608,32.817024000240245],[-116.91530600036145,32.81684300022887],[-116.91610700025254,32.81574400031036],[-116.91647600032348,32.8152179999454],[-116.91676800040153,32.81480199991466],[-116.91700100003003,32.81490799963553],[-116.9171540001909,32.81499499974642],[-116.91716300041175,32.8149999998891],[-116.91729499975791,32.81509500028068],[-116.91741299975867,32.815196999848986],[-116.91752400008674,32.81531500000289],[-116.91762000034623,32.81544199991023],[-116.91769300014116,32.81556499984965],[-116.9177519996924,32.815692000154634],[-116.91786999969317,32.81603899971763],[-116.91801100015847,32.81644900037658],[-116.91811499991556,32.816760999706126],[-116.9184289997349,32.81770000032582],[-116.91853400021522,32.81801300008852],[-116.9186530000409,32.8183679997222],[-116.91888200036975,32.81904799978047],[-116.91895500016467,32.81920100020873],[-116.91904800005112,32.819345999631274],[-116.91909099970881,32.81939799991319],[-116.91914900033345,32.8194699997307],[-116.91925399991543,32.81957599992194],[-116.9193569998476,32.819662999991564],[-116.91938500033501,32.81968500006509],[-116.91944600043436,32.8197269996413],[-116.91952400025218,32.819781000253535],[-116.91967400004,32.81986300025375],[-116.9197319997663,32.819887000073756],[-116.91983399987357,32.81992999982945],[-116.91985999981284,32.819940999833804],[-116.91994100000369,32.81997500011323],[-116.91996799976788,32.81998699963148],[-116.9203009998538,32.82011799999154],[-116.9209970001629,32.82039400013526],[-116.9213000001116,32.82051399996311],[-116.92163300019752,32.82064599981295],[-116.92170500016755,32.820676000266204],[-116.92177700013758,32.820705999954434],[-116.92189000011547,32.82075200011087],[-116.92192299972744,32.82075999997157],[-116.92199899989542,32.820781000262976],[-116.9218859999175,32.820981999781125],[-116.92154600015888,32.82158800015039],[-116.9214340000059,32.821790000361325],[-116.92114500030091,32.82229599988234],[-116.92059200010695,32.82326700018069],[-116.9204899999997,32.823408000327284],[-116.92037500037196,32.82354099988561],[-116.92024700032545,32.8236650001685],[-116.92016500030968,32.82372799972238],[-116.91970599982706,32.82408599984973],[-116.92007900009597,32.82408400014824],[-116.92120100037738,32.82408400014824],[-116.92157499957288,32.82408500037644],[-116.92171600003822,32.82408400014824],[-116.92205199959886,32.82408400014824],[-116.92214200001055,32.82408400014824],[-116.92221599963041,32.82408400014824],[-116.92228400030078,32.82408599984973],[-116.92242300021795,32.82408400014824],[-116.9228409997944,32.82408400014824],[-116.92298100043477,32.82408500037644],[-116.92314299991816,32.82408400014824],[-116.92362900016498,32.82408800030607],[-116.9237920003716,32.82408899977933],[-116.92394499963416,32.82408800030607],[-116.92440599976662,32.82408800030607],[-116.92455999975239,32.82408800030607],[-116.92484099995978,32.82408800030607],[-116.92568399968366,32.824090000007466],[-116.92596599971597,32.82409100023561],[-116.92621000011343,32.82409100023561],[-116.92694499988228,32.82409400016503],[-116.92719000010466,32.82409499963822],[-116.92731999980099,32.82409499963822],[-116.92770999978833,32.82409499963822],[-116.92784100020792,32.824097000094355],[-116.92778199975837,32.82414700015985],[-116.92760799968109,32.824294999735656],[-116.92754999995476,32.824347000140136],[-116.92748700020557,32.82440100020862],[-116.9272980000597,32.82456199999417],[-116.92723600013541,32.82461700015416],[-116.92715900014252,32.82468200023061],[-116.92693099963857,32.824875999955424],[-116.92685500036893,32.82494200006096],[-116.92672499977424,32.82505199987621],[-116.92633700033505,32.82538300022788],[-116.9262079995653,32.82549399970931],[-116.92615599968674,32.8255360003134],[-116.92600199970097,32.82566800024939],[-116.92595200037057,32.8257119996812],[-116.92578999998888,32.82584999985084],[-116.92530399974206,32.826263999828164],[-116.9251430000836,32.82640300009712],[-116.9249410004172,32.826574999965885],[-116.92489200001341,32.82661700005879],[-116.92433100032186,32.827083999987174],[-116.92412799993225,32.82725600004679],[-116.92404500009157,32.82732599990545],[-116.92379599967126,32.8275389997184],[-116.92371399965546,32.827610000297376],[-116.92365900030222,32.82765499970999],[-116.9234969999205,32.827790000075574],[-116.92344300039213,32.827836999768884],[-116.9233010001019,32.827958000294224],[-116.92287500012957,32.82832399991295],[-116.92273399966426,32.82844599995393],[-116.92266000004442,32.82850700028894],[-116.92243900011148,32.82869099970935],[-116.92236600031654,32.82875300005176],[-116.92250299968556,32.82887000014166],[-116.9227229997936,32.82905899967101],[-116.92275899977861,32.82908599978659],[-116.9228349999466,32.829158000054726],[-116.92289600004598,32.82923900028659],[-116.9234190001027,32.83029699963346],[-116.92355600037006,32.83055899994314],[-116.9235669514541,32.83057990662346],[-116.92263,32.83138],[-116.92037,32.83043],[-116.91086548598392,32.838594886011755],[-116.91072000022473,32.838503000267664]]]}},{"type":"Feature","properties":{"GEOID":"06073003108","NAME":"Census Tract 31.08","BASENAME":"31.08","in_district_share":0.0154},"geometry":{"type":"Polygon","coordinates":[[[-117.01371399991244,32.714765000015284],[-117.01364799979021,32.71476599996103],[-117.01272200022566,32.714771999635424],[-117.01271100035501,32.714256999663135],[-117.01267799984474,32.71271200004589],[-117.01266799979898,32.712197000273484],[-117.01266741294104,32.71219],[-117.0128,32.71219],[-117.01383565054674,32.71476324215599],[-117.01371399991244,32.714765000015284]]]}},{"type":"Feature","properties":{"GEOID":"06073015602","NAME":"Census Tract 156.02","BASENAME":"156.02","in_district_share":0.8932},"geometry":{"type":"Polygon","coordinates":[[[-116.9061290000651,32.787387999715406],[-116.90695000004769,32.78711400031451],[-116.90840600023995,32.786629999806635],[-116.9088249996413,32.78649100000727],[-116.90901299996226,32.78644899982953],[-116.90943499973666,32.78637499989975],[-116.91028900022948,32.78623100020683],[-116.9104800000252,32.78619799975665],[-116.91080800008825,32.78614200008604],[-116.91105699961031,32.786119000116685],[-116.91125099977906,32.78610400010068],[-116.91132299974909,32.78609600014145],[-116.9115420000322,32.786074000061],[-116.91161499982714,32.78606699999994],[-116.91180700034604,32.78604900027196],[-116.91203699960151,32.786034000244136],[-116.91233500042566,32.786020000115194],[-116.91281599975127,32.78599800001594],[-116.91299499985145,32.78600500008248],[-116.91317200030174,32.786027000179935],[-116.91336100044762,32.78606899980171],[-116.9135129998853,32.7861170003161],[-116.91368799978747,32.78618999980588],[-116.91382500005481,32.786263999889556],[-116.91422699973772,32.7865229996978],[-116.91434800011157,32.78660999964785],[-116.91453600043253,32.78674600033684],[-116.91481000006891,32.78696199967101],[-116.91492499969664,32.787043999742416],[-116.91496700042775,32.787071999675774],[-116.91502699980389,32.787107000335304],[-116.91511499966744,32.787157999955475],[-116.9152879999198,32.7872349996524],[-116.91535499986693,32.78725600031338],[-116.91547000039299,32.7872939998066],[-116.9156390004474,32.7873310001521],[-116.91614599971228,32.78744300022663],[-116.91631599959157,32.78748099963997],[-116.91634400007901,32.78749399965416],[-116.91643299976745,32.7875030001276],[-116.91646299990467,32.787509000191],[-116.9165349998747,32.78752300008559],[-116.91672800021855,32.787547000331294],[-116.91674499993701,32.78754999998399],[-116.91697500009076,32.787565999640236],[-116.91706700015227,32.787567000279395],[-116.91714199959704,32.78756800016345],[-116.91753300030759,32.78755600004421],[-116.91780199992111,32.78754800021558],[-116.91782399966243,32.787760000340505],[-116.9178439997539,32.78794000003568],[-116.91786200019557,32.78816499989764],[-116.91789700035567,32.78839500007451],[-116.91790400002836,32.788437999962746],[-116.91794000001339,32.78860499994638],[-116.91796000010486,32.78868700001346],[-116.91800000028783,32.788846999687294],[-116.91802700005199,32.78893500025367],[-116.91805299999126,32.78901700001653],[-116.91809599964897,32.789126999745456],[-116.91822500041872,32.78946400017582],[-116.91826899990136,32.789575999830035],[-116.91833500002357,32.78973799988937],[-116.9184289997349,32.789913000069525],[-116.91848800018445,32.79000200019297],[-116.91852499999437,32.79005699984293],[-116.91863499959922,32.790192999792495],[-116.9187469997522,32.7903109999134],[-116.91952099987913,32.791002999826304],[-116.91987999990431,32.791324000212384],[-116.92002899986724,32.79146899980692],[-116.92011599990586,32.79156899962393],[-116.92015400043901,32.79161300008171],[-116.92027499991453,32.791776000043264],[-116.92038000039483,32.791947999729636],[-116.9206459996353,32.79244000013957],[-116.92080899984191,32.7927399997535],[-116.92090099990341,32.793055000222374],[-116.92117999956267,32.79399899965352],[-116.92127300034741,32.79431500000181],[-116.92128500004297,32.79435599967797],[-116.92132299967781,32.79447999990952],[-116.9213360000966,32.79452299987633],[-116.92136899970858,32.7946340001512],[-116.92146900016598,32.79497000030203],[-116.92150299960288,32.79508300037316],[-116.92152100004454,32.795145999802465],[-116.92154399961075,32.795223999933036],[-116.92155799985446,32.795339999826375],[-116.92156100022748,32.795357999939526],[-116.92156100022748,32.795406999767486],[-116.92154899963361,32.795530000249215],[-116.92152199986944,32.79563300016565],[-116.92151799967148,32.79565100021944],[-116.92146900016598,32.795768000102754],[-116.92140300004377,32.7958779997881],[-116.921321000028,32.795980000267114],[-116.92122399994362,32.79607300026879],[-116.92110199974488,32.79616300005598],[-116.92109300042235,32.79617000007757],[-116.92097200004855,32.79624000026305],[-116.92090099990341,32.79627399979393],[-116.92100200018577,32.796363000347654],[-116.92108300037664,32.7964170000548],[-116.92116899969201,32.796455000164684],[-116.92126199957845,32.79648200037197],[-116.92135799983792,32.79649499982561],[-116.92160499971013,32.79649199971948],[-116.92390600017443,32.796480999833044],[-116.92467399955521,32.79647900026546],[-116.92496599963326,32.79647699994263],[-116.9258419998674,32.79647200026819],[-116.92613499977037,32.79647099972915],[-116.92629299995413,32.79646900016128],[-116.92676999998011,32.79646699983828],[-116.92692899998875,32.79646600005434],[-116.92692899998875,32.79674799985035],[-116.92692899998875,32.79759300014196],[-116.92692999981365,32.79787599990734],[-116.92692899998875,32.798022999678146],[-116.92692599961569,32.79846500031434],[-116.92692599961569,32.79861299962633],[-116.92692599961569,32.798758000172484],[-116.92692700033894,32.79919400014547],[-116.92692800016385,32.79934100000247],[-116.92692800016385,32.79950899964934],[-116.92692800016385,32.800012999705594],[-116.92692800016385,32.80018200009014],[-116.92666299984997,32.80018200009014],[-116.92586799980667,32.80018500007171],[-116.92560400021603,32.80018700031106],[-116.92541400024524,32.800188000053176],[-116.92484599998268,32.80019000029252],[-116.92465699983677,32.80019199977666],[-116.92448699995747,32.80019199977666],[-116.92397999979427,32.800193000273815],[-116.92381099973987,32.80019400001585],[-116.92364000003565,32.800193000273815],[-116.9231300003977,32.800196000255],[-116.92296100034328,32.80019799973907],[-116.92253000034806,32.80019799973907],[-116.92123999983716,32.800199000236155],[-116.92080999966683,32.80020200021714],[-116.92063399993974,32.80020099972009],[-116.92039200009037,32.800199000236155],[-116.92010599986013,32.80019799973907],[-116.91993099995796,32.80019799973907],[-116.91984700029236,32.80019799973907],[-116.91959799987201,32.800199000236155],[-116.91951500003134,32.80020099972009],[-116.91923499964885,32.80020200021714],[-116.91839799977276,32.80020599993994],[-116.9181190001135,32.80020800017888],[-116.9169209996641,32.80020899992075],[-116.91332799993734,32.80021499988196],[-116.91213100021118,32.80021799986246],[-116.91184900017883,32.80021599962381],[-116.911655999835,32.80021499988196],[-116.91105199958743,32.800212999643236],[-116.91100599955666,32.800212999643236],[-116.91090400034774,32.800211999901414],[-116.9107250002476,32.800211999901414],[-116.91067199964583,32.800211999901414],[-116.9105140003604,32.800211999901414],[-116.91046199958355,32.800211999901414],[-116.91037500044322,32.80020999966262],[-116.91035299980362,32.80020999966262],[-116.91011599997715,32.80020999966262],[-116.91002999976341,32.800211000159564],[-116.90995600014357,32.80020999966262],[-116.90973400038573,32.80020999966262],[-116.90966099969246,32.80020999966262],[-116.90906700038894,32.80020699968189],[-116.9081149999868,32.80020399970101],[-116.90776799965717,32.800205000198034],[-116.90759799977786,32.800205000198034],[-116.90738699989066,32.80022000010108],[-116.90728899998138,32.80023200002166],[-116.90717799965331,32.800247999661586],[-116.90702200001769,32.800279999687895],[-116.90686999968173,32.800328999823776],[-116.90671999989391,32.800388000352235],[-116.90667399986314,32.8004060001985],[-116.90653499994598,32.80045999971547],[-116.90648999974013,32.800479000041115],[-116.90645299993021,32.80049300015926],[-116.90634400015026,32.80053699997673],[-116.90630800016524,32.80055199982376],[-116.90601400043738,32.800669000053794],[-116.90594800031514,32.800697000227984],[-116.9058949997134,32.80071200004795],[-116.90570300009276,32.80076499964345],[-116.90556500000048,32.80078900009102],[-116.90508799997453,32.80085200000793],[-116.90477499998008,32.800894999913645],[-116.9043120001978,32.801281999639144],[-116.90292299995265,32.80244899984433],[-116.90246099999531,32.802839000247694],[-116.90244299955364,32.80286399984736],[-116.90241499996453,32.80288199994735],[-116.90239999989593,32.80289100037354],[-116.90227299967435,32.802973999814455],[-116.90219300020671,32.80301599973852],[-116.9021220000616,32.80305600022306],[-116.90195100035737,32.80312100021693],[-116.90191600019726,32.803131000327944],[-116.90177499973197,32.80317199971421],[-116.90163199961682,32.80320100031843],[-116.90131399959948,32.803245000305864],[-116.90105500003173,32.80327999988555],[-116.9009389996808,32.80329500002483],[-116.90087900030464,32.80330399965413],[-116.90076299995368,32.80330799999245],[-116.90061900001365,32.80329700019421],[-116.90059200024946,32.80329099968588],[-116.90047800044667,32.803269000083844],[-116.90046599985277,32.80326600020634],[-116.90042999986777,32.803256999818124],[-116.90041800017218,32.80325399994022],[-116.9003350003315,32.80323399974474],[-116.9002650000113,32.803217999887146],[-116.90006300034494,32.803171000005655],[-116.8999749995831,32.803150999791505],[-116.8998559997574,32.80312400009938],[-116.89981499974951,32.80311399998757],[-116.89967699965726,32.80308200022628],[-116.89933500024881,32.80300200001769],[-116.89917600024015,32.80296700032856],[-116.89841499963373,32.80317300017783],[-116.89823999973156,32.80322000005826],[-116.89797799979071,32.80329099968588],[-116.8979446764218,32.80330008341114],[-116.89589,32.80192],[-116.89574,32.79965],[-116.89759,32.79863],[-116.89738,32.7938],[-116.89332,32.79443],[-116.89304100984492,32.79432616061492],[-116.89304271141602,32.79331439935072],[-116.89403,32.79317],[-116.89319,32.78769],[-116.89683766231676,32.78768361738877],[-116.89690300026326,32.78769100015935],[-116.8972360003492,32.7876980000926],[-116.89742399977186,32.78770300026037],[-116.8976449997048,32.78770199962268],[-116.89830800040193,32.78769999985769],[-116.89853000015978,32.78769999985769],[-116.89863300009195,32.78769899997518],[-116.89879799994839,32.7876980000926],[-116.89960499968726,32.78769499968976],[-116.89987400019906,32.787696000327514],[-116.90004999992615,32.78769399980718],[-116.90057899983067,32.78769200004201],[-116.90075600028098,32.78769100015935],[-116.90120999984242,32.787687999756265],[-116.90257200032339,32.78768300034286],[-116.90302699970974,32.78768199970494],[-116.90365299969864,32.7876799999395],[-116.90391800001252,32.78767900005677],[-116.90449100029795,32.78767900005677],[-116.90460299955262,32.78767399988764],[-116.90462153905722,32.78767319961897],[-116.905,32.78846],[-116.90611802736282,32.78739144287447],[-116.9061290000651,32.787387999715406]]]}},{"type":"Feature","properties":{"GEOID":"06073002905","NAME":"Census Tract 29.05","BASENAME":"29.05","in_district_share":0.0106},"geometry":{"type":"MultiPolygon","coordinates":[[[[-117.04559800041143,32.76731800027748],[-117.04558599981756,32.76633399986685],[-117.04558400016772,32.76607500021047],[-117.04558400016772,32.76600599983079],[-117.04560400025919,32.76600499970448],[-117.04566399963535,32.76600499970448],[-117.04568499955175,32.76600499970448],[-117.04590399983488,32.76600499970448],[-117.04618900024023,32.76600800008336],[-117.04656400015895,32.76600499970448],[-117.04678400026697,32.76600400033349],[-117.04689300004692,32.76600400033349],[-117.04843000043006,32.76601000033597],[-117.05005099958046,32.76601199983306],[-117.05082711062353,32.766012763818324],[-117.04559,32.76607],[-117.04561,32.76756],[-117.04560096503165,32.76756015313506],[-117.04559800041143,32.76731800027748]]],[[[-117.03899200001779,32.770355000276645],[-117.03898199997205,32.76991599993874],[-117.03897699994918,32.76964900020219],[-117.03897600012426,32.7696380000176],[-117.03897600012426,32.7695999997816],[-117.0389710001014,32.76944900027375],[-117.0389569998577,32.768998999735935],[-117.03895299965973,32.76884900005821],[-117.03924700028591,32.76884400034158],[-117.03977059644437,32.768835688955164],[-117.0390922323488,32.770355000276645],[-117.03899200001779,32.770355000276645]]],[[[-117.04037899971479,32.77165900032428],[-117.04027900015568,32.771650999821496],[-117.03992599997825,32.771609000191546],[-117.03990900025983,32.77137999973856],[-117.03990875592385,32.77137845249064],[-117.03991,32.77138],[-117.04037663224494,32.77134981000947],[-117.04037899971479,32.77165900032428]]],[[[-117.04701400042075,32.770923000157396],[-117.04701429272025,32.77092036924735],[-117.04702,32.77092],[-117.04700709015341,32.770982356994864],[-117.04701400042075,32.770923000157396]]],[[[-117.04648499961792,32.77348799970828],[-117.04649064055036,32.77347690602095],[-117.04649,32.77348],[-117.0466225880418,32.773532810491226],[-117.04648499961792,32.77348799970828]]],[[[-117.04880100015082,32.77544999978978],[-117.04878199988424,32.77539700021401],[-117.04876000014295,32.77533799972276],[-117.04874699972416,32.77530299972011],[-117.04872900018078,32.7752540001465],[-117.04871900013505,32.77520599981353],[-117.0487080002644,32.77515300009238],[-117.04867599957902,32.774992999959025],[-117.04864600034013,32.774849999997635],[-117.04862600024865,32.77475000026844],[-117.04862100022578,32.774650999700675],[-117.04860600015715,32.77435499963514],[-117.04860466465723,32.77432228168551],[-117.04885,32.77442],[-117.04881674835053,32.77549144203857],[-117.04880100015082,32.77544999978978]]]]}},{"type":"Feature","properties":{"GEOID":"06073016804","NAME":"Census Tract 168.04","BASENAME":"168.04","in_district_share":0.0752},"geometry":{"type":"MultiPolygon","coordinates":[[[[-116.89359400021866,32.86743099981079],[-116.89387982258962,32.86721464793379],[-116.8936095254322,32.86746630390795],[-116.89359400021866,32.86743099981079]]],[[[-116.91470600031184,32.872188000089054],[-116.91318200034749,32.872231999849795],[-116.91267000016143,32.871983999746966],[-116.91181200036894,32.87173700015056],[-116.91075000036196,32.871810000215966],[-116.91013600006863,32.87194799963782],[-116.90919100023751,32.87187199986247],[-116.90674900020622,32.8720720002036],[-116.90265900036204,32.87240800018343],[-116.89955199998379,32.87246199968419],[-116.89761100026793,32.872135000108166],[-116.89660799981215,32.871982000370025],[-116.89444399961522,32.87165400008592],[-116.89365600014295,32.8710599998644],[-116.89355800023364,32.87086099995959],[-116.89356699955616,32.87075799975001],[-116.89359599986851,32.87045199978419],[-116.89360599991421,32.870350000315334],[-116.89361500013506,32.87025099985325],[-116.89361799960979,32.87022100030874],[-116.89362500018079,32.86995600024444],[-116.89362799965554,32.86985799980935],[-116.89362799965554,32.869812000199104],[-116.89363199985348,32.869677000368625],[-116.8936329996784,32.86963199962497],[-116.89364400044738,32.86918799981532],[-116.89367899970917,32.8678570003633],[-116.89368399973203,32.867678000084624],[-116.8936670000136,32.86759700022339],[-116.89362467750944,32.867500759498895],[-116.89596,32.86579],[-116.89598,32.87065],[-116.90229,32.87168],[-116.91263,32.87036],[-116.91480149656397,32.87218154463837],[-116.91470600031184,32.872188000089054]]]]}},{"type":"Feature","properties":{"GEOID":"06073016810","NAME":"Census Tract 168.10","BASENAME":"168.10","in_district_share":0.3586},"geometry":{"type":"Polygon","coordinates":[[[-116.90411200018124,32.85047999990368],[-116.9040949995645,32.85031299997354],[-116.90409399973962,32.850144999794466],[-116.90410600033348,32.85001100015134],[-116.9041359995724,32.849845000031245],[-116.90414200031849,32.849821999944616],[-116.90418400015128,32.84968200017482],[-116.90424799972538,32.849522999785705],[-116.90432800009131,32.84937000028137],[-116.90442400035079,32.84922300018363],[-116.90463500023799,32.848948999731284],[-116.904735999622,32.84881799964024],[-116.90502500022534,32.84844900011863],[-116.90504000029394,32.848425999670226],[-116.90513200035545,32.848288999828725],[-116.90517599983806,32.84821200019956],[-116.90518199968585,32.84819900001057],[-116.90525000035622,32.84805700002794],[-116.90529999968662,32.84791499981817],[-116.90530700025765,32.847895999826],[-116.90532700034912,32.847815999973264],[-116.90534800026552,32.84773200020119],[-116.90538000005257,32.84749399991211],[-116.9053830004256,32.84748400026654],[-116.90539400029625,32.8474499999537],[-116.9054240004335,32.847411999766194],[-116.90536199961089,32.84717100022394],[-116.90517599983806,32.846448999910734],[-116.90511499973869,32.84620999997539],[-116.90507600027894,32.846060999964735],[-116.90495900010309,32.845612999955506],[-116.90492099956995,32.845465999671944],[-116.90489499963067,32.8453710000677],[-116.904819000361,32.84508599989016],[-116.90479400024664,32.84499199987185],[-116.90475900008656,32.84485200002938],[-116.90465399960625,32.8444329999306],[-116.90461900034447,32.8442939999616],[-116.90453399995565,32.84397799997691],[-116.90452499973483,32.84394299982578],[-116.90393599955584,32.84320900026958],[-116.90373300006459,32.84295499967788],[-116.90383500017182,32.84268200026975],[-116.9041439999683,32.84186400005436],[-116.90424699990047,32.841592000340654],[-116.90429499958104,32.84146400005379],[-116.90444299971905,32.84108199966877],[-116.90449299994775,32.84095600023231],[-116.90458599983417,32.840714999763776],[-116.90486600021667,32.839991999715565],[-116.904959999928,32.83975199970057],[-116.90500799960857,32.83962699993895],[-116.90514099967798,32.83929000026018],[-116.90515300027185,32.83925699988468],[-116.90520199977735,32.83913400029824],[-116.90540699981676,32.83860899963171],[-116.90542799973315,32.83853800029952],[-116.90549700022842,32.83830199964496],[-116.9058610002765,32.83706499966559],[-116.9068189996281,32.836713000294594],[-116.90710300020854,32.836528000048496],[-116.90784300000026,32.836046000077374],[-116.90788599965796,32.83610599962762],[-116.90801600025263,32.8362889998168],[-116.90805999973522,32.83635000004762],[-116.90811699963665,32.83643199984644],[-116.90828800023918,32.83667800029798],[-116.9083459999655,32.83675999979384],[-116.90837500027781,32.83680299968333],[-116.90846399996627,32.83693300006502],[-116.90849400010349,32.83697699995366],[-116.90858600016502,32.837085999875534],[-116.9086060002565,32.83711099965181],[-116.90872400025727,32.837224999810296],[-116.90883899988498,32.83731600026877],[-116.90891500005299,32.83736400028222],[-116.90903800007663,32.83744100026536],[-116.90926400003244,32.837582999872794],[-116.90994299972478,32.83801199981088],[-116.91017000040382,32.8381550000843],[-116.91072000022473,32.838503000267664],[-116.91086548598392,32.838594886011755],[-116.91065,32.83878],[-116.91061,32.85113],[-116.90749,32.85115],[-116.9075,32.84987],[-116.90535,32.84986],[-116.90534,32.85113],[-116.90425600580541,32.85113],[-116.90411200018124,32.85047999990368]]]}},{"type":"Feature","properties":{"GEOID":"06073016403","NAME":"Census Tract 164.03","BASENAME":"164.03","in_district_share":0.6375},"geometry":{"type":"Polygon","coordinates":[[[-116.89797799979071,32.80329099968588],[-116.89823999973156,32.80322000005826],[-116.89841499963373,32.80317300017783],[-116.89917600024015,32.80296700032856],[-116.89933500024881,32.80300200001769],[-116.89967699965726,32.80308200022628],[-116.89981499974951,32.80311399998757],[-116.8998559997574,32.80312400009938],[-116.8999749995831,32.803150999791505],[-116.90006300034494,32.803171000005655],[-116.9002650000113,32.803217999887146],[-116.9003350003315,32.80323399974474],[-116.90041800017218,32.80325399994022],[-116.90042999986777,32.803256999818124],[-116.90046599985277,32.80326600020634],[-116.90047800044667,32.803269000083844],[-116.90059200024946,32.80329099968588],[-116.90061900001365,32.80329700019421],[-116.90076299995368,32.80330799999245],[-116.90087900030464,32.80330399965413],[-116.9009389996808,32.80329500002483],[-116.90105500003173,32.80327999988555],[-116.90131399959948,32.803245000305864],[-116.90163199961682,32.80320100031843],[-116.90177499973197,32.80317199971421],[-116.90191600019726,32.803131000327944],[-116.90195100035737,32.80312100021693],[-116.9021220000616,32.80305600022306],[-116.90219300020671,32.80301599973852],[-116.90227299967435,32.802973999814455],[-116.90239999989593,32.80289100037354],[-116.90241499996453,32.80288199994735],[-116.90244299955364,32.80286399984736],[-116.90246099999531,32.802839000247694],[-116.90292299995265,32.80244899984433],[-116.9043120001978,32.801281999639144],[-116.90477499998008,32.800894999913645],[-116.90508799997453,32.80085200000793],[-116.90556500000048,32.80078900009102],[-116.90570300009276,32.80076499964345],[-116.9058949997134,32.80071200004795],[-116.90594800031514,32.800697000227984],[-116.90601400043738,32.800669000053794],[-116.90630800016524,32.80055199982376],[-116.90634400015026,32.80053699997673],[-116.90645299993021,32.80049300015926],[-116.90648999974013,32.800479000041115],[-116.90653499994598,32.80045999971547],[-116.90667399986314,32.8004060001985],[-116.90671999989391,32.800388000352235],[-116.90686999968173,32.800328999823776],[-116.90702200001769,32.800279999687895],[-116.90717799965331,32.800247999661586],[-116.90728899998138,32.80023200002166],[-116.90738699989066,32.80022000010108],[-116.90759799977786,32.800205000198034],[-116.90776799965717,32.800205000198034],[-116.9081149999868,32.80020399970101],[-116.90906700038894,32.80020699968189],[-116.90966099969246,32.80020999966262],[-116.90973400038573,32.80020999966262],[-116.90995600014357,32.80020999966262],[-116.91002999976341,32.800211000159564],[-116.91011599997715,32.80020999966262],[-116.91035299980362,32.80020999966262],[-116.91037500044322,32.80020999966262],[-116.91046199958355,32.800211999901414],[-116.9105140003604,32.800211999901414],[-116.91067199964583,32.800211999901414],[-116.9107250002476,32.800211999901414],[-116.91090400034774,32.800211999901414],[-116.91100599955666,32.800212999643236],[-116.91105199958743,32.800212999643236],[-116.911655999835,32.80021499988196],[-116.91184900017883,32.80021599962381],[-116.91213100021118,32.80021799986246],[-116.91332799993734,32.80021499988196],[-116.9169209996641,32.80020899992075],[-116.9181190001135,32.80020800017888],[-116.91839799977276,32.80020599993994],[-116.91923499964885,32.80020200021714],[-116.91951500003134,32.80020099972009],[-116.91959799987201,32.800199000236155],[-116.91984700029236,32.80019799973907],[-116.91993099995796,32.80019799973907],[-116.92010599986013,32.80019799973907],[-116.92039200009037,32.800199000236155],[-116.92063399993974,32.80020099972009],[-116.92080999966683,32.80020200021714],[-116.92123999983716,32.800199000236155],[-116.92253000034806,32.80019799973907],[-116.92296100034328,32.80019799973907],[-116.9231300003977,32.800196000255],[-116.92364000003565,32.800193000273815],[-116.92381099973987,32.80019400001585],[-116.92397999979427,32.800193000273815],[-116.92448699995747,32.80019199977666],[-116.92465699983677,32.80019199977666],[-116.92484599998268,32.80019000029252],[-116.92541400024524,32.800188000053176],[-116.92560400021603,32.80018700031106],[-116.92586799980667,32.80018500007171],[-116.92666299984997,32.80018200009014],[-116.92692800016385,32.80018200009014],[-116.9273830004485,32.80017900010842],[-116.92875000005401,32.80017399988705],[-116.9292060001636,32.800171999647404],[-116.92926999973768,32.80017099990512],[-116.92946499973138,32.80017099990512],[-116.9295309998536,32.80017099990512],[-116.9296070000216,32.80017000016276],[-116.92983499962722,32.80016799992302],[-116.9299119996201,32.80016799992302],[-116.92997899956727,32.80016700018069],[-116.93018299978178,32.80016700018069],[-116.93025099955383,32.80016700018069],[-116.93030199960744,32.80016499994088],[-116.93045899996629,32.80016499994088],[-116.9305109998448,32.80016499994088],[-116.93067300022655,32.80016499994088],[-116.93115899957503,32.80016499994088],[-116.93132099995672,32.80016599968323],[-116.9318110004015,32.80016700018069],[-116.93328099993916,32.80017300014478],[-116.93377200020885,32.800174999629306],[-116.93386699974509,32.800174999629306],[-116.93415399980027,32.800174999629306],[-116.93425000005973,32.800174999629306],[-116.93430799978606,32.800174999629306],[-116.93448199986332,32.800174999629306],[-116.93453999958965,32.800176000126655],[-116.93477999978916,32.800176000126655],[-116.93501499996582,32.800176000126655],[-116.93550000038769,32.80017800036621],[-116.93574100041212,32.80017999985068],[-116.93573999968889,32.80055600028591],[-116.935738999864,32.80168800001252],[-116.935738999864,32.80206600030764],[-116.93574100041212,32.8021880001637],[-116.9357470002599,32.802554000237386],[-116.93574999973465,32.80267800036212],[-116.93574899990973,32.80273299972265],[-116.935746000435,32.80290000004374],[-116.935746000435,32.802955999733044],[-116.93574499971176,32.80299600024458],[-116.93574399988687,32.80312299963521],[-116.93574399988687,32.80316500024394],[-116.93574399988687,32.80318699987173],[-116.9346919999256,32.80318300028299],[-116.93336999962764,32.80317500035001],[-116.93270799965373,32.803181000111046],[-116.9323460001538,32.80317999964752],[-116.93151799960022,32.803178000230574],[-116.93148300033845,32.803178000230574],[-116.93137700003324,32.803181999819486],[-116.93134199987313,32.80318300028299],[-116.93004700023764,32.803192999632],[-116.92849300013607,32.803192999632],[-116.92846100034902,32.803192999632],[-116.9272770001433,32.80323099986602],[-116.92689700020172,32.80326100015856],[-116.92679500009444,32.803269999791304],[-116.9264319998713,32.803317000375515],[-116.92612399989972,32.80336799976034],[-116.92610499963314,32.80337200009577],[-116.92578099976804,32.80344100019097],[-116.92552800004805,32.80350599990334],[-116.92526500028231,32.80358799982125],[-116.92506699991559,32.80364099996733],[-116.92447199988884,32.80383500033223],[-116.92434700021538,32.8038769998495],[-116.92411899971144,32.80396100033464],[-116.92390299980137,32.804054999992395],[-116.92374200014288,32.80413400031064],[-116.92354899979902,32.804229999933895],[-116.92324500002543,32.80440300014144],[-116.92311000030624,32.804482999844275],[-116.92271399957278,32.8047150002364],[-116.92242300021795,32.80490300012304],[-116.92201899998692,32.80518600002591],[-116.92171600003822,32.80543200018867],[-116.92140300004377,32.80567200007806],[-116.92120300002723,32.805853000192045],[-116.92105999991209,32.80599699982341],[-116.92090099990341,32.80616299962284],[-116.9208139998648,32.80626199985144],[-116.92057700003834,32.80655899987558],[-116.9203770000218,32.80683200009778],[-116.92028199958723,32.806972000234936],[-116.92019000042403,32.80711099973229],[-116.92000299992799,32.80741699990756],[-116.9198420002695,32.8077079996373],[-116.91940899972612,32.80841199963267],[-116.91800399958747,32.81070399980482],[-116.91732800026818,32.81185199997366],[-116.9167869997698,32.81268799995583],[-116.91671300014995,32.8128039997113],[-116.91664600020279,32.812912000258706],[-116.91651700033135,32.81308999967208],[-116.91623799977378,32.813448999982995],[-116.915943000221,32.81379799993383],[-116.91565199996788,32.81411600004538],[-116.91533899997343,32.81443599969258],[-116.91526399963034,32.8145070001753],[-116.9148440004041,32.814900000002915],[-116.91473600044904,32.815001999795065],[-116.91398099969044,32.81571899980369],[-116.91353700017473,32.81614099971214],[-116.9127460003294,32.81685899989854],[-116.91255899983334,32.81703100012899],[-116.91208299963228,32.81751700033236],[-116.91169900039104,32.817909999680516],[-116.91159800010868,32.818024999871774],[-116.91130699985555,32.8184080000917],[-116.91103999989186,32.81877800020274],[-116.91086499998968,32.81905000035028],[-116.91045099971289,32.819802000021426],[-116.91020300001577,32.820239999980316],[-116.90998499955757,32.820665000352854],[-116.90974199988334,32.82112299978011],[-116.90956600015622,32.821400000079514],[-116.9093469998731,32.82171399989485],[-116.9092539999867,32.82175499976721],[-116.90897299977928,32.821879000278585],[-116.90888099971778,32.821921000327364],[-116.90883700023517,32.821939000342134],[-116.90880700009795,32.82195100035001],[-116.90874381129842,32.821976147788604],[-116.90827,32.8204],[-116.90925,32.82055],[-116.91066,32.8183],[-116.90946,32.8181],[-116.90966,32.81386],[-116.90774,32.81501],[-116.906,32.81341],[-116.90522,32.81529],[-116.90232,32.8151],[-116.90113,32.81109],[-116.89816,32.80933],[-116.89982,32.80747],[-116.9021,32.80804],[-116.89988,32.8046],[-116.8979446764218,32.80330008341114],[-116.89797799979071,32.80329099968588]]]}},{"type":"Feature","properties":{"GEOID":"06073016000","NAME":"Census Tract 160","BASENAME":"160","in_district_share":1.0},"geometry":{"type":"Polygon","coordinates":[[[-116.99014600044259,32.78114699971782],[-116.98972999961767,32.781621000339804],[-116.98941999999629,32.781966000084076],[-116.98929100012485,32.78211299971975],[-116.98916499972816,32.78213300013434],[-116.98900499989456,32.78215800026864],[-116.98832500037733,32.78260700003464],[-116.98760099958083,32.782826000168036],[-116.98720399992078,32.78300400015867],[-116.98743099970153,32.78337700016777],[-116.98761700037268,32.78413399993006],[-116.98762999989314,32.78418800026557],[-116.98765300035768,32.78428300035664],[-116.98732399957139,32.78430099968673],[-116.98722200036246,32.78430600004546],[-116.98716399973783,32.78430799988675],[-116.98652699987828,32.78450300005885],[-116.98627800035626,32.78457999978834],[-116.98616700002817,32.784613000083546],[-116.98544899997778,32.78483199981009],[-116.98504599957164,32.7848820000652],[-116.98506900003618,32.784986000143306],[-116.9845920000102,32.78504899992813],[-116.98441999958273,32.78521800005363],[-116.98443399982644,32.78523099964336],[-116.98451099981935,32.78529799964805],[-116.98461799994945,32.78539200015573],[-116.98471199966077,32.78547400016398],[-116.98474000014821,32.785470999686105],[-116.98480000042265,32.78546299966996],[-116.98481999961584,32.78557200011155],[-116.98509999999833,32.785538000265305],[-116.98539899974907,32.78550299974358],[-116.98569500002506,32.785468999870965],[-116.98609800043117,32.785421999670184],[-116.98622399992958,32.78555099980822],[-116.9862399998231,32.785566999823985],[-116.98630099992248,32.78562999995257],[-116.9863040002955,32.785674000327596],[-116.98631900036413,32.78598700034194],[-116.98632600003681,32.786142999986055],[-116.98632600003681,32.786205999706695],[-116.98558399969697,32.786243999648484],[-116.98554900043519,32.786301999806575],[-116.98513900035637,32.78699200016635],[-116.98457199991871,32.78745100006471],[-116.98451400019238,32.78764899979306],[-116.98457600011666,32.78779400009266],[-116.98484800010324,32.78843399971055],[-116.98732000027174,32.78767000035629],[-116.98762800024333,32.7883530000406],[-116.98764300031193,32.78839500007451],[-116.98766400022834,32.788438999836956],[-116.9879930001163,32.78930499996605],[-116.98779099955163,32.789354999972396],[-116.98548900016073,32.78992300015569],[-116.9856769995834,32.79041499968537],[-116.98570900026877,32.790494999891905],[-116.98571799959127,32.790519000090846],[-116.98572699981212,32.79054099982707],[-116.98575699994933,32.790528000258234],[-116.98577899969065,32.79051699963401],[-116.98592500017884,32.790448999932934],[-116.98599499960072,32.79042300001132],[-116.98615899963225,32.7908169996935],[-116.98626900013542,32.79078900018387],[-116.98634000028053,32.790770999901085],[-116.98652600005339,32.79075699976253],[-116.98702300017084,32.79066599994107],[-116.98731600007379,32.79068000009393],[-116.98761999984741,32.79069199979168],[-116.98819200030793,32.790655000089146],[-116.98825500005714,32.79131199984472],[-116.9882669997527,32.79146700012662],[-116.98832500037733,32.792232999755406],[-116.9883150003316,32.79224300033595],[-116.98749400034903,32.7931639996669],[-116.98736399975436,32.79330999985669],[-116.98731100005092,32.79338800008738],[-116.98678600034438,32.79416099996279],[-116.98681700030652,32.79417900031459],[-116.98712699992791,32.79436500021214],[-116.98719800007301,32.794421999798345],[-116.98704099971418,32.79460700013794],[-116.98701200030018,32.79464299990212],[-116.98694500035302,32.79473199982292],[-116.98689900032228,32.79479200009262],[-116.98686400016217,32.79483999967509],[-116.98676999955251,32.79497999981963],[-116.98672799971972,32.795043999877],[-116.98665900012276,32.79495100030941],[-116.98657499955887,32.79486700037276],[-116.98653399955097,32.79483499990856],[-116.9864780003728,32.7947929998954],[-116.98637100024267,32.79473100001947],[-116.98618899976947,32.79464900023894],[-116.9860570004233,32.79456899999346],[-116.98592400035392,32.79446700016129],[-116.98582300007158,32.79436799963483],[-116.98572699981212,32.79424899980202],[-116.98565700039025,32.79413799980168],[-116.98531099988551,32.793602000272216],[-116.98529900018993,32.793583999803666],[-116.98524399993835,32.79346899970274],[-116.98520799995335,32.79336399990752],[-116.98518500038713,32.79325599977302],[-116.98517500034139,32.79314599986486],[-116.98517600016629,32.79307099964349],[-116.98526400002984,32.7917219997833],[-116.9852670004029,32.791686000346964],[-116.98526099965679,32.7915209997862],[-116.98524099956532,32.79137100031515],[-116.9851989997325,32.79119599998324],[-116.98516600012054,32.79109800019065],[-116.98513000013554,32.79116000033399],[-116.98503999972385,32.79133699966487],[-116.98495500023337,32.79154399986904],[-116.98482700018684,32.79196400010509],[-116.98436600005438,32.793496999878876],[-116.98431199962772,32.79364599972414],[-116.98423899983277,32.79380200028287],[-116.98413699972555,32.79397099963545],[-116.98402399974762,32.79412199981742],[-116.98390599974685,32.79425299979261],[-116.98376400035495,32.79438500013733],[-116.98367300011833,32.794455000217745],[-116.98363299993538,32.7944879998698],[-116.98346700025401,32.79459900018835],[-116.98330300022249,32.794688999957174],[-116.98311699955133,32.79477300006192],[-116.98293800034952,32.7948380000706],[-116.98284000044022,32.79486500001372],[-116.98275199967834,32.79489000034532],[-116.98257900032431,32.79492599999495],[-116.98240199987399,32.79495100030941],[-116.98233099972887,32.79495600006942],[-116.98220799970522,32.794964999787716],[-116.98077699962731,32.79496399998688],[-116.98025899959346,32.79496399998688],[-116.97990399976622,32.794963000185966],[-116.97884199975923,32.794960999829094],[-116.97848799975691,32.794960999829094],[-116.97838200035,32.794960000028205],[-116.9780659999825,32.79495799967126],[-116.97796100040053,32.79495799967126],[-116.97789500027828,32.79495600006942],[-116.97770100010953,32.79495600006942],[-116.97763599981218,32.794956999870344],[-116.97756999968995,32.79495600006942],[-116.97737200022154,32.79495600006942],[-116.97733700006145,32.794956999870344],[-116.97730699992421,32.794956999870344],[-116.97725599987061,32.79495600006942],[-116.97710299970973,32.79495500026842],[-116.97705300037933,32.79495500026842],[-116.97697800003627,32.79495500026842],[-116.97675600027839,32.79495500026842],[-116.97668199976022,32.79495500026842],[-116.97660200029262,32.79495500026842],[-116.97657200015537,32.79495500026842],[-116.9763639997429,32.79495299991137],[-116.97628500010022,32.79495399971232],[-116.97612899956628,32.79495299991137],[-116.97566199958604,32.79495299991137],[-116.97550699977535,32.79495299991137],[-116.97527999999464,32.79494999975326],[-116.97460100030227,32.794947000350156],[-116.97437500034647,32.79494599979397],[-116.97415299969032,32.794947000350156],[-116.97348999989151,32.79495500026842],[-116.97326899995855,32.79495799967126],[-116.97304999967545,32.79495600006942],[-116.97239299972443,32.79495200011039],[-116.97217500016453,32.79495100030941],[-116.97194400018584,32.79494999975326],[-116.97125299989962,32.79494999975326],[-116.97102299974586,32.79495200011039],[-116.97040900035087,32.794947000350156],[-116.96856700036918,32.79493300011393],[-116.96841800040627,32.79493200031268],[-116.96795399990077,32.794929000153864],[-116.96772000044736,32.79492699979622],[-116.96744400026283,32.79492599999495],[-116.96701900011539,32.79492200003458],[-116.96678599958858,32.79492200003458],[-116.96699599965086,32.794899999871916],[-116.96702999998604,32.79489299975036],[-116.9672030002384,32.79486299965464],[-116.96742099979828,32.794807000153725],[-116.96763199968548,32.79473499998838],[-116.96773600034088,32.794688999957174],[-116.96783400025018,32.794646999875],[-116.96795800009872,32.79458300028704],[-116.96811999958211,32.794491000043486],[-116.96824799962863,32.79440500005807],[-116.96836900000245,32.79430899964246],[-116.96838999991886,32.79429299968898],[-116.96851100029268,32.79417799974976],[-116.96941900031388,32.79325800016831],[-116.96976699957014,32.79290600014204],[-116.97002100001332,32.79264799986874],[-116.97078400026956,32.79187899977688],[-116.97103899963939,32.791622999976795],[-116.97106200010391,32.79159900007572],[-116.97109300006605,32.79156699994588],[-116.97125399972454,32.791401000078615],[-116.97130899997615,32.79134700034612],[-116.97158400033574,32.79106099990182],[-116.97240799979302,32.790205000311104],[-116.97268399997756,32.78992099968544],[-116.97279500030562,32.789802999802305],[-116.97313000004141,32.78945400003804],[-116.97324200019439,32.78933800001873],[-116.97335599999721,32.78921799963125],[-116.97369800030397,32.788860000257024],[-116.9738129999317,32.78874099985059],[-116.97401899979603,32.78853100029983],[-116.97463899993713,32.78790800009972],[-116.97485400002228,32.787700999740196],[-116.97487599976358,32.78767000035629],[-116.9751579997959,32.787378999985556],[-116.9760940003045,32.78641600021543],[-116.97640700029893,32.7860950002409],[-116.97667599991246,32.7858149997007],[-116.97748299965133,32.78497899999664],[-116.97775299998806,32.78470200022366],[-116.97791600019468,32.784557000170366],[-116.97840499991621,32.78412599979367],[-116.97856899994775,32.78398300016054],[-116.9787220001086,32.78380300001039],[-116.97883199971348,32.783676000213994],[-116.97898999989721,32.78353000006942],[-116.9791780002182,32.78337700016777],[-116.97924400034046,32.78332899968531],[-116.97938699955726,32.78322899966694],[-116.97943900033411,32.78319700030195],[-116.97946299972524,32.78317999992656],[-116.97963699980251,32.783057999669666],[-116.97971600034354,32.783008999835054],[-116.97981699972756,32.78294999985971],[-116.98000500004854,32.78285200004464],[-116.98022500015658,32.7827559999978],[-116.98063400041048,32.78260400021526],[-116.98094900005476,32.78249000020794],[-116.98101900037493,32.7824660001083],[-116.98109399981972,32.78244200000217],[-116.98115200044434,32.78242300035407],[-116.98123199991197,32.78239700035215],[-116.98130300005708,32.78237500011215],[-116.98145600021796,32.782306000285416],[-116.98159599996002,32.78201599968429],[-116.98168800002153,32.781851000066254],[-116.98174800029601,32.78174500020049],[-116.98183799980939,32.781583999885015],[-116.98194800031256,32.78141199979364],[-116.98202699995527,32.78127899987706],[-116.98207200016108,32.78121299982194],[-116.98218599996392,32.781064000295586],[-116.98225399973599,32.78097500029216],[-116.98245100027779,32.780746999732976],[-116.98264399972331,32.78054999971018],[-116.98282799984632,32.780376999920804],[-116.98306499967279,32.78017999983397],[-116.98329800019962,32.78001199992523],[-116.98351300028477,32.779875000299846],[-116.9837609999819,32.77973799970824],[-116.9839719998691,32.779622999831574],[-116.98409400006784,32.779563999876544],[-116.98427999984067,32.77946500013303],[-116.98446899998655,32.77938399984891],[-116.98466399998023,32.77931799989857],[-116.98477699995813,32.779281999973726],[-116.98492900029409,32.779238000213596],[-116.98501600033272,32.779215999947745],[-116.98513299961026,32.77919499965455],[-116.98519299988473,32.77918499987283],[-116.98540499959682,32.779147999915494],[-116.98551099990205,32.77913100027697],[-116.98558500042022,32.779119999753846],[-116.98585200038389,32.779095000276456],[-116.98616899967799,32.77908099981073],[-116.98623399997531,32.779081999790165],[-116.98808900037577,32.779117999795936],[-116.98814200007921,32.779118999774894],[-116.9881129997669,32.77951499962819],[-116.9880919998505,32.7797490001549],[-116.98820999985126,32.779782999947884],[-116.9883300004002,32.77981799969893],[-116.98869299972505,32.77992199965481],[-116.98881499992379,32.77995800007605],[-116.98914200016192,32.78008100002058],[-116.98933999963033,32.780155999866444],[-116.99003199974146,32.78062999972605],[-116.99032200016968,32.78082800028672],[-116.9903869995687,32.78087299997509],[-116.99014600044259,32.78114699971782]]]}},{"type":"Feature","properties":{"GEOID":"06073015801","NAME":"Census Tract 158.01","BASENAME":"158.01","in_district_share":1.0},"geometry":{"type":"Polygon","coordinates":[[[-116.96660999986149,32.798274000358575],[-116.96660999986149,32.79877400007767],[-116.96661099968638,32.79894100028469],[-116.96661099968638,32.799041999760334],[-116.96661099968638,32.79934900028051],[-116.96661200040961,32.79945200030367],[-116.96595100026062,32.79944900029731],[-116.96490599997207,32.799446000290914],[-116.96489299955329,32.799446000290914],[-116.96487300036011,32.79944400003489],[-116.96482800015426,32.79944100002831],[-116.96480600041296,32.79943599976538],[-116.96474899961325,32.79942399973737],[-116.96441700025053,32.799292000077145],[-116.9643240003641,32.79926599972055],[-116.96422200025687,32.799253999669574],[-116.96399899977577,32.7992529999169],[-116.96333900035,32.79925099965655],[-116.96314099998328,32.79925099965655],[-116.96255000015451,32.79925099965655],[-116.9623529996127,32.79925200016428],[-116.9623519997878,32.79922200002909],[-116.9623519997878,32.799135000334815],[-116.9623519997878,32.79910599991441],[-116.96194699973184,32.79910699966868],[-116.96139899956074,32.799111999950114],[-116.96073499993703,32.799112999704306],[-116.960330999706,32.799114999967784],[-116.95988499964216,32.799114999967784],[-116.95977199966426,32.799114999967784],[-116.95854700034894,32.799114999967784],[-116.95810200011002,32.799117000231206],[-116.95808799986634,32.79887600025499],[-116.95808600021653,32.79884099969652],[-116.95807000032296,32.79871800001942],[-116.9580359999878,32.79858399979073],[-116.95798499993417,32.79845600019516],[-116.95791600033719,32.798329000178384],[-116.95783299959821,32.79821400017311],[-116.95769299985612,32.79801999962363],[-116.95760800036562,32.79806499967591],[-116.95735499974731,32.79820100021572],[-116.95731000043978,32.79822600036451],[-116.9572690004319,32.79824200036542],[-116.95714800005808,32.7982829997411],[-116.9570379995549,32.798307000103506],[-116.9570219996614,32.79831099991161],[-116.95689299978993,32.7983250003711],[-116.95632000040284,32.7983250003711],[-116.95608100002825,32.79832600013415],[-116.95584400020178,32.79832600013415],[-116.9551360001971,32.79832600013415],[-116.95490000019555,32.798326999897235],[-116.95460700029258,32.798326999897235],[-116.95372900040863,32.798326999897235],[-116.95359200014127,32.798326999897235],[-116.95346400009477,32.7983100001484],[-116.95343899998039,32.798303000295284],[-116.95335500031482,32.798281000213976],[-116.95318899973513,32.798224000081035],[-116.95304800016815,32.79819100030528],[-116.95295799975646,32.798178000344464],[-116.95290400022812,32.79816999996105],[-116.95274500021945,32.798163000096906],[-116.9514680001273,32.798160000047126],[-116.95097100000984,32.798160000047126],[-116.95097000018492,32.79798900006099],[-116.95096799963679,32.79779099994437],[-116.95096699981187,32.797474999866964],[-116.95096699981187,32.79730499984814],[-116.95096599998698,32.797071000196816],[-116.95096400033714,32.79637100013853],[-116.95096400033714,32.796138999869925],[-116.95096400033714,32.79609599992942],[-116.95096400033714,32.79596900031734],[-116.95096400033714,32.79592700008465],[-116.95096299961392,32.79586200011693],[-116.95096299961392,32.795671999648334],[-116.95096299961392,32.79560899983655],[-116.950961999789,32.79547100027268],[-116.95096099996411,32.7950589998956],[-116.95096099996411,32.79492200003458],[-116.95150499993723,32.79492200003458],[-116.95213000010122,32.79492299983589],[-116.95314000022967,32.79492500019368],[-116.95327099975091,32.79492500019368],[-116.95368500002768,32.79492599999495],[-116.95392199985415,32.79492500019368],[-116.95463499988166,32.79492500019368],[-116.95487300043136,32.79492699979622],[-116.95510900043294,32.79492699979622],[-116.95581800026248,32.79492699979622],[-116.95605699973876,32.79492800035263],[-116.95612700005896,32.79492800035263],[-116.95634299996905,32.79492800035263],[-116.95641499993908,32.794929000153864],[-116.95660599973478,32.794929000153864],[-116.95717999984511,32.794929000153864],[-116.95737200036407,32.794929000153864],[-116.9576629997189,32.794929000153864],[-116.95853599957998,32.794929000153864],[-116.95882699983312,32.794929000153864],[-116.95910499966746,32.794929000153864],[-116.95927600027001,32.794929000153864],[-116.95993999989373,32.794929000153864],[-116.96021899955299,32.794929999955095],[-116.96028600039844,32.794929999955095],[-116.96048999971464,32.794929999955095],[-116.96055800038502,32.794929999955095],[-116.9609149998621,32.794929000153864],[-116.96198600008991,32.79492800035263],[-116.96234400029017,32.79492800035263],[-116.96258899961427,32.79492800035263],[-116.96332799958104,32.794930999756374],[-116.96357399962834,32.79493200031268],[-116.963816000376,32.794930999756374],[-116.96454500029706,32.79492800035263],[-116.96478799997129,32.79492800035263],[-116.96506400015582,32.79492800035263],[-116.96589199981106,32.79492800035263],[-116.9661679999956,32.79492800035263],[-116.96625500003425,32.79492800035263],[-116.96651600015014,32.79492800035263],[-116.96660400001369,32.79492800035263],[-116.96660400001369,32.79516000000521],[-116.96660700038672,32.79565900007437],[-116.96660800021165,32.7958559998619],[-116.96660999986149,32.796088000113805],[-116.96660800021165,32.79623899972141],[-116.96660700038672,32.79646200016324],[-116.96660700038672,32.7966969996884],[-116.96660700038672,32.79685000008656],[-116.96660700038672,32.79702899972953],[-116.96660700038672,32.79756799981521],[-116.96660700038672,32.797735000022065],[-116.96661400005944,32.79774899981717],[-116.96660999986149,32.79810800017445],[-116.96660999986149,32.798274000358575]]]}},{"type":"Feature","properties":{"GEOID":"06073015901","NAME":"Census Tract 159.01","BASENAME":"159.01","in_district_share":1.0},"geometry":{"type":"Polygon","coordinates":[[[-116.97463899993713,32.78790800009972],[-116.97401899979603,32.78853100029983],[-116.9738129999317,32.78874099985059],[-116.97369800030397,32.788860000257024],[-116.97335599999721,32.78921799963125],[-116.97324200019439,32.78933800001873],[-116.97313000004141,32.78945400003804],[-116.97279500030562,32.789802999802305],[-116.97268399997756,32.78992099968544],[-116.97240799979302,32.790205000311104],[-116.97158400033574,32.79106099990182],[-116.97130899997615,32.79134700034612],[-116.97125399972454,32.791401000078615],[-116.97109300006605,32.79156699994588],[-116.97106200010391,32.79159900007572],[-116.97103899963939,32.791622999976795],[-116.97078400026956,32.79187899977688],[-116.97002100001332,32.79264799986874],[-116.96976699957014,32.79290600014204],[-116.96941900031388,32.79325800016831],[-116.96851100029268,32.79417799974976],[-116.96838999991886,32.79429299968898],[-116.96836900000245,32.79430899964246],[-116.96824799962863,32.79440500005807],[-116.96811999958211,32.794491000043486],[-116.96795800009872,32.79458300028704],[-116.96783400025018,32.794646999875],[-116.96773600034088,32.794688999957174],[-116.96763199968548,32.79473499998838],[-116.96742099979828,32.794807000153725],[-116.9672030002384,32.79486299965464],[-116.96702999998604,32.79489299975036],[-116.96699599965086,32.794899999871916],[-116.96678599958858,32.79492200003458],[-116.96674899977866,32.79492399963725],[-116.96673399971004,32.79492599999495],[-116.9666399999987,32.79492699979622],[-116.96660400001369,32.79492800035263],[-116.96651600015014,32.79492800035263],[-116.96625500003425,32.79492800035263],[-116.9661679999956,32.79492800035263],[-116.9661679999956,32.79470499983941],[-116.9661679999956,32.79404100004176],[-116.96616899982052,32.79382099976588],[-116.96616899982052,32.79359500004847],[-116.96616899982052,32.79291599989173],[-116.96616899982052,32.79269099996629],[-116.9661679999956,32.79250200010245],[-116.96616700017069,32.79193500036645],[-116.96616700017069,32.791747000243376],[-116.96616700017069,32.79171900027137],[-116.96616700017069,32.79163500030244],[-116.96616700017069,32.79160800013375],[-116.96616399979764,32.79117299981045],[-116.96615799994987,32.789871999855386],[-116.9661539997519,32.78943999969218],[-116.9661539997519,32.78908199970118],[-116.96614899972903,32.78801599993191],[-116.96614799990411,32.78766099989976],[-116.96667299961068,32.78766099989976],[-116.96764900030225,32.78766099989976],[-116.96770299983059,32.78766099989976],[-116.96824799962863,32.787662999665635],[-116.96874200027138,32.787662999665635],[-116.96877300023351,32.787665000186664],[-116.96920300040381,32.787666000069606],[-116.96993200032489,32.78766899971823],[-116.97049499966624,32.787666000069606],[-116.97090100044544,32.78767000035629],[-116.97092599966149,32.787664000303764],[-116.97134999998401,32.787664000303764],[-116.97262200005326,32.78766899971823],[-116.9730460003758,32.787671000239136],[-116.9732370001715,32.787671000239136],[-116.97381100028188,32.787671000239136],[-116.97400299990247,32.787671000239136],[-116.97402600036703,32.78767000035629],[-116.9740959997889,32.78767000035629],[-116.97412000007834,32.78767000035629],[-116.9742649998433,32.78767499977043],[-116.97470000003649,32.78769399980718],[-116.97487599976358,32.78767000035629],[-116.97485400002228,32.787700999740196],[-116.97463899993713,32.78790800009972]]]}},{"type":"Feature","properties":{"GEOID":"06073015902","NAME":"Census Tract 159.02","BASENAME":"159.02","in_district_share":1.0},"geometry":{"type":"Polygon","coordinates":[[[-116.97938699955726,32.78322899966694],[-116.97924400034046,32.78332899968531],[-116.9791780002182,32.78337700016777],[-116.97898999989721,32.78353000006942],[-116.97883199971348,32.783676000213994],[-116.9787220001086,32.78380300001039],[-116.97856899994775,32.78398300016054],[-116.97840499991621,32.78412599979367],[-116.97791600019468,32.784557000170366],[-116.97775299998806,32.78470200022366],[-116.97748299965133,32.78497899999664],[-116.97667599991246,32.7858149997007],[-116.97640700029893,32.7860950002409],[-116.9760940003045,32.78641600021543],[-116.9751579997959,32.787378999985556],[-116.97487599976358,32.78767000035629],[-116.97470000003649,32.78769399980718],[-116.9742649998433,32.78767499977043],[-116.97412000007834,32.78767000035629],[-116.9740959997889,32.78767000035629],[-116.97402600036703,32.78767000035629],[-116.97400299990247,32.787671000239136],[-116.97381100028188,32.787671000239136],[-116.9732370001715,32.787671000239136],[-116.9730460003758,32.787671000239136],[-116.97262200005326,32.78766899971823],[-116.97134999998401,32.787664000303764],[-116.97092599966149,32.787664000303764],[-116.97090100044544,32.78767000035629],[-116.97049499966624,32.787666000069606],[-116.96993200032489,32.78766899971823],[-116.96920300040381,32.787666000069606],[-116.96877300023351,32.787665000186664],[-116.96874200027138,32.787662999665635],[-116.96824799962863,32.787662999665635],[-116.96770299983059,32.78766099989976],[-116.96764900030225,32.78766099989976],[-116.96667299961068,32.78766099989976],[-116.96614799990411,32.78766099989976],[-116.96587799956738,32.78766099989976],[-116.9650700000036,32.787662999665635],[-116.9648010003901,32.787664000303764],[-116.96474299976545,32.787662999665635],[-116.9645710002363,32.787662999665635],[-116.96451400033492,32.787662999665635],[-116.9643240003641,32.78766099989976],[-116.9641889997466,32.7876619997827],[-116.96375699992646,32.78766099989976],[-116.96356799978058,32.787662999665635],[-116.96349800035871,32.78766099989976],[-116.96329199959604,32.78766099989976],[-116.96322299999908,32.7876619997827],[-116.9630410004242,32.78766099989976],[-116.96292699972305,32.78766099989976],[-116.96249599972785,32.78766099989976],[-116.96231499997786,32.7876619997827],[-116.96231300032804,32.7872939998066],[-116.96230999995501,32.78619200036004],[-116.96230999995501,32.78582600015118],[-116.96230900013009,32.78565399995387],[-116.96230599975704,32.78513900029862],[-116.96230599975704,32.78496800019658],[-116.96230599975704,32.78479799968101],[-116.96230599975704,32.784287000040266],[-116.96230599975704,32.78411900033451],[-116.9623030002823,32.78404599990045],[-116.96230499993212,32.783371999756824],[-116.96230199955909,32.781132000373916],[-116.96230199955909,32.780386000359094],[-116.96263100034535,32.780386000359094],[-116.96361800000926,32.780386000359094],[-116.96394799972217,32.780388000288504],[-116.96407300029394,32.780388000288504],[-116.96444999986248,32.7803890002532],[-116.9645760002592,32.78039000021788],[-116.96476200003204,32.7803890002532],[-116.9653229997236,32.7803890002532],[-116.96551000021964,32.78039000021788],[-116.96572600012973,32.7803890002532],[-116.96637600040805,32.78039100018259],[-116.96659300014304,32.78039200014725],[-116.96702599978809,32.78039200014725],[-116.96832600034475,32.78039500004115],[-116.96875999981472,32.780396000005766],[-116.96912700023583,32.780396000005766],[-116.97022799970256,32.78039799993501],[-116.9705950001237,32.78039899989959],[-116.97099199978372,32.78039899989959],[-116.97218500021026,32.780399999864144],[-116.9725829996952,32.780400999828714],[-116.97267999977959,32.780399999864144],[-116.97297000020782,32.78039799993501],[-116.97306800011711,32.78039799993501],[-116.97322999960049,32.78039799993501],[-116.97371599984731,32.780399999864144],[-116.97387800022902,32.78040199979331],[-116.97393000010754,32.780399999864144],[-116.97408499991826,32.780399999864144],[-116.97413799962169,32.780399999864144],[-116.97422300001051,32.780399999864144],[-116.9742360004293,32.78040599965137],[-116.97449800037012,32.780551999635904],[-116.97458600023367,32.780601000068486],[-116.97470800043241,32.78066699982232],[-116.97507699960505,32.780865000300714],[-116.97519999962869,32.780931999817355],[-116.97533199987318,32.78100199991224],[-116.97573000025643,32.78121499973277],[-116.97583200036365,32.78126900032957],[-116.97586300032582,32.78128600031487],[-116.97590799963335,32.78130900002324],[-116.97604300025085,32.781380999728654],[-116.97608900028162,32.78140500012101],[-116.97635899972003,32.78155599973471],[-116.97637499961357,32.78156500005374],[-116.97716899983195,32.78201000000565],[-116.9774390001687,32.782162000047805],[-116.97753899972781,32.78221799995814],[-116.9778409998516,32.782386000232826],[-116.97794200013394,32.78244200000217],[-116.97804000004324,32.78249699979522],[-116.97833700014415,32.782662999664815],[-116.97843599987834,32.78271900001499],[-116.97846600001559,32.78273599972322],[-116.97855800007709,32.782787000338935],[-116.97858900003922,32.782805999909236],[-116.97869500034444,32.782866999853766],[-116.97901800038463,32.78305100012648],[-116.97912600033966,32.7831139997712],[-116.97917499984517,32.78313899962983],[-116.97918499989088,32.78314599992129],[-116.97922599989877,32.78317099977092],[-116.97932399980807,32.78319399974723],[-116.97946299972524,32.78317999992656],[-116.97943900033411,32.78319700030195],[-116.97938699955726,32.78322899966694]]]}},{"type":"Feature","properties":{"GEOID":"06073009804","NAME":"Census Tract 98.04","BASENAME":"98.04","in_district_share":0.0181},"geometry":{"type":"Polygon","coordinates":[[[-117.00527800013101,32.80941299963932],[-117.0054179998731,32.80900800021618],[-117.00545300003319,32.80887000030996],[-117.00552699965306,32.80849700001092],[-117.00558899957733,32.808123999656516],[-117.00559699997325,32.808053000114114],[-117.00563299995828,32.80774699986338],[-117.00565200022483,32.80750399980209],[-117.00566800011836,32.80527599964876],[-117.00570499992828,32.80261000014463],[-117.00581299988332,32.80263400009406],[-117.00585600043932,32.80264299979029],[-117.00594799960254,32.80266399983299],[-117.00601000042512,32.80267100009784],[-117.00610134921335,32.802682304132006],[-117.00612,32.80946],[-117.0052565056673,32.80946601319173],[-117.00527800013101,32.80941299963932]]]}},{"type":"Feature","properties":{"GEOID":"06073013607","NAME":"Census Tract 136.07","BASENAME":"136.07","in_district_share":0.0076},"geometry":{"type":"MultiPolygon","coordinates":[[[[-116.96234400029017,32.745441000300794],[-116.96243200015375,32.74541700003372],[-116.96281200009534,32.745322000014994],[-116.96395299974506,32.74504100004265],[-116.96433400040985,32.74494699998588],[-116.96430799957227,32.74499899994916],[-116.96423099957939,32.74515600001746],[-116.96420600036333,32.745209000218715],[-116.96413600004314,32.74535099983263],[-116.96406099970007,32.74550800003621],[-116.96397600020956,32.7456409997564],[-116.96388900017095,32.745753000162104],[-116.96386999990436,32.745779000290135],[-116.96378500041386,32.74587300022465],[-116.96366599968985,32.74598599993435],[-116.96352599994776,32.74609999985057],[-116.96334900039575,32.74622099979425],[-116.96271199963792,32.74666199978414],[-116.96258199994156,32.746773999661784],[-116.96247599963634,32.74688299988652],[-116.9624430000244,32.74691700014423],[-116.9623240001987,32.74706499982588],[-116.96229300023657,32.74711199988261],[-116.96222200009146,32.74722099969381],[-116.96215099994635,32.74735999962689],[-116.96214000007569,32.74738200021063],[-116.9620770003265,32.747538000279],[-116.9620279999227,32.747712000003915],[-116.96202782633705,32.74771302472089],[-116.96204,32.7468],[-116.96324,32.74598],[-116.9621,32.74568],[-116.9621020597356,32.745510914432934],[-116.96234400029017,32.745441000300794]]],[[[-116.9541069998021,32.75124999977451],[-116.95398200012862,32.75124900023798],[-116.95360700020989,32.75124699965377],[-116.95356001967637,32.75124737864019],[-116.95356,32.75124],[-116.95416141500958,32.75124999977451],[-116.9541069998021,32.75124999977451]]],[[[-116.95776700037429,32.75131999979243],[-116.95766000024415,32.75131999979243],[-116.95719099971578,32.75131999979243],[-116.95703500008018,32.75132100008375],[-116.95673799997927,32.75131999979243],[-116.9558469996765,32.751322999910705],[-116.95562300026882,32.75132400020192],[-116.95562300026882,32.75127430166718],[-116.95777,32.75131],[-116.95777004856353,32.75131883856356],[-116.95776700037429,32.75131999979243]]],[[[-116.9599502602813,32.75132081969186],[-116.95995,32.75132],[-116.9600050952717,32.75131945718944],[-116.9599502602813,32.75132081969186]]],[[[-116.96197500021925,32.751309000365296],[-116.96172900017194,32.751309000365296],[-116.96106646292245,32.751309000365296],[-116.96197509394102,32.75130004833556],[-116.96197500021925,32.751309000365296]]]]}},{"type":"Feature","properties":{"GEOID":"06073016502","NAME":"Census Tract 165.02","BASENAME":"165.02","in_district_share":1.0},"geometry":{"type":"Polygon","coordinates":[[[-116.95098299970543,32.808255000141486],[-116.95098100005558,32.808456000060715],[-116.95097900040577,32.808597999954955],[-116.95097900040577,32.808676000363995],[-116.95098100005558,32.80915299966247],[-116.95098299970543,32.80951899974845],[-116.95097900040577,32.81028999979378],[-116.95097100000984,32.812093999863315],[-116.95097100000984,32.81240000024668],[-116.9509540002914,32.812577999930696],[-116.95094900026855,32.81260299981106],[-116.95093000000197,32.812701999660995],[-116.95089400001694,32.81285000018421],[-116.95083999959026,32.81300899981355],[-116.95076599997043,32.81317599970204],[-116.95072300031275,32.813255999813165],[-116.95068200030485,32.813322000247005],[-116.950560999931,32.81352699990922],[-116.95019799970787,32.814141000248036],[-116.95007800005726,32.81434800020645],[-116.94997000010223,32.814563000101295],[-116.94995099983564,32.81460800008371],[-116.94987999969052,32.81478399996374],[-116.94980799972052,32.8150089998431],[-116.94975400019216,32.81523799970912],[-116.94972300023002,32.81544300023574],[-116.94971700038222,32.81548399998236],[-116.94970099959039,32.815732000219036],[-116.94968899989483,32.81588299967707],[-116.94965499955964,32.81633600028624],[-116.94964700006204,32.81645899974297],[-116.94964600023714,32.81648900010019],[-116.94963799984122,32.816651000193374],[-116.94962799979545,32.81690100005576],[-116.94962600014564,32.81714400009038],[-116.94962600014564,32.81730800035327],[-116.94962600014564,32.81748900017226],[-116.94962600014564,32.81803499981569],[-116.94962699997056,32.818216999957784],[-116.94962699997056,32.818398000189774],[-116.94962699997056,32.81894199971419],[-116.94962799979545,32.81912400026302],[-116.94963000034359,32.81957400011893],[-116.94963500036648,32.82028200004902],[-116.94965499955964,32.82059700030908],[-116.94969499974262,32.82092000005335],[-116.9497499999942,32.821237000081474],[-116.94975900021502,32.82136600034541],[-116.94975900021502,32.821453999674794],[-116.94976099986486,32.821721999668924],[-116.94976199968976,32.82181099965432],[-116.94976400023789,32.82217499994731],[-116.94976900026079,32.82286700019046],[-116.94975400019216,32.82300400001063],[-116.94972300023002,32.823138999896656],[-116.94968100039722,32.82325599983327],[-116.94967600037435,32.82327000013796],[-116.94960600005415,32.82340899980819],[-116.94953599973395,32.82351799977756],[-116.9494970002742,32.82356899964806],[-116.9494470000455,32.82354300035422],[-116.9492999997324,32.823465000162344],[-116.94925200005183,32.82343900008321],[-116.94908399982234,32.82335199993714],[-116.94858199968199,32.82309000025814],[-116.94841500017576,32.82300400001063],[-116.94823500025068,32.82291000001352],[-116.94769499957721,32.82262800018025],[-116.94751499965214,32.82253500003091],[-116.94742900033674,32.822490000289015],[-116.94717099969557,32.822355000171484],[-116.94708500038014,32.82231099983165],[-116.94658200041492,32.822049000101764],[-116.94617900000878,32.82184000021557],[-116.9461039996657,32.82180199963442],[-116.94588199990787,32.82168800005807],[-116.94580900011294,32.82165000016681],[-116.94572000042446,32.821603999720395],[-116.94564000005853,32.8215629997784],[-116.94558700035506,32.82154100016996],[-116.94546400033141,32.821491999649886],[-116.94529600010193,32.82143999983876],[-116.94512299984957,32.821401000337936],[-116.94493000040404,32.821374999654616],[-116.94486900030466,32.82137100012953],[-116.94476800002234,32.8213650000866],[-116.94462300025738,32.821362000065],[-116.94441700039305,32.821360000302185],[-116.94380200027483,32.821357000280436],[-116.94359700023539,32.821357000280436],[-116.94305200043738,32.82135400025856],[-116.94141999961967,32.82134699995551],[-116.94087599964655,32.82134500019236],[-116.94061500042896,32.82134200017004],[-116.94012099978623,32.82133900014767],[-116.93997500019636,32.821327000057174],[-116.93983799992901,32.82130200036665],[-116.93981600018772,32.82129900034293],[-116.9396760004456,32.82126100028522],[-116.93958900040698,32.821231000029535],[-116.9395349999803,32.82121100010508],[-116.93942500037545,32.82117100024272],[-116.93940500028397,32.82115999963573],[-116.93928499973505,32.8211010000627],[-116.93888999972484,32.8208759997576],[-116.93871999984553,32.820779999997576],[-116.93842500029274,32.82079099989667],[-116.93825600023834,32.82079899975382],[-116.93811099957509,32.82080499983499],[-116.93805500039687,32.82080499983499],[-116.93754300021081,32.82080499983499],[-116.93724899958464,32.82080499983499],[-116.93710100034494,32.82080499983499],[-116.93666000030399,32.82080499983499],[-116.93651299999087,32.82080600010011],[-116.93611700015576,32.82080499983499],[-116.93492899975207,32.82080499983499],[-116.93453399974186,32.82080600010011],[-116.93473499958331,32.82058300033804],[-116.93534100037903,32.8199180003035],[-116.93539599973231,32.819857999629804],[-116.93549000034196,32.8197299997181],[-116.93552100030409,32.81967899990833],[-116.93552999962661,32.81966499979258],[-116.93560400014478,32.81952099966045],[-116.93565900039636,32.8193839997532],[-116.93569899968102,32.81923699982713],[-116.93572399979537,32.819063999808],[-116.93572399979537,32.81900400006743],[-116.9357260003435,32.81882599966756],[-116.9357260003435,32.818655000181735],[-116.9357260003435,32.81814300004458],[-116.9357260003435,32.81797399983813],[-116.93572499962029,32.817849000372085],[-116.93572499962029,32.81747299986108],[-116.93572499962029,32.81735000029824],[-116.93572499962029,32.817307000048764],[-116.93572499962029,32.81717799993039],[-116.93572499962029,32.81713599990411],[-116.93572399979537,32.81707899978275],[-116.93572399979537,32.81690999981726],[-116.93572399979537,32.81685500017015],[-116.93572399979537,32.816760999706126],[-116.93572399979537,32.81648500035514],[-116.93572399979537,32.81639399968913],[-116.93572299997044,32.81619500023919],[-116.93572299997044,32.815603999647536],[-116.93572299997044,32.815406999834984],[-116.93572299997044,32.8152100003407],[-116.93572399979537,32.814618999992064],[-116.93572499962029,32.81442299984261],[-116.93572399979537,32.81421099987218],[-116.93572299997044,32.81358000016852],[-116.93572299997044,32.81336999963946],[-116.93572200014555,32.812997999705935],[-116.93572200014555,32.8118880003047],[-116.93572200014555,32.811518000191484],[-116.93572299997044,32.81115499964442],[-116.93572799999333,32.81006999971075],[-116.93572999964316,32.80970900006924],[-116.93572899981824,32.809509999993374],[-116.93572899981824,32.80891199971325],[-116.93572899981824,32.80876000008904],[-116.93572899981824,32.80871399976406],[-116.93572899981824,32.808512000024805],[-116.93572999964316,32.807906999972936],[-116.93573100036639,32.80770600032222],[-116.93616099963837,32.80770600032222],[-116.93707799988042,32.80770900004987],[-116.93745100014931,32.80770900004987],[-116.93788200014455,32.807709999707384],[-116.93833499988105,32.80770900004987],[-116.93969399998898,32.80770699997977],[-116.9401469997255,32.8077079996373],[-116.94103800002826,32.80770699997977],[-116.94371400041126,32.807709999707384],[-116.94460599964061,32.80771100011994],[-116.94529500027701,32.80770699997977],[-116.94736300021451,32.807702000181784],[-116.9480529997775,32.807702000181784],[-116.94863899958341,32.80769899969885],[-116.9503979997244,32.80769500031319],[-116.95098500025355,32.80769399990046],[-116.95098299970543,32.808059000300936],[-116.95098299970543,32.808255000141486]]]}},{"type":"Feature","properties":{"GEOID":"06073015706","NAME":"Census Tract 157.06","BASENAME":"157.06","in_district_share":1.0},"geometry":{"type":"Polygon","coordinates":[[[-116.9482019997404,32.79404100004176],[-116.9482019997404,32.794105000019805],[-116.9482019997404,32.79426600032727],[-116.9482019997404,32.7947549998304],[-116.9482019997404,32.794918000074084],[-116.94747799984222,32.79491599971619],[-116.94531000034564,32.79491599971619],[-116.94458700027238,32.79491700027271],[-116.94458700027238,32.79465499982026],[-116.94458800009727,32.793869999685626],[-116.94458899992219,32.79360899974026],[-116.94458899992219,32.793435999672546],[-116.94459099957201,32.79292399999272],[-116.94459200029524,32.79275400033504],[-116.94459200029524,32.79260799998762],[-116.94459200029524,32.79216999977274],[-116.94459300012014,32.79202499981077],[-116.94459300012014,32.79188200003859],[-116.94459300012014,32.791452000257316],[-116.94459399994507,32.791311000002814],[-116.94459399994507,32.79079099987942],[-116.94459499976999,32.7892339997426],[-116.94459599959491,32.78871600005592],[-116.94459599959491,32.78861699992408],[-116.94459700031811,32.78835900004666],[-116.94459700031811,32.78832200012877],[-116.94459800014303,32.788311999862536],[-116.94459899996794,32.788224000190176],[-116.94459899996794,32.78811200034391],[-116.94459999979283,32.78777500007727],[-116.94460099961775,32.787664000303764],[-116.94468600000657,32.787664000303764],[-116.9449410002747,32.787664000303764],[-116.9450269995901,32.787664000303764],[-116.94522999997972,32.787662999665635],[-116.94562300034009,32.78766099989976],[-116.94584000007508,32.78766099989976],[-116.94604400028956,32.78766099989976],[-116.94621900019176,32.78766000001681],[-116.9467449997232,32.787658000250815],[-116.94692100034861,32.787659000133836],[-116.94717499989352,32.787658000250815],[-116.9479399997996,32.78765700036783],[-116.94819599989265,32.78765700036783],[-116.94819599989265,32.787837000271445],[-116.94819599989265,32.788377999937296],[-116.94819699971754,32.7885589997651],[-116.94819699971754,32.78905700000236],[-116.94819699971754,32.78910899988149],[-116.94819699971754,32.78939499980622],[-116.94819699971754,32.78954799992971],[-116.94819599989265,32.79075900021398],[-116.94819599989265,32.7913100001609],[-116.94819599989265,32.79161099964948],[-116.94819699971754,32.79251299972598],[-116.94819800044077,32.79281600007902],[-116.94819800044077,32.792952000340506],[-116.94819900026567,32.79336300008862],[-116.9482000000906,32.79350000008605],[-116.9482000000906,32.79352299965701],[-116.9482000000906,32.79359400023222],[-116.94820099991551,32.79361800035002],[-116.94820099991551,32.79365200012829],[-116.9482019997404,32.793754000140105],[-116.9482029995653,32.79378899968042],[-116.9482019997404,32.79385200002648],[-116.9482019997404,32.79404100004176]]]}},{"type":"Feature","properties":{"GEOID":"06073015705","NAME":"Census Tract 157.05","BASENAME":"157.05","in_district_share":1.0},"geometry":{"type":"Polygon","coordinates":[[[-116.95327099975091,32.79492500019368],[-116.95314000022967,32.79492500019368],[-116.95213000010122,32.79492299983589],[-116.95150499993723,32.79492200003458],[-116.95096099996411,32.79492200003458],[-116.95063600027409,32.79492100023326],[-116.95027800007382,32.794919999676786],[-116.94966100030572,32.79491899987543],[-116.94933700044065,32.79491899987543],[-116.94915499996745,32.79491899987543],[-116.94861099999433,32.79491899987543],[-116.94843000024434,32.794919999676786],[-116.94838400021361,32.79491899987543],[-116.94824699994625,32.794918000074084],[-116.9482019997404,32.794918000074084],[-116.9482019997404,32.7947549998304],[-116.9482019997404,32.79426600032727],[-116.9482019997404,32.794105000019805],[-116.9482019997404,32.79404100004176],[-116.9482019997404,32.79385200002648],[-116.9482029995653,32.79378899968042],[-116.9482019997404,32.793754000140105],[-116.94820099991551,32.79365200012829],[-116.94820099991551,32.79361800035002],[-116.9482000000906,32.79359400023222],[-116.9482000000906,32.79352299965701],[-116.9482000000906,32.79350000008605],[-116.94819900026567,32.79336300008862],[-116.94819800044077,32.792952000340506],[-116.94819800044077,32.79281600007902],[-116.94819699971754,32.79251299972598],[-116.94819599989265,32.79161099964948],[-116.94819599989265,32.7913100001609],[-116.94819599989265,32.79075900021398],[-116.94819699971754,32.78954799992971],[-116.94819699971754,32.78939499980622],[-116.94819699971754,32.78910899988149],[-116.94819699971754,32.78905700000236],[-116.94819699971754,32.7885589997651],[-116.94819599989265,32.788377999937296],[-116.94819599989265,32.787837000271445],[-116.94819599989265,32.78765700036783],[-116.94874900008658,32.78765700036783],[-116.9504110001432,32.78766000001681],[-116.95096500016206,32.78766099989976],[-116.951334000233,32.78766099989976],[-116.95244399992056,32.78766099989976],[-116.95281499964132,32.78766099989976],[-116.95298100022099,32.78766099989976],[-116.9534819996381,32.78766099989976],[-116.95364900004267,32.7876619997827],[-116.95365300024065,32.78806400015086],[-116.95366599976111,32.789270000171435],[-116.953670999784,32.78967299992898],[-116.95367199960889,32.78978199974271],[-116.95367499998194,32.79010999974806],[-116.95367699963178,32.79021999963559],[-116.95367699963178,32.790719000238475],[-116.95368000000484,32.79221600035184],[-116.95368099982976,32.79271600015391],[-116.95368099982976,32.79298200032576],[-116.95368099982976,32.793157999985],[-116.95368199965465,32.79418400011796],[-116.95368300037788,32.794483000083474],[-116.95368500002768,32.79492599999495],[-116.95327099975091,32.79492500019368]]]}},{"type":"Feature","properties":{"GEOID":"06073015408","NAME":"Census Tract 154.08","BASENAME":"154.08","in_district_share":0.8886},"geometry":{"type":"Polygon","coordinates":[[[-116.93679000000031,32.77135000002149],[-116.9370920001241,32.77140700000405],[-116.93762900042454,32.771478000103485],[-116.93817099984955,32.77151799966652],[-116.93832800020837,32.77153199981146],[-116.93866499959395,32.771566999786494],[-116.93884000039444,32.77159800024925],[-116.93896000004504,32.77161699994275],[-116.939184000351,32.77167000025904],[-116.93931300022247,32.77170700030438],[-116.93935400023034,32.771710999797996],[-116.93940199991093,32.77172299978841],[-116.93943000039832,32.771743000272444],[-116.93950999986593,32.77177600004157],[-116.93975000006544,32.77187500003083],[-116.93982899970818,32.77191300005089],[-116.93993800038643,32.77196500013155],[-116.94011099974047,32.77206299985234],[-116.94022899974127,32.772139999773074],[-116.94061899972858,32.772395999746685],[-116.940795000354,32.77251900032482],[-116.94097199990601,32.77266200025513],[-116.94113599993753,32.772813999649216],[-116.94128700044861,32.77297700006759],[-116.94130699964177,32.77300099970541],[-116.94144399990913,32.773169000010604],[-116.94158600019935,32.773368999888476],[-116.94163200023009,32.77344300006172],[-116.9416480001236,32.77347399987103],[-116.94174699985783,32.77365499980914],[-116.9418089997821,32.773803999657126],[-116.941857000361,32.77391700018159],[-116.94199799992798,32.774247999869324],[-116.94242399990036,32.775244999944405],[-116.94252400035775,32.77547999963544],[-116.94257000038853,32.77557599997989],[-116.94263700033567,32.77570800009567],[-116.94264200035855,32.775717000250886],[-116.94278899977333,32.775977999825486],[-116.9428630002915,32.77609399989427],[-116.9429429997591,32.77621999992785],[-116.94305900011005,32.77617300012801],[-116.94313600010295,32.77615699993336],[-116.94321800011873,32.77615399989652],[-116.94329799958633,32.77616300000669],[-116.94337499957923,32.776184000260166],[-116.94344700044759,32.77621699989314],[-116.94350199980086,32.77625500032509],[-116.94495399979517,32.77728799980891],[-116.94543900021708,32.77763199974285],[-116.94598099964206,32.778018000258946],[-116.94618900005452,32.77816700035458],[-116.94629299981159,32.77822399974736],[-116.9468910002114,32.77854800013362],[-116.94771999969156,32.77899600001105],[-116.94787899970022,32.77909100035941],[-116.94818500002198,32.77934200009215],[-116.94818400019706,32.77942399963475],[-116.94823400042577,32.77953299992294],[-116.94826200001486,32.779595999792996],[-116.94830200019783,32.779694000173606],[-116.94832399993915,32.779994999696505],[-116.94831700026644,32.780120000280604],[-116.94830899987055,32.78019799999418],[-116.94825199996912,32.78040299975785],[-116.94819599989265,32.78039899989959],[-116.94810899985397,32.78039500004115],[-116.94788600027123,32.780382999709566],[-116.94783900041557,32.780376999920804],[-116.94759599984299,32.78035100007615],[-116.94730799996292,32.78030400019253],[-116.94702400028076,32.78024399996757],[-116.9467299996546,32.780165000327045],[-116.94670200006549,32.780154999899146],[-116.94644099994959,32.78007100033845],[-116.94633700019251,32.7800320000569],[-116.94628100011603,32.780008000049456],[-116.94611399971144,32.77993599998821],[-116.94605900035818,32.77991299992492],[-116.94595300005295,32.779859999986215],[-116.94580800028803,32.779786999833775],[-116.94564199970836,32.779691000256015],[-116.94553999960111,32.77963300031932],[-116.94546699980619,32.77958300013519],[-116.94524900024629,32.77943400014488],[-116.94517700027626,32.77938499982488],[-116.94510199993319,32.779321999805425],[-116.94488000017532,32.77913300023465],[-116.9448070003804,32.77907100001627],[-116.94477200022028,32.779034999991424],[-116.94467000011305,32.7789339996972],[-116.94463599977786,32.778900000335085],[-116.94462800028025,32.77889199972803],[-116.94446500007363,32.778706999933604],[-116.94435299992065,32.77881500036249],[-116.94431100008786,32.778843999846885],[-116.94423099972191,32.77892299990501],[-116.94419300008707,32.778961999917385],[-116.94415100025427,32.77900399985346],[-116.94410600004842,32.77904799972931],[-116.94403099970536,32.779119999753846],[-116.94398600039784,32.77916200037068],[-116.94394500038996,32.77920000030026],[-116.94390699985681,32.77923400030298],[-116.9438580003513,32.779281999973726],[-116.94381399997037,32.779321999805425],[-116.94377799998537,32.77935899969041],[-116.94374000035056,32.77939700029109],[-116.94369900034266,32.77943800004651],[-116.94366599983239,32.77947699983316],[-116.94363300022042,32.77951499962819],[-116.94359899988522,32.77955800003255],[-116.9435550004026,32.77959699976659],[-116.9435059999988,32.779637000211956],[-116.94346199961788,32.77967999980213],[-116.94342900000592,32.779719000237975],[-116.94339999969358,32.779757999901435],[-116.94336299988369,32.779795000360394],[-116.94332699989866,32.77983200004864],[-116.94328800043891,32.77987099966258],[-116.94325300027883,32.779910999984764],[-116.94320800007299,32.779950000319346],[-116.94315600019443,32.78000900001842],[-116.94307500000359,32.78008899976545],[-116.94263200031281,32.78054699982145],[-116.94275799981119,32.780610999690985],[-116.94296100020078,32.78072399987932],[-116.94397200015412,32.78175299979579],[-116.94524599987322,32.78305100012648],[-116.94520999988822,32.78306400003282],[-116.9451310002455,32.78309800006945],[-116.94502999996315,32.783074000133816],[-116.94501099969659,32.783071000330246],[-116.94486500010672,32.78306000029426],[-116.94471899961854,32.7830649999675],[-116.94464199962562,32.783074000133816],[-116.94458999974711,32.78308099967514],[-116.94446400024874,32.78310900010072],[-116.94443199956336,32.78311900019665],[-116.94434000040015,32.78314599992129],[-116.9440840003071,32.78324699996553],[-116.94355299985446,32.783455999977086],[-116.9430480002394,32.7836560001463],[-116.9427519999634,32.78377399987666],[-116.94270299955961,32.78379100013848],[-116.94273299969683,32.78384400000111],[-116.94277399970473,32.78391400007053],[-116.94284599967473,32.784012000226205],[-116.94287199961398,32.784024999992134],[-116.94289500007852,32.78404000035872],[-116.94278899977333,32.78412900031691],[-116.94278899977333,32.78425299970284],[-116.94278899977333,32.78443600021059],[-116.94278999959822,32.784540000054875],[-116.94278999959822,32.78474800013393],[-116.94279100032146,32.78507399999821],[-116.94277500042793,32.785117999893025],[-116.94268199964318,32.78535100012329],[-116.94260600037353,32.78554500036798],[-116.94255000029702,32.78567600013814],[-116.94239999961088,32.7860330003429],[-116.94238899974022,32.7860710003586],[-116.94237500039485,32.7861260001737],[-116.94236699999892,32.78621099995834],[-116.94236699999892,32.78633600011603],[-116.94236699999892,32.78660899975308],[-116.94236799982384,32.78671399997129],[-116.94236799982384,32.78684099996176],[-116.94236799982384,32.78700500025201],[-116.94236799982384,32.787502000242874],[-116.94236899964875,32.787667999835364],[-116.94216600015747,32.78766699995249],[-116.94155900043516,32.78766699995249],[-116.94135699987048,32.787667999835364],[-116.94128400007556,32.78766699995249],[-116.94106800016549,32.78766899971823],[-116.94099600019545,32.78767000035629],[-116.94069599972148,32.78766899971823],[-116.93979600009621,32.78766699995249],[-116.93949599962224,32.78766699995249],[-116.93905200010656,32.787666000069606],[-116.9377199997628,32.787666000069606],[-116.93727700007203,32.787666000069606],[-116.93715999989615,32.787666000069606],[-116.93681000009181,32.787666000069606],[-116.93669399974085,32.78766699995249],[-116.93663199981658,32.78766699995249],[-116.93644900041676,32.78766699995249],[-116.93640500003583,32.787667999835364],[-116.9363880003174,32.787667999835364],[-116.93631499962417,32.78766699995249],[-116.93609600023936,32.78766699995249],[-116.93602400026933,32.787667999835364],[-116.9358739995832,32.78766699995249],[-116.9354250000446,32.787666000069606],[-116.93527600008173,32.787666000069606],[-116.93510799985222,32.787666000069606],[-116.93460599971189,32.78766699995249],[-116.93443900020561,32.787667999835364],[-116.9342750001741,32.78766699995249],[-116.93378300007952,32.78766699995249],[-116.93361900004797,32.78766699995249],[-116.9333319999928,32.78766699995249],[-116.93247099982726,32.78766699995249],[-116.93218399977208,32.78766699995249],[-116.93137500038341,32.78766699995249],[-116.92967899999164,32.787667999835364],[-116.9292420001486,32.787667999835364],[-116.92895099989545,32.78766899971823],[-116.92814300033169,32.78767000035629],[-116.9280649996156,32.787504000012305],[-116.92800199986638,32.787332999925454],[-116.92797099990425,32.78721600027282],[-116.9279530003609,32.78714599978093],[-116.92792400004859,32.78696899966163],[-116.927912000353,32.78677500025696],[-116.927904999782,32.785761000352835],[-116.92790300013219,32.785275000215755],[-116.92789899993421,32.78468899980143],[-116.92788800006359,32.783117000328566],[-116.92788700023866,32.78293500006458],[-116.92788399986561,32.78235000003883],[-116.92787899984275,32.782209999649396],[-116.927868999797,32.782147000119764],[-116.92785600027653,32.782060000336344],[-116.92783399963689,32.781981999989426],[-116.92781500026864,32.78191299985789],[-116.92775400016929,32.78176300004414],[-116.92765600025996,32.78156999981094],[-116.92737800042562,32.78102199982132],[-116.92735999998396,32.780974000334055],[-116.9273139999532,32.780853000032515],[-116.9272779999682,32.780713000308424],[-116.92726200007469,32.780617000219245],[-116.92726100024977,32.78045200027242],[-116.92727600031839,32.78032300029308],[-116.92728100034128,32.780287999985426],[-116.92732200034912,32.78012700005439],[-116.92732999984675,32.780102000104606],[-116.92739500014407,32.779946999655174],[-116.92760500020636,32.77950799980627],[-116.92773300025289,32.77924300010161],[-116.92774800032147,32.77919299969832],[-116.92779600000208,32.77904699974955],[-116.92780799969763,32.77899799997171],[-116.92783199998705,32.77889199972803],[-116.92784700005569,32.77882800013251],[-116.927876000368,32.778609999961205],[-116.92787700019292,32.77857399974984],[-116.92788399986561,32.778466999770046],[-116.92788300004071,32.77842600032249],[-116.92787999966764,32.778303000355905],[-116.92787899984275,32.77826300006611],[-116.92787899984275,32.778199000018176],[-116.92787899984275,32.778008000344954],[-116.92787899984275,32.77794500010583],[-116.92787899984275,32.77793200020675],[-116.92787899984275,32.77789299974291],[-116.92787899984275,32.77788099982916],[-116.92787800001784,32.77753300011551],[-116.92787499964477,32.776490999623306],[-116.92787499964477,32.77614399977306],[-116.92787499964477,32.776066000282164],[-116.92787499964477,32.776049000054826],[-116.92787499964477,32.77583499993634],[-116.927876000368,32.77575900020806],[-116.92787399981987,32.775470000191554],[-116.92787100034514,32.77460299979777],[-116.92787100034514,32.77431399980361],[-116.92787100034514,32.774062000203145],[-116.92787200017005,32.77330800023018],[-116.9278729687002,32.773064856455534],[-116.93646,32.77305],[-116.93647629071958,32.771274311565016],[-116.93679000000031,32.77135000002149]]]}},{"type":"Feature","properties":{"GEOID":"06073015601","NAME":"Census Tract 156.01","BASENAME":"156.01","in_district_share":1.0},"geometry":{"type":"Polygon","coordinates":[[[-116.93573300001621,32.79534099962299],[-116.93573300001621,32.79549400008902],[-116.93567000026702,32.79552700011059],[-116.93552700015188,32.79560400011326],[-116.93548299977095,32.79562900023708],[-116.93542199967158,32.79566600013565],[-116.93523199970078,32.79578600012922],[-116.93520199956356,32.79580700028136],[-116.93499999989719,32.79595200011767],[-116.93479300020796,32.796120999914926],[-116.93470100014642,32.796205000177196],[-116.93461699958254,32.79628300013397],[-116.93453899976475,32.79636100002227],[-116.93452100022141,32.796377000358795],[-116.93446900034286,32.79642700016477],[-116.93445199972611,32.79644400027363],[-116.93418700031054,32.796694000344274],[-116.93339200026725,32.797443000341325],[-116.93312799977828,32.797693999638625],[-116.93292799976174,32.79788200002605],[-116.93233100008517,32.79844499979658],[-116.93213299971848,32.79863399986587],[-116.93180800002845,32.798939999773445],[-116.93083499970993,32.79985799997306],[-116.9305109998448,32.80016499994088],[-116.93045899996629,32.80016499994088],[-116.93030199960744,32.80016499994088],[-116.93025099955383,32.80016700018069],[-116.93018299978178,32.80016700018069],[-116.92997899956727,32.80016700018069],[-116.9299119996201,32.80016799992302],[-116.92983499962722,32.80016799992302],[-116.9296070000216,32.80017000016276],[-116.9295309998536,32.80017099990512],[-116.92946499973138,32.80017099990512],[-116.92926999973768,32.80017099990512],[-116.9292060001636,32.800171999647404],[-116.92875000005401,32.80017399988705],[-116.9273830004485,32.80017900010842],[-116.92692800016385,32.80018200009014],[-116.92692800016385,32.800012999705594],[-116.92692800016385,32.79950899964934],[-116.92692800016385,32.79934100000247],[-116.92692700033894,32.79919400014547],[-116.92692599961569,32.798758000172484],[-116.92692599961569,32.79861299962633],[-116.92692599961569,32.79846500031434],[-116.92692899998875,32.798022999678146],[-116.92692999981365,32.79787599990734],[-116.92692899998875,32.79759300014196],[-116.92692899998875,32.79674799985035],[-116.92692899998875,32.79646600005434],[-116.92676999998011,32.79646699983828],[-116.92629299995413,32.79646900016128],[-116.92613499977037,32.79647099972915],[-116.9258419998674,32.79647200026819],[-116.92496599963326,32.79647699994263],[-116.92467399955521,32.79647900026546],[-116.92390600017443,32.796480999833044],[-116.92160499971013,32.79649199971948],[-116.92135799983792,32.79649499982561],[-116.92126199957845,32.79648200037197],[-116.92116899969201,32.796455000164684],[-116.92108300037664,32.7964170000548],[-116.92100200018577,32.796363000347654],[-116.92090099990341,32.79627399979393],[-116.92097200004855,32.79624000026305],[-116.92109300042235,32.79617000007757],[-116.92110199974488,32.79616300005598],[-116.92122399994362,32.79607300026879],[-116.921321000028,32.795980000267114],[-116.92140300004377,32.7958779997881],[-116.92146900016598,32.795768000102754],[-116.92151799967148,32.79565100021944],[-116.92152199986944,32.79563300016565],[-116.92154899963361,32.795530000249215],[-116.92156100022748,32.795406999767486],[-116.92156100022748,32.795357999939526],[-116.92155799985446,32.795339999826375],[-116.92154399961075,32.795223999933036],[-116.92152100004454,32.795145999802465],[-116.92150299960288,32.79508300037316],[-116.92146900016598,32.79497000030203],[-116.92136899970858,32.7946340001512],[-116.9213360000966,32.79452299987633],[-116.92132299967781,32.79447999990952],[-116.92128500004297,32.79435599967797],[-116.92127300034741,32.79431500000181],[-116.92117999956267,32.79399899965352],[-116.92090099990341,32.793055000222374],[-116.92080899984191,32.7927399997535],[-116.9206459996353,32.79244000013957],[-116.92038000039483,32.791947999729636],[-116.92027499991453,32.791776000043264],[-116.92015400043901,32.79161300008171],[-116.92011599990586,32.79156899962393],[-116.92002899986724,32.79146899980692],[-116.91987999990431,32.791324000212384],[-116.91952099987913,32.791002999826304],[-116.9187469997522,32.7903109999134],[-116.91863499959922,32.790192999792495],[-116.91852499999437,32.79005699984293],[-116.91848800018445,32.79000200019297],[-116.9184289997349,32.789913000069525],[-116.91833500002357,32.78973799988937],[-116.91826899990136,32.789575999830035],[-116.91822500041872,32.78946400017582],[-116.91809599964897,32.789126999745456],[-116.91805299999126,32.78901700001653],[-116.91802700005199,32.78893500025367],[-116.91800000028783,32.788846999687294],[-116.91796000010486,32.78868700001346],[-116.91794000001339,32.78860499994638],[-116.91790400002836,32.788437999962746],[-116.91789700035567,32.78839500007451],[-116.91786200019557,32.78816499989764],[-116.9178439997539,32.78794000003568],[-116.91782399966243,32.787760000340505],[-116.91780199992111,32.78754800021558],[-116.91778199982963,32.78739999985732],[-116.91777000013406,32.78720699977034],[-116.91777599998184,32.78706999989656],[-116.91777799963167,32.787028999882324],[-116.91780600011909,32.786838000285215],[-116.9178510003249,32.786663999990765],[-116.9179130002492,32.786492999799435],[-116.9179850002192,32.78633999970736],[-116.91808700032648,32.78616799974867],[-116.91818900043371,32.786027000179935],[-116.91831400010717,32.78588299992368],[-116.91839199992499,32.785805999811636],[-116.91845300002437,32.78574800008538],[-116.91860500036033,32.785623999762436],[-116.91876900039186,32.785510999756134],[-116.91884399983661,32.785470999686105],[-116.91890099973803,32.78544499981975],[-116.91898799977665,32.78540700029187],[-116.91913900028771,32.78535700033186],[-116.91929599974821,32.785320999829665],[-116.91932500006054,32.78531700019252],[-116.91947300019855,32.785299000312776],[-116.91953500012282,32.785293000100296],[-116.91965499977343,32.785292000190736],[-116.92020399976944,32.785291000281156],[-116.92038700006754,32.785291000281156],[-116.92055699994684,32.78529000037156],[-116.92106900013293,32.78528899970673],[-116.92123999983716,32.78528899970673],[-116.92140899989153,32.78529000037156],[-116.9219190004278,32.785293000100296],[-116.92208900030711,32.785294999919465],[-116.92226800040726,32.785292000190736],[-116.92280700035751,32.78528599997779],[-116.92298700028256,32.78528500006814],[-116.92312799984956,32.78528500006814],[-116.92355100034716,32.78528500006814],[-116.92369299973909,32.78528500006814],[-116.9237920003716,32.78528500006814],[-116.92409100012233,32.78528500006814],[-116.92419099968144,32.78528500006814],[-116.92424500010813,32.78528500006814],[-116.92440999996457,32.78528500006814],[-116.92446500021614,32.78528500006814],[-116.92453800001107,32.78528300024882],[-116.92475700029419,32.78528300024882],[-116.92483099991405,32.78528300024882],[-116.92526000025944,32.78527999976445],[-116.92654900004715,32.785277999945],[-116.92697900021746,32.785277000035265],[-116.92716300034047,32.78527600012552],[-116.92771800018426,32.785275000215755],[-116.92790300013219,32.785275000215755],[-116.927904999782,32.785761000352835],[-116.927912000353,32.78677500025696],[-116.92792400004859,32.78696899966163],[-116.9279530003609,32.78714599978093],[-116.92797099990425,32.78721600027282],[-116.92800199986638,32.787332999925454],[-116.9280649996156,32.787504000012305],[-116.92814300033169,32.78767000035629],[-116.92815900022524,32.78769899997518],[-116.92824899973861,32.78784500007414],[-116.92827300002806,32.787877999913306],[-116.92835099984585,32.787985999781874],[-116.92847499969439,32.78812999965443],[-116.92860199991603,32.78825600001246],[-116.92878199984106,32.78841100033391],[-116.92897000016202,32.78857200037693],[-116.92938299971559,32.78892199969491],[-116.93062299999784,32.78997600014069],[-116.9310370002746,32.7903279996811],[-116.9311350001839,32.79041200012931],[-116.93143200028481,32.79066400024271],[-116.93153100001904,32.7907490002218],[-116.93178799993697,32.7909679999447],[-116.93256100023895,32.791628999762196],[-116.9328189999818,32.791849000174714],[-116.9329789998154,32.791983999815095],[-116.9334600000393,32.79238899977227],[-116.9336209996978,32.79252400010327],[-116.93370299971359,32.79259199972808],[-116.93394899976087,32.79279900003173],[-116.93403099977661,32.792868000025855],[-116.93453700011491,32.79330099997084],[-116.93529500034828,32.79395100037226],[-116.93540900015111,32.79406699966079],[-116.9355079998853,32.794192999914436],[-116.93559699957378,32.79433999973294],[-116.93565400037349,32.79446799996772],[-116.93569700003118,32.79460099979822],[-116.93571700012268,32.79469200012409],[-116.93573300001621,32.7948260001771],[-116.93573600038924,32.79484699980083],[-116.93573300001621,32.79534099962299]]]}},{"type":"Feature","properties":{"GEOID":"06073015701","NAME":"Census Tract 157.01","BASENAME":"157.01","in_district_share":1.0},"geometry":{"type":"Polygon","coordinates":[[[-116.95097100000984,32.79998100033835],[-116.95097100000984,32.80020200021714],[-116.9507840004121,32.80020099972009],[-116.95022600019526,32.800199000236155],[-116.95004000042243,32.800199000236155],[-116.94986999964479,32.80019799973907],[-116.94936300037992,32.80019799973907],[-116.9491940003255,32.80019799973907],[-116.94902799974584,32.800196000255],[-116.94852999980348,32.800194999757885],[-116.9483640001221,32.800194999757885],[-116.94793300012688,32.80019000029252],[-116.94664000014122,32.80018100034796],[-116.94620999997092,32.80017900010842],[-116.94588199990787,32.80017800036621],[-116.94489799971866,32.800174999629306],[-116.94456999965561,32.800174999629306],[-116.94438200023295,32.80017399988705],[-116.94381999981816,32.80017300014478],[-116.94363300022042,32.80017300014478],[-116.94353199993809,32.80017300014478],[-116.94346499999092,32.80017300014478],[-116.94332199987579,32.80017300014478],[-116.94258299990899,32.80017099990512],[-116.94232099996819,32.80017099990512],[-116.94219700011962,32.800171999647404],[-116.94182600039886,32.800176000126655],[-116.9417030003752,32.80017999985068],[-116.94158799984916,32.80017900010842],[-116.94142700019067,32.80017900010842],[-116.94112900026484,32.80017999985068],[-116.94084800005744,32.80017900010842],[-116.94077799973726,32.80017999985068],[-116.94065300006378,32.80017900010842],[-116.9402809996198,32.80017900010842],[-116.94015699977125,32.80017999985068],[-116.9399159997468,32.80017900010842],[-116.93919600004659,32.80018100034796],[-116.93895599984707,32.80018200009014],[-116.93876500005138,32.80018100034796],[-116.93819199976593,32.80017900010842],[-116.93800199979513,32.80017900010842],[-116.93754900005861,32.80017900010842],[-116.93692499971954,32.80017900010842],[-116.93619300032374,32.80017900010842],[-116.93574100041212,32.80017999985068],[-116.93550000038769,32.80017800036621],[-116.93501499996582,32.800176000126655],[-116.93477999978916,32.800176000126655],[-116.93453999958965,32.800176000126655],[-116.93448199986332,32.800174999629306],[-116.93430799978606,32.800174999629306],[-116.93425000005973,32.800174999629306],[-116.93415399980027,32.800174999629306],[-116.93386699974509,32.800174999629306],[-116.93377200020885,32.800174999629306],[-116.93328099993916,32.80017300014478],[-116.9318110004015,32.80016700018069],[-116.93132099995672,32.80016599968323],[-116.93115899957503,32.80016499994088],[-116.93067300022655,32.80016499994088],[-116.9305109998448,32.80016499994088],[-116.93083499970993,32.79985799997306],[-116.93180800002845,32.798939999773445],[-116.93213299971848,32.79863399986587],[-116.93233100008517,32.79844499979658],[-116.93292799976174,32.79788200002605],[-116.93312799977828,32.797693999638625],[-116.93339200026725,32.797443000341325],[-116.93418700031054,32.796694000344274],[-116.93445199972611,32.79644400027363],[-116.93446900034286,32.79642700016477],[-116.93452100022141,32.796377000358795],[-116.93453899976475,32.79636100002227],[-116.93461699958254,32.79628300013397],[-116.93470100014642,32.796205000177196],[-116.93479300020796,32.796120999914926],[-116.93499999989719,32.79595200011767],[-116.93520199956356,32.79580700028136],[-116.93523199970078,32.79578600012922],[-116.93542199967158,32.79566600013565],[-116.93548299977095,32.79562900023708],[-116.93552700015188,32.79560400011326],[-116.93567000026702,32.79552700011059],[-116.93573300001621,32.79549400008902],[-116.93585299966679,32.795435000088546],[-116.93603199976694,32.79535399999858],[-116.93609700006428,32.79532499985518],[-116.93636400002796,32.79522300013506],[-116.93662199977082,32.79514000025427],[-116.93673300009891,32.79511000024189],[-116.93697599977314,32.79505300034153],[-116.93704699991828,32.79503699976678],[-116.93730100036149,32.79499099989174],[-116.9373950000728,32.79497599986167],[-116.93743500025577,32.79497000030203],[-116.93766899970919,32.79494499999292],[-116.93784199996155,32.79493300011393],[-116.937978000404,32.79492599999495],[-116.9380849996358,32.79492299983589],[-116.93840799967599,32.79492200003458],[-116.93969800018692,32.79491899987543],[-116.94012900018215,32.794919999676786],[-116.94037500022944,32.79491899987543],[-116.94111500002116,32.794918000074084],[-116.94136199989336,32.794918000074084],[-116.94152699974978,32.794918000074084],[-116.94202200021745,32.794918000074084],[-116.94218799989878,32.79491899987543],[-116.94266699957458,32.794918000074084],[-116.94410699987334,32.79491599971619],[-116.94458700027238,32.79491700027271],[-116.94531000034564,32.79491599971619],[-116.94747799984222,32.79491599971619],[-116.9482019997404,32.794918000074084],[-116.94824699994625,32.794918000074084],[-116.94838400021361,32.79491899987543],[-116.94843000024434,32.794919999676786],[-116.94861099999433,32.79491899987543],[-116.94915499996745,32.79491899987543],[-116.94933700044065,32.79491899987543],[-116.94966100030572,32.79491899987543],[-116.95027800007382,32.794919999676786],[-116.95063600027409,32.79492100023326],[-116.95096099996411,32.79492200003458],[-116.95096099996411,32.7950589998956],[-116.950961999789,32.79547100027268],[-116.95096299961392,32.79560899983655],[-116.95096299961392,32.795671999648334],[-116.95096299961392,32.79586200011693],[-116.95096400033714,32.79592700008465],[-116.95096400033714,32.79596900031734],[-116.95096400033714,32.79609599992942],[-116.95096400033714,32.796138999869925],[-116.95096400033714,32.79637100013853],[-116.95096599998698,32.797071000196816],[-116.95096699981187,32.79730499984814],[-116.95096699981187,32.797474999866964],[-116.95096799963679,32.79779099994437],[-116.95097000018492,32.79798900006099],[-116.95097100000984,32.798160000047126],[-116.95097100000984,32.79834699968641],[-116.95097100000984,32.79863399986587],[-116.95097100000984,32.79891300031258],[-116.95097199983476,32.79910200014208],[-116.95097100000984,32.799320999681775],[-116.95097100000984,32.79998100033835]]]}},{"type":"Feature","properties":{"GEOID":"06073014400","NAME":"Census Tract 144","BASENAME":"144","in_district_share":1.0},"geometry":{"type":"Polygon","coordinates":[[[-117.0534809999989,32.73770199995605],[-117.05343999999103,32.7377620001397],[-117.05331799979228,32.737909000230076],[-117.05322400008096,32.7380069996518],[-117.05139700016791,32.739783000045165],[-117.05126599974834,32.73988600026018],[-117.05075899958513,32.74023399979041],[-117.04973500011128,32.740938000303665],[-117.04989599976977,32.74109599962249],[-117.04998399963333,32.741183000151146],[-117.05037799981862,32.741573000122465],[-117.05053900037542,32.741732000225376],[-117.05059499955358,32.741796000044175],[-117.0506799999424,32.74189399972482],[-117.05077399965376,32.741981999870504],[-117.05083700030126,32.7420409997993],[-117.0508260004306,32.742046999905135],[-117.05079299992033,32.74207100032441],[-117.05078299987457,32.74208000010219],[-117.05048199957571,32.74229199972571],[-117.04958100012551,32.74293299976397],[-117.04947999984316,32.74300599991551],[-117.04928300019967,32.74315000002876],[-117.04884499963346,32.74347400037704],[-117.04814000000182,32.743999000042244],[-117.0475609998686,32.74437899986328],[-117.04750499979212,32.74441100033888],[-117.047257000095,32.74455699967139],[-117.04703000031427,32.74467899980987],[-117.0467370004113,32.74476199991391],[-117.046595999946,32.7447960002255],[-117.04647100027255,32.74482300024147],[-117.0462079996085,32.744869999969914],[-117.0461530002552,32.74488100019213],[-117.04579900025287,32.744925000311895],[-117.04550700017484,32.74494599962298],[-117.0452309999903,32.74495299989596],[-117.04368100008668,32.744929000253],[-117.04283699963959,32.74491800003671],[-117.04263300032339,32.74491200012421],[-117.04202200040314,32.744900000298045],[-117.04181900001355,32.744896000355574],[-117.04131100002543,32.74488399977169],[-117.04065400007441,32.74486900036173],[-117.03978899971091,32.74485000024926],[-117.03962300002955,32.744848000276924],[-117.03952400029536,32.744842000359704],[-117.03928200044602,32.74483199974128],[-117.03910199962266,32.744825000214306],[-117.03904300007143,32.74482399985011],[-117.03867900002335,32.74482399985011],[-117.03832699967084,32.744835999686565],[-117.03824100035544,32.74483900002321],[-117.03808900001945,32.74485000024926],[-117.0379009996985,32.74486299969041],[-117.0378029997892,32.744871000333596],[-117.03738400038786,32.74491800003671],[-117.03734099983186,32.744923000341245],[-117.03715599988392,32.74495200028877],[-117.0370000002483,32.7449750003186],[-117.0369650000882,32.74497799989499],[-117.03661100008588,32.745021000360374],[-117.03641799974203,32.74504600034033],[-117.0359230001727,32.745121999843256],[-117.03543000025321,32.745213000147075],[-117.03499000003713,32.74530600032004],[-117.03492599956473,32.745320999656364],[-117.03445699993469,32.745436000025336],[-117.03414200029042,32.74552700000842],[-117.03319800028422,32.74580099975317],[-117.03288399956652,32.74589400006791],[-117.03272299990805,32.74593900003909],[-117.0322409998592,32.74607999965046],[-117.03208100002563,32.74612799982092],[-117.0318960000777,32.7461810001995],[-117.03134200005884,32.74634200032921],[-117.03115799993583,32.74639699976246],[-117.03114299986719,32.74640199998398],[-117.03103599973707,32.746431999796236],[-117.030671999689,32.74653600022565],[-117.03063499987907,32.74654900017636],[-117.03055100021349,32.746571000204824],[-117.03053500031999,32.74657399972748],[-117.03049000011411,32.746584999739305],[-117.03047500004554,32.74658999995032],[-117.03009099990598,32.746688999990155],[-117.02979399980504,32.74675499995558],[-117.02954100008505,32.74681399974591],[-117.02901899985325,32.74691599980352],[-117.0285240002839,32.74699999967435],[-117.0280449997098,32.7470680000874],[-117.0277209998447,32.7471020002745],[-117.02702399971068,32.74717800029021],[-117.02690800025806,32.74719100014724],[-117.02663799992133,32.747214000354596],[-117.02655500008065,32.74721600027375],[-117.0264379999048,32.74722000011201],[-117.0251800000792,32.74712400016645],[-117.02412200027018,32.74704600018168],[-117.02260499997851,32.74692200033655],[-117.02228899961105,32.74690499983251],[-117.02195600042342,32.74690200032099],[-117.02165699977436,32.74691399987756],[-117.0215179998572,32.74692600018802],[-117.02134100030518,32.74693900008181],[-117.02132600023658,32.74694200034763],[-117.02101400006703,32.7469840002807],[-117.02068900037703,32.74704400025864],[-117.0203999997737,32.74711199988261],[-117.02007900028165,32.74720200008287],[-117.0199570000829,32.747240999637754],[-117.01975700006639,32.74730899986686],[-117.01963999989052,32.747350999626896],[-117.01937200010191,32.74745900032209],[-117.01909699974229,32.74758300017531],[-117.01882599958066,32.7477199996357],[-117.01881600043323,32.74772600011463],[-117.01853199985277,32.74788800004859],[-117.01848800037017,32.747902999705815],[-117.01819899976685,32.748052999916425],[-117.01813000016988,32.748098000308076],[-117.0179700003363,32.748220000130736],[-117.01519699986892,32.750436999627084],[-117.01503600021044,32.75059299963408],[-117.01497900030904,32.75062000015964],[-117.01420299963398,32.751295000062164],[-117.01414999993055,32.75133499962727],[-117.0138870001648,32.75154199996032],[-117.01360099993454,32.75178899992903],[-117.01325899962778,32.75208899985381],[-117.01274700034001,32.75253399985806],[-117.01263900038498,32.752628000219666],[-117.01246199993467,32.752782999892005],[-117.01215899998597,32.75304900007552],[-117.01169700002862,32.75343399964992],[-117.01153299999707,32.75330100023236],[-117.01150200003494,32.753276000302606],[-117.01142599986694,32.75321299993486],[-117.01119999991113,32.753027000135916],[-117.01116099955307,32.75299499973332],[-117.01112499956807,32.75296499986484],[-117.01111000039775,32.752952000094936],[-117.01106500019193,32.75291300001848],[-117.0110500001233,32.752902000032556],[-117.01098499982598,32.75284800035668],[-117.01078999983231,32.75268800017355],[-117.0107260002582,32.75263499988898],[-117.01065900031104,32.75257799997532],[-117.01045799957129,32.75241199989979],[-117.01039099962415,32.752359000206496],[-117.01046799961702,32.7522910000549],[-117.01070100014385,32.75209000013643],[-117.01077899996166,32.75202400034619],[-117.01086099997742,32.751952999841876],[-117.01097800015327,32.75185799999365],[-117.0111060001998,32.75177299988454],[-117.01112000044353,32.75176600014746],[-117.0112740004293,32.75168799969424],[-117.01142099984406,32.75163099993013],[-117.0121480001153,32.751421999979115],[-117.01227699998674,32.75137800004623],[-117.01232899986529,32.75136099963711],[-117.01250299994254,32.75128599970426],[-117.012563000217,32.75125400018715],[-117.01265199990547,32.751207000049206],[-117.0126889997154,32.751184999654626],[-117.01285299974691,32.75107300003418],[-117.01302799964908,32.75092500021186],[-117.01378500005755,32.75028999980633],[-117.01410200024998,32.750006000231295],[-117.014394000328,32.74974800023152],[-117.01445200005432,32.74969600001811],[-117.01466799996442,32.74950400007132],[-117.01482500032321,32.74937100007408],[-117.0166129998782,32.747854000161546],[-117.01679700000122,32.747701999707594],[-117.01762700020463,32.74701799974429],[-117.01778399966517,32.746888999666304],[-117.0178299996959,32.746851000298825],[-117.01804999980392,32.746672000197194],[-117.0181879998962,32.74655499997861],[-117.0182389999498,32.746512999843254],[-117.01844900001211,32.74633700010426],[-117.01858600027946,32.74622299973576],[-117.01876600020452,32.746071000276714],[-117.01930900035272,32.74561999985355],[-117.01935000036059,32.745587000212076],[-117.01949599995048,32.74547599995463],[-117.01961099957822,32.745382000356756],[-117.01977200013499,32.7452539997803],[-117.0199570000829,32.745100999818085],[-117.02007199971065,32.74500699982456],[-117.02019300008448,32.7449060002113],[-117.02055700013256,32.744608000251255],[-117.0206790003313,32.74450900016562],[-117.02080499982968,32.74441799989832],[-117.0210750001664,32.744241000183266],[-117.02111199997633,32.744217000348506],[-117.0213420001301,32.74408499963065],[-117.02161900013952,32.743941000273],[-117.02187600005749,32.743822999870254],[-117.02213899982321,32.74371500005625],[-117.02240199958895,32.743619999733816],[-117.02253600038156,32.74357700010337],[-117.02269899968987,32.7435270000677],[-117.0230400001717,32.74343899993679],[-117.02305199986729,32.74311900023914],[-117.02309100022534,32.74216499963759],[-117.02310899976868,32.74190899963561],[-117.02310399974581,32.74184699993772],[-117.02339199962591,32.741888000364284],[-117.02340900024265,32.741889000005905],[-117.02358599979466,32.741903999917476],[-117.02433399998228,32.74191499975035],[-117.02464299977876,32.7419200002234],[-117.02497699968961,32.74192299990265],[-117.02598000014537,32.74193700016748],[-117.02631499988112,32.74194199988377],[-117.02663799992133,32.74193700016748],[-117.02760700004188,32.74192900001644],[-117.02793099990699,32.74192600033739],[-117.02821799996217,32.74192800037531],[-117.02907800030277,32.74193599977086],[-117.02936600018288,32.741939000205164],[-117.0293829999013,32.74135399974422],[-117.02941800006141,32.740162999712176],[-117.02943300013001,32.73959900025252],[-117.02944999984847,32.73901400029703],[-117.02970500011659,32.73901299986758],[-117.03047199967249,32.73901200019376],[-117.0307279997655,32.73901200019376],[-117.03077799999421,32.739008999660896],[-117.03093000033017,32.73900199967649],[-117.0309810003838,32.739000000328566],[-117.0310020003002,32.738998999898904],[-117.03102700041455,32.73899600012123],[-117.03116799998156,32.7389910002397],[-117.03121599966214,32.73898999981001],[-117.03140499980803,32.738987000032026],[-117.03197600044365,32.738979000371685],[-117.03216600041442,32.73897799994186],[-117.03216499969122,32.73916400036108],[-117.0321639998663,32.739724999798355],[-117.0321639998663,32.73991199983343],[-117.03258900001374,32.7399079996671],[-117.0338679997557,32.739898999669954],[-117.03429399972805,32.73989599992257],[-117.03429000042841,32.74025599986703],[-117.03428000038268,32.74133800009227],[-117.03427799983453,32.74169899989944],[-117.034698999784,32.74169000008323],[-117.03596599983041,32.74166400027315],[-117.03638799960481,32.74165600009753],[-117.0368239996229,32.74164900032111],[-117.03813300040038,32.74163099992198],[-117.0385700002434,32.74162499978818],[-117.03866300012982,32.74162099969868],[-117.03894400033721,32.74161300027486],[-117.03903800004855,32.74161100022987],[-117.03920600027804,32.74160799978451],[-117.0397109998931,32.741605000094665],[-117.03987999994752,32.74160599973947],[-117.04004599962887,32.74160199964918],[-117.04054600011938,32.741594000223586],[-117.04071299962563,32.741592000178166],[-117.04088900025103,32.74158800008724],[-117.04141700033065,32.741583000351156],[-117.04159399988266,32.74158100030549],[-117.04184599977773,32.74157700021407],[-117.04260300018619,32.741571000076576],[-117.04285599990618,32.74156999967584],[-117.0428569997311,32.74146400020161],[-117.0428640003021,32.74114899997203],[-117.04286699977683,32.74104500005472],[-117.04287000014986,32.74060299980751],[-117.04288199984545,32.73928299980413],[-117.04288600004341,32.738843999667296],[-117.0433010001451,32.738843999667296],[-117.04351000038247,32.738843999667296],[-117.04359499987297,32.73884500009869],[-117.04406199985318,32.73884200031583],[-117.04440599980978,32.73884000020864],[-117.04454599955187,32.73884000020864],[-117.04459999997854,32.73883899977725],[-117.04482400028454,32.73883800010141],[-117.04496099965357,32.73883800010141],[-117.04568899974973,32.738826000212846],[-117.04787700023613,32.738789999781666],[-117.04860600015715,32.738779000318715],[-117.0486589998606,32.73877799988658],[-117.04881799986924,32.73877700021012],[-117.04887200029593,32.73877700021012],[-117.04904300000015,32.73877399966934],[-117.04937000023831,32.73877200031624],[-117.04955000016338,32.73871499984428],[-117.04965200027063,32.73868300034538],[-117.04971400019488,32.73866500010279],[-117.0497789995939,32.73864400006697],[-117.04997399958756,32.73858399972152],[-117.05003999970981,32.738564000101114],[-117.05009999998428,32.73854300004155],[-117.05028199955913,32.73848699985842],[-117.05034299965851,32.73846900033179],[-117.05043600044326,32.73843900010524],[-117.0507159999274,32.73835600015612],[-117.05080999963876,32.7383280000102],[-117.05118499955746,32.73821100016886],[-117.05149799955194,32.73811500033928],[-117.05221399995249,32.73765300009098],[-117.05254500038859,32.73744000031797],[-117.05285500000998,32.73724299967036],[-117.05345099986167,32.73686600024708],[-117.05359099960374,32.736796999905415],[-117.05372500039637,32.73674800029834],[-117.05382199958242,32.73672199980191],[-117.05388100003198,32.73670800022903],[-117.05404099986555,32.73668500033213],[-117.05418700035374,32.73667899986526],[-117.0534809999989,32.73770199995605]]]}},{"type":"Feature","properties":{"GEOID":"06073015200","NAME":"Census Tract 152","BASENAME":"152","in_district_share":1.0},"geometry":{"type":"Polygon","coordinates":[[[-117.00405999959011,32.7598670000209],[-117.00355800034811,32.76035800011915],[-117.00311300010917,32.76089200013415],[-117.00281799965808,32.76134099992608],[-117.00253399997595,32.76190700032239],[-117.00234400000514,32.7624389997796],[-117.0022569999665,32.76276800027843],[-117.002241000073,32.76284499993028],[-117.00219099984429,32.76317300028149],[-117.00218800036953,32.763321000145666],[-117.00218599982139,32.76334199965219],[-117.00217400012585,32.76354799987269],[-117.00217400012585,32.763620000350755],[-117.00217400012585,32.76365900027062],[-117.00217499995074,32.76374400036609],[-117.00217699960058,32.76378300023163],[-117.00217999997363,32.76382300023093],[-117.00218099979853,32.76384700007084],[-117.00218599982139,32.76391599985772],[-117.00218800036953,32.7639399996725],[-117.00225600014159,32.76479799994406],[-117.0024119997772,32.7667690000264],[-117.00240900030246,32.76714800003192],[-117.00239900025673,32.76738099973063],[-117.00239199968573,32.7675230002529],[-117.00232899993651,32.76824299972356],[-117.00219400021732,32.7696989999252],[-117.00215499985926,32.770092999993075],[-117.00213999979063,32.77020700002096],[-117.00212600044526,32.77034600033447],[-117.0021089998285,32.77052400036467],[-117.00209600030804,32.77085599990256],[-117.00210200015582,32.77120199990962],[-117.00212600044526,32.771518999730894],[-117.00217300030091,32.77187600009118],[-117.00224000024808,32.77221600032596],[-117.00225899961632,32.772293000114324],[-117.00231600041606,32.772514000059],[-117.00244299973933,32.772920999628475],[-117.00246299983081,32.77301100018206],[-117.0025220002804,32.773280999786124],[-117.00254200037188,32.77336999993209],[-117.00264000028113,32.77370000010379],[-117.00290600041994,32.77458399998639],[-117.00293700038208,32.774688000017335],[-117.00303600011627,32.775018999858645],[-117.00316800036076,32.775430000138826],[-117.00356500002079,32.77666800019684],[-117.00367999964851,32.77702400029267],[-117.00369899991509,32.77708099966232],[-117.00375199961853,32.77724899981811],[-117.00379599999945,32.777389999704106],[-117.0038050002203,32.77741999965099],[-117.00380799969501,32.7774289996331],[-117.00382000028891,32.7774680003003],[-117.00382699996159,32.777491000240325],[-117.00386899979439,32.77762499977278],[-117.00382799978651,32.77764199969904],[-117.0037419995728,32.77768200026805],[-117.00365799990722,32.777722000063726],[-117.00357000004365,32.77776399982987],[-117.00291999976531,32.77810800018945],[-117.00238099981507,32.77840999977766],[-117.00194700034508,32.77862499973027],[-117.00178699961323,32.77870499996639],[-117.00137300023475,32.77888499985714],[-117.0011589999745,32.778964999859504],[-117.00073100035235,32.77910300010997],[-117.0004030002893,32.77918499987283],[-116.99978399997306,32.779319999852056],[-116.99928699985563,32.77939800026691],[-116.99900599964825,32.77942900026759],[-116.99820899995511,32.77945900028231],[-116.99717700008534,32.77942399963475],[-116.99657200001288,32.77939199965649],[-116.99633299963826,32.77937899996882],[-116.9955540003868,32.77933800018625],[-116.99356599991695,32.77926600033812],[-116.99325200009761,32.779254999831686],[-116.99193200034776,32.77922399977037],[-116.9909849999685,32.77919499965455],[-116.99075099961678,32.77918899978567],[-116.99042500010185,32.779180999959834],[-116.98814200007921,32.779118999774894],[-116.98815100030005,32.77900699979422],[-116.98815299994988,32.77897900034348],[-116.98815600032293,32.77893699964027],[-116.9881610003458,32.778870000131896],[-116.98816700019356,32.77878900006141],[-116.98817999971406,32.778607000007064],[-116.98818399991201,32.778558999972184],[-116.98819300013285,32.7784529999608],[-116.98816999966832,32.77845699990654],[-116.98809900042153,32.77846899974261],[-116.98807900033005,32.77839499997235],[-116.9880769997819,32.77831200024871],[-116.98809299967539,32.778238000347876],[-116.98810699991913,32.77820399996457],[-116.9883599996391,32.777808000318885],[-116.9883710004081,32.77779199966294],[-116.98839800017225,32.77772700003693],[-116.98841099969273,32.777648999667775],[-116.98840599966987,32.777576999963465],[-116.98838599957838,32.77751100018337],[-116.9882259997448,32.777232999816945],[-116.98817499969118,32.77717699979021],[-116.98811199994198,32.77713599974824],[-116.98805300039076,32.77711299971645],[-116.98798999974325,32.77709999969582],[-116.9874990003719,32.77706899963901],[-116.98743400007456,32.777075999652816],[-116.98734399966287,32.77710599970556],[-116.98729099995944,32.77713799975071],[-116.98723599970783,32.77718799979824],[-116.98720399992078,32.777232999816945],[-116.98709599996577,32.7774289996331],[-116.98706699965345,32.777461000317395],[-116.9870149997749,32.77749400023209],[-116.98695000037588,32.7775130001774],[-116.9868740002079,32.7775130001774],[-116.98675700003206,32.7775130001774],[-116.98669500010777,32.77749900021811],[-116.98663800020637,32.777472000290324],[-116.98659399982542,32.777431999626906],[-116.98634100010545,32.777073999648906],[-116.98631900036413,32.77707699965473],[-116.9862540000668,32.777087999675125],[-116.98623300015042,32.77709299968395],[-116.98586300025455,32.776966000128056],[-116.9858309995692,32.77694100004544],[-116.98581700022378,32.77691599995585],[-116.98581300002586,32.77688899985116],[-116.98582100042175,32.776856999716465],[-116.98584499981288,32.77682800033974],[-116.98588699964569,32.77680700023824],[-116.9861469999367,32.77672999982374],[-116.98623399997531,32.77669200034988],[-116.98631400034127,32.776642000023706],[-116.9866480002521,32.77640899964369],[-116.98672299969685,32.77633699969137],[-116.9868239999792,32.77622800001984],[-116.98687599985773,32.776174000140074],[-116.98690699981988,32.77612600030335],[-116.98693199993423,32.776061000215634],[-116.98694000033015,32.77601200030409],[-116.9869579998735,32.775832999904594],[-116.98698899983563,32.77555100026208],[-116.9870130001251,32.77534099978711],[-116.98683700039801,32.77532500019818],[-116.9865999996732,32.77538700000547],[-116.98641600044851,32.775491999872976],[-116.98617200005104,32.775634000295184],[-116.98582300007158,32.775843000063],[-116.9856280000779,32.775912000370035],[-116.98556100013076,32.77591399964469],[-116.98513699980823,32.775931999912665],[-116.98494500018761,32.77588399994535],[-116.98465800013243,32.775876999837834],[-116.98446999981145,32.7759470001331],[-116.98432699969634,32.77634099973221],[-116.9839790004401,32.77636800000318],[-116.98382600027921,32.77631700023976],[-116.98318000019883,32.77610600004902],[-116.98313199961996,32.77608899982932],[-116.98298900040315,32.77604099994669],[-116.98294199964916,32.77602499972831],[-116.98287300005217,32.77599800010858],[-116.98273099976197,32.77591599967468],[-116.98259199984479,32.77583699996805],[-116.98248999973754,32.7757919999987],[-116.98232400005618,32.77571800026806],[-116.98220900042847,32.77550100005009],[-116.98220600005538,32.77548899981372],[-116.98214800032909,32.7752600002807],[-116.98210999979595,32.77510100036385],[-116.98209100042767,32.77502099990875],[-116.98204600022184,32.77492499972083],[-116.98198599994737,32.774842999808776],[-116.98194300028968,32.77479900011956],[-116.98183600015955,32.774712999977545],[-116.98170999976286,32.77461100003513],[-116.98166499955703,32.77457499971659],[-116.98153099966272,32.77446900024651],[-116.9814870001801,32.77443399990208],[-116.9814100001872,32.77439100004274],[-116.98117900020853,32.774262000340144],[-116.98110200021561,32.77421899964237],[-116.9810009999333,32.7741609999155],[-116.98070100035764,32.77399400000889],[-116.98060099990022,32.77393900024694],[-116.98053300012813,32.773902000374186],[-116.9803320002867,32.773791999947306],[-116.98026500033953,32.77375700009194],[-116.9801079999807,32.773669000373204],[-116.97963699980251,32.77340599998281],[-116.97948000034201,32.773318999961134],[-116.97940099980097,32.77327500027376],[-116.9792190002261,32.773173000193864],[-116.97910500042326,32.773095000364854],[-116.97898999989721,32.772998000317564],[-116.97897900002654,32.77298599974367],[-116.97888799978996,32.7728909996755],[-116.97880900014727,32.772786999810556],[-116.97877300016224,32.77273200005802],[-116.97870799986492,32.77262099964366],[-116.97848100008419,32.772175000264355],[-116.97840400009132,32.77205400008287],[-116.97830299980897,32.77192900025322],[-116.97819900005189,32.77182399995857],[-116.97806900035556,32.77171800023321],[-116.97794299995884,32.771632000135234],[-116.97787199981376,32.77159199986814],[-116.97780700041474,32.771555999838995],[-116.97766400029958,32.771492000254725],[-116.9773139995969,32.77136600032506],[-116.97708799964109,32.77128500022211],[-116.97641300014672,32.77104300029608],[-116.97618800001581,32.77096299996984],[-116.9760099997406,32.77090100010186],[-116.9758619996026,32.77085000022679],[-116.97548199966097,32.770698999818094],[-116.9753069997588,32.77063100007566],[-116.97509500004671,32.77054499968273],[-116.97491500012164,32.770473000273576],[-116.97479000044817,32.77040799983371],[-116.97466999989926,32.770328999769816],[-116.97454699987561,32.770227000090294],[-116.97451400026367,32.77019200034369],[-116.97444499976837,32.77011899981353],[-116.97436799977547,32.7700179999746],[-116.97431599989694,32.769936000073464],[-116.97428099973683,32.76987200007967],[-116.9740339998646,32.76943000011743],[-116.97395199984886,32.76928299992392],[-116.97360100021957,32.76865100003623],[-116.97254900025834,32.76675800024129],[-116.9723779996558,32.76645099978531],[-116.97231699955643,32.766369999741926],[-116.97223200006592,32.7662870001339],[-116.9721319996085,32.766215999670614],[-116.97210900004228,32.7662020002003],[-116.97216000009591,32.766046999712515],[-116.97216699976863,32.76599600007786],[-116.97217699981434,32.76593800028002],[-116.97216299957066,32.765354999822975],[-116.97216299957066,32.76531099997559],[-116.97216599994371,32.76522499973037],[-116.97217699981434,32.765169999837404],[-116.97218500021026,32.765144000082195],[-116.97219799973077,32.765129999687915],[-116.97220199992871,32.76509000027584],[-116.97221899964713,32.76505200036448],[-116.97226999970077,32.7649659998691],[-116.97233499999808,32.7648870002631],[-116.9724129998159,32.76481899985761],[-116.97250499987742,32.764759999908094],[-116.9725810000454,32.764724000137306],[-116.97260500033484,32.76471400024038],[-116.97271300028987,32.76468200026049],[-116.9739419998031,32.76448299989115],[-116.97414699984253,32.764440999900586],[-116.97434000018639,32.76438600027867],[-116.97491599994656,32.764225999674636],[-116.97559600036212,32.764056999715784],[-116.97643200041331,32.76385200006812],[-116.97653399962223,32.76382999977574],[-116.97668000011043,32.763815999930216],[-116.97680999980676,32.76381800023201],[-116.97723800032723,32.76387300020482],[-116.97766599994942,32.76392699999395],[-116.9783620002585,32.764015999672914],[-116.97853299996272,32.76403799991934],[-116.97857300014573,32.76403799991934],[-116.97865900035944,32.764044000054255],[-116.97879300025375,32.76403799991934],[-116.97893700019378,32.764015999672914],[-116.97907600011095,32.76397800005852],[-116.97919499993664,32.76393099983713],[-116.97939400012827,32.76385700006513],[-116.97950399973314,32.763813999628326],[-116.97957099968028,32.763788999628325],[-116.98010600033086,32.76358500027254],[-116.9802839997078,32.76351799978223],[-116.98048500044757,32.763440999957005],[-116.98108799997193,32.763210000081756],[-116.98128899981337,32.763132999990155],[-116.98158900028734,32.763004999994635],[-116.98248999973754,32.76262800005404],[-116.98250499980614,32.762622999988004],[-116.98264500044655,32.762571999902654],[-116.98280000025724,32.76252999976599],[-116.98291300023514,32.76250699973668],[-116.98293800034952,32.76250399999517],[-116.98308300011445,32.76248800036494],[-116.98322899970432,32.76248300029099],[-116.98325999966649,32.76248399970149],[-116.98337600001742,32.76248899977533],[-116.98351499993461,32.76250600032649],[-116.9836410003313,32.762530999931336],[-116.98365800004973,32.76253499983724],[-116.9838120000355,32.76257900030118],[-116.98396000017351,32.76263499969279],[-116.98412800040303,32.762718999847195],[-116.98436900042744,32.762870000195356],[-116.98459700003306,32.76301500008352],[-116.98465200028464,32.76304999963045],[-116.98481899979092,32.76315700001606],[-116.98487499986742,32.763193999822924],[-116.98500499956374,32.76327300017587],[-116.98506599966312,32.763299999878775],[-116.98513299961026,32.7633300000427],[-116.98527099970254,32.76337000024553],[-116.98539899974907,32.763390999740494],[-116.9855290003437,32.76339699991907],[-116.98567300028374,32.76338699987304],[-116.9857109999186,32.76337900013765],[-116.98580100033028,32.763361999753194],[-116.98592299963069,32.76332299970322],[-116.98599700014884,32.76328899966508],[-116.98602100043833,32.76327999976385],[-116.9862110004091,32.76317300028149],[-116.98628300037913,32.76313400014872],[-116.98635199997608,32.76309499999888],[-116.98640899987751,32.763069999796976],[-116.98648199967243,32.76304099970506],[-116.98658999962747,32.76301200035912],[-116.98671799967398,32.76299200017956],[-116.98681999978122,32.76298800029417],[-116.98684400007068,32.76298800029417],[-116.98696100024655,32.76299799962954],[-116.98709400031595,32.763025000171275],[-116.98719899989793,32.76306099987367],[-116.98731299970073,32.76311500015536],[-116.9873739998001,32.7631530001381],[-116.98759999975591,32.76329499985048],[-116.98820599965332,32.76367499969047],[-116.98831199995851,32.76372800020321],[-116.98843199960913,32.76376800022722],[-116.98853799991433,32.76378599993004],[-116.98856100037888,32.76378999977958],[-116.98867099998373,32.76379300023313],[-116.98877100044115,32.76378399962749],[-116.9889780001304,32.76374099991084],[-116.98918399999474,32.76369300016746],[-116.98928299972893,32.763670999835774],[-116.98937599961533,32.76365599981251],[-116.98952200010352,32.76364900025408],[-116.98965099997496,32.76365900027062],[-116.98977800019657,32.76368400030713],[-116.98981199963345,32.7636949997166],[-116.98991399974068,32.7637290003551],[-116.99000900017525,32.76377399962498],[-116.99012200015315,32.763845999920264],[-116.99028299981163,32.763948000112954],[-116.99039400013972,32.76400500030304],[-116.99047699998039,32.76403500022941],[-116.99051399979031,32.76404900004055],[-116.99060699967671,32.764071999671444],[-116.99072899987546,32.76408399993635],[-116.99084299967828,32.76408000010003],[-116.99093899993775,32.764066000293816],[-116.99105699993854,32.764035999622486],[-116.99117999996217,32.76398500034655],[-116.99128500044247,32.763920999851145],[-116.9913780003289,32.76384400037446],[-116.99144600010095,32.763767000075774],[-116.99149399978154,32.7636949997166],[-116.99196300030991,32.76274800004399],[-116.99211200027281,32.76247400030833],[-116.99228600035009,32.762194000225676],[-116.99233800022863,32.762119000350765],[-116.9924770001458,32.761921999884905],[-116.9927650000259,32.761560999690786],[-116.99280000018598,32.76150400020223],[-116.99290899996593,32.761335999787704],[-116.99294499995094,32.76128000033457],[-116.99297199971514,32.761230999839846],[-116.993052999906,32.76108700024955],[-116.99308100039336,32.76103899983079],[-116.99316599988387,32.76088999976662],[-116.99318500015045,32.76085900010723],[-116.99322199996037,32.7608009999845],[-116.99329899995327,32.7607179997171],[-116.99338199979394,32.760652999708505],[-116.99367600042014,32.76048899995244],[-116.993857999995,32.76038899995296],[-116.99391800026947,32.76035000011154],[-116.99401600017877,32.76030200005085],[-116.99412300030889,32.760268000369955],[-116.99424899980724,32.76024599994739],[-116.99435900031042,32.76022099970096],[-116.99442899973234,32.760196000202896],[-116.99446399989242,32.760184000169396],[-116.99465800006116,32.760087999843215],[-116.99488200036716,32.75998900034273],[-116.99511199962262,32.75990499987897],[-116.99532699970776,32.75984199966805],[-116.99566099961861,32.75974400009065],[-116.99579600023614,32.759714999670855],[-116.9959410000011,32.75969900029485],[-116.99616500030709,32.759695999703325],[-116.99637700001921,32.75969500026153],[-116.99643700029365,32.75969900029485],[-116.9965329996548,32.759713000032335],[-116.99664099960984,32.7597410002561],[-116.99676000033384,32.759787999667566],[-116.99683999980148,32.75983400036948],[-116.9969260000152,32.759895999635724],[-116.99703999981801,32.759976000087235],[-116.99718899978093,32.76005999972856],[-116.99736100020836,32.76013799964829],[-116.99738899979747,32.76014699986707],[-116.99752600006482,32.76019500001132],[-116.99866000004182,32.760483999766286],[-116.99871199992035,32.76050099994484],[-116.9988059996317,32.760523000304396],[-116.9989189996096,32.76053199972887],[-116.9990319995875,32.760523000304396],[-116.99911100012854,32.76050600013004],[-116.99950799978856,32.760410000151026],[-117.0002159997932,32.76024400032073],[-117.00028600011342,32.76023399992063],[-117.00038300019779,32.76023600030289],[-117.00047799973403,32.760253999964334],[-117.00054800005425,32.76027999963668],[-117.00062099984918,32.760319000264154],[-117.0006650002301,32.760354000115434],[-117.00069199999429,32.76037599975592],[-117.00073899984994,32.76043100034414],[-117.00078099968275,32.76050600013004],[-117.00082000004079,32.76064499972741],[-117.00085900039885,32.76071099992763],[-117.00091100027738,32.760763999938554],[-117.0009740000266,32.76080600015286],[-117.00104699982153,32.7608369998307],[-117.00164500022133,32.7609639997384],[-117.00171700019136,32.76099399993401],[-117.00177300026783,32.76103399967552],[-117.00179800038221,32.76105999987554],[-117.00181799957537,32.761083000278596],[-117.00184699988769,32.76113200009933],[-117.00187700002492,32.76123200001978],[-117.00190999963688,32.761309000244644],[-117.00193999977411,32.76135299980359],[-117.0019690000864,32.761397000096295],[-117.00203900040663,32.761466999692985],[-117.00209600030804,32.76139899969704],[-117.00218099979853,32.7612819999379],[-117.0022429997228,32.76117000017298],[-117.00226500036243,32.76113300028038],[-117.00232399991367,32.760991000141516],[-117.00236499992154,32.76084400036564],[-117.00238599983795,32.760721000274174],[-117.00239400023386,32.76058399965907],[-117.00238599983795,32.76043299996653],[-117.00235900007375,32.76028399964372],[-117.0023189998908,32.760149999688],[-117.00230800002014,32.76012600036242],[-117.00216699955485,32.75979500028504],[-117.0024119997772,32.75969000003079],[-117.00266000037264,32.75958599985122],[-117.0026799995658,32.7595739997355],[-117.0027359996423,32.75953199969547],[-117.00277900019833,32.75948399994927],[-117.0028119998103,32.759421000195935],[-117.00288499960523,32.75912699975024],[-117.00290600041994,32.75904299998421],[-117.0029180001155,32.759001999898764],[-117.00294499987969,32.75896799972142],[-117.00298300041283,32.758942999871635],[-117.00302900044359,32.75892900001313],[-117.00307899977399,32.75892600015108],[-117.00312700035286,32.7589349997369],[-117.00316900018565,32.75895500007238],[-117.00320199979762,32.758985999639194],[-117.00322299971403,32.759022999668495],[-117.00323000028503,32.75906300029543],[-117.00319199975189,32.75926199993663],[-117.00313900004844,32.75955000025468],[-117.00311399993407,32.75962099999056],[-117.0030729999262,32.75969000003079],[-117.00298800043569,32.759838999836745],[-117.00296499997118,32.75988999997667],[-117.00296199959811,32.759939999892985],[-117.00297400019201,32.75998500032243],[-117.00300599997907,32.76003200036055],[-117.00304100013915,32.760060999921656],[-117.00309800004057,32.760087999843215],[-117.00316099978976,32.76009800025972],[-117.00320900036863,32.76009400024433],[-117.00326799991987,32.76007599979516],[-117.0033209996233,32.76003999964128],[-117.00347600033233,32.759837999641164],[-117.00365600025737,32.75960399964399],[-117.0037900001517,32.75948200030556],[-117.00383199998448,32.759441999866844],[-117.003960000031,32.75932700020521],[-117.00400400041192,32.759289000100466],[-117.00402799980306,32.75932400035662],[-117.00403799984879,32.75933699995179],[-117.00410800016898,32.759425000241556],[-117.00415800039772,32.7594719998198],[-117.00420199988034,32.75951500008736],[-117.00430300016265,32.759646999847796],[-117.00405999959011,32.7598670000209]]]}},{"type":"Feature","properties":{"GEOID":"06073015301","NAME":"Census Tract 153.01","BASENAME":"153.01","in_district_share":1.0},"geometry":{"type":"Polygon","coordinates":[[[-116.96206899993058,32.78766099989976],[-116.96133300033684,32.78766000001681],[-116.96108800011444,32.78766000001681],[-116.96085999961052,32.78766000001681],[-116.96017599989528,32.78766000001681],[-116.95994900011458,32.78766099989976],[-116.95981400039535,32.78766099989976],[-116.95941199981415,32.78766099989976],[-116.95927799991985,32.7876619997827],[-116.95918099983544,32.78766099989976],[-116.95889299995537,32.78766099989976],[-116.95879699969589,32.787662999665635],[-116.95856999991516,32.787662999665635],[-116.9578879998498,32.787662999665635],[-116.95766199989399,32.787664000303764],[-116.95741199964874,32.787662999665635],[-116.95666199981126,32.787662999665635],[-116.956411999566,32.787662999665635],[-116.95613700010472,32.787662999665635],[-116.95530600007642,32.787662999665635],[-116.95503900011272,32.7876619997827],[-116.95476100027838,32.78766099989976],[-116.95392699987704,32.78766099989976],[-116.95364900004267,32.7876619997827],[-116.95367199960889,32.78717000012842],[-116.953670999784,32.78700500025201],[-116.95366699958605,32.78503800013679],[-116.95366599976111,32.78438299994547],[-116.9536649999362,32.783883000122074],[-116.95366199956317,32.7823829996508],[-116.95366199956317,32.78188399986326],[-116.95366099973825,32.78175099989706],[-116.95365999991333,32.78135200031588],[-116.95365999991333,32.781219000309605],[-116.95365999991333,32.78105300001145],[-116.95365999991333,32.78055500027968],[-116.95365999991333,32.7803890002532],[-116.95399200017435,32.780386000359094],[-116.95498999970893,32.780384999639104],[-116.95532299979484,32.780384999639104],[-116.95582300028536,32.780382999709566],[-116.9573270001582,32.78037999981525],[-116.95782799957534,32.78037899985041],[-116.95806100010215,32.78037899985041],[-116.95876200043412,32.78037999981525],[-116.95899599988753,32.78038099978004],[-116.9591840002085,32.78038099978004],[-116.95974700044819,32.780382999709566],[-116.95993599969579,32.780383999674314],[-116.96017199969734,32.780382999709566],[-116.96087999970199,32.780382999709566],[-116.96111700042677,32.780384999639104],[-116.96135400025324,32.780384999639104],[-116.96206499973263,32.780384999639104],[-116.96230199955909,32.780386000359094],[-116.96230199955909,32.781132000373916],[-116.96230499993212,32.783371999756824],[-116.9623030002823,32.78404599990045],[-116.96230599975704,32.78411900033451],[-116.96230599975704,32.784287000040266],[-116.96230599975704,32.78479799968101],[-116.96230599975704,32.78496800019658],[-116.96230599975704,32.78513900029862],[-116.96230900013009,32.78565399995387],[-116.96230999995501,32.78582600015118],[-116.96230999995501,32.78619200036004],[-116.96231300032804,32.7872939998066],[-116.96231499997786,32.7876619997827],[-116.96206899993058,32.78766099989976]]]}},{"type":"Feature","properties":{"GEOID":"06073015405","NAME":"Census Tract 154.05","BASENAME":"154.05","in_district_share":0.4633},"geometry":{"type":"Polygon","coordinates":[[[-116.92787200017005,32.77330800023018],[-116.92787100034514,32.774062000203145],[-116.92787100034514,32.77431399980361],[-116.92787100034514,32.77460299979777],[-116.92787399981987,32.775470000191554],[-116.927876000368,32.77575900020806],[-116.92787499964477,32.77583499993634],[-116.92787499964477,32.776049000054826],[-116.92787499964477,32.776066000282164],[-116.92787499964477,32.77614399977306],[-116.92787499964477,32.776490999623306],[-116.92787800001784,32.77753300011551],[-116.92787899984275,32.77788099982916],[-116.92787899984275,32.77789299974291],[-116.92787899984275,32.77793200020675],[-116.92787899984275,32.77794500010583],[-116.92787899984275,32.778008000344954],[-116.92787899984275,32.778199000018176],[-116.92787899984275,32.77826300006611],[-116.92787999966764,32.778303000355905],[-116.92788300004071,32.77842600032249],[-116.92788399986561,32.778466999770046],[-116.92787700019292,32.77857399974984],[-116.927876000368,32.778609999961205],[-116.92784700005569,32.77882800013251],[-116.92783199998705,32.77889199972803],[-116.92780799969763,32.77899799997171],[-116.92779600000208,32.77904699974955],[-116.92774800032147,32.77919299969832],[-116.92773300025289,32.77924300010161],[-116.92760500020636,32.77950799980627],[-116.92739500014407,32.779946999655174],[-116.92732999984675,32.780102000104606],[-116.92732200034912,32.78012700005439],[-116.92728100034128,32.780287999985426],[-116.92727600031839,32.78032300029308],[-116.92726100024977,32.78045200027242],[-116.92726200007469,32.780617000219245],[-116.9272779999682,32.780713000308424],[-116.9273139999532,32.780853000032515],[-116.92735999998396,32.780974000334055],[-116.92737800042562,32.78102199982132],[-116.92765600025996,32.78156999981094],[-116.92775400016929,32.78176300004414],[-116.92781500026864,32.78191299985789],[-116.92783399963689,32.781981999989426],[-116.92785600027653,32.782060000336344],[-116.927868999797,32.782147000119764],[-116.92787899984275,32.782209999649396],[-116.92788399986561,32.78235000003883],[-116.92788700023866,32.78293500006458],[-116.92788800006359,32.783117000328566],[-116.92789899993421,32.78468899980143],[-116.92790300013219,32.785275000215755],[-116.92771800018426,32.785275000215755],[-116.92716300034047,32.78527600012552],[-116.92697900021746,32.785277000035265],[-116.92654900004715,32.785277999945],[-116.92526000025944,32.78527999976445],[-116.92483099991405,32.78528300024882],[-116.92475700029419,32.78528300024882],[-116.92453800001107,32.78528300024882],[-116.92446500021614,32.78528500006814],[-116.92440999996457,32.78528500006814],[-116.92424500010813,32.78528500006814],[-116.92419099968144,32.78528500006814],[-116.92409100012233,32.78528500006814],[-116.9237920003716,32.78528500006814],[-116.92369299973909,32.78528500006814],[-116.92355100034716,32.78528500006814],[-116.92312799984956,32.78528500006814],[-116.92298700028256,32.78528500006814],[-116.92280700035751,32.78528599997779],[-116.92226800040726,32.785292000190736],[-116.92208900030711,32.785294999919465],[-116.9219190004278,32.785293000100296],[-116.92140899989153,32.78529000037156],[-116.92123999983716,32.78528899970673],[-116.92106900013293,32.78528899970673],[-116.92055699994684,32.78529000037156],[-116.92038700006754,32.785291000281156],[-116.92020399976944,32.785291000281156],[-116.91965499977343,32.785292000190736],[-116.91953500012282,32.785293000100296],[-116.91947300019855,32.785299000312776],[-116.91932500006054,32.78531700019252],[-116.91929599974821,32.785320999829665],[-116.91913900028771,32.78535700033186],[-116.91898799977665,32.78540700029187],[-116.91890099973803,32.78544499981975],[-116.91884399983661,32.785470999686105],[-116.91876900039186,32.785510999756134],[-116.91860500036033,32.785623999762436],[-116.91845300002437,32.78574800008538],[-116.91839199992499,32.785805999811636],[-116.91831400010717,32.78588299992368],[-116.91818900043371,32.786027000179935],[-116.91808700032648,32.78616799974867],[-116.9179850002192,32.78633999970736],[-116.9179130002492,32.786492999799435],[-116.9178510003249,32.786663999990765],[-116.91780600011909,32.786838000285215],[-116.91777799963167,32.787028999882324],[-116.91777599998184,32.78706999989656],[-116.91777000013406,32.78720699977034],[-116.91778199982963,32.78739999985732],[-116.91780199992111,32.78754800021558],[-116.91753300030759,32.78755600004421],[-116.91714199959704,32.78756800016345],[-116.91706700015227,32.787567000279395],[-116.91697500009076,32.787565999640236],[-116.91674499993701,32.78754999998399],[-116.91672800021855,32.787547000331294],[-116.9165349998747,32.78752300008559],[-116.91646299990467,32.787509000191],[-116.91643299976745,32.7875030001276],[-116.91634400007901,32.78749399965416],[-116.91631599959157,32.78748099963997],[-116.91614599971228,32.78744300022663],[-116.9156390004474,32.7873310001521],[-116.91547000039299,32.7872939998066],[-116.91535499986693,32.78725600031338],[-116.9152879999198,32.7872349996524],[-116.91511499966744,32.787157999955475],[-116.91502699980389,32.787107000335304],[-116.91496700042775,32.787071999675774],[-116.91492499969664,32.787043999742416],[-116.91481000006891,32.78696199967101],[-116.91453600043253,32.78674600033684],[-116.91434800011157,32.78660999964785],[-116.91422699973772,32.7865229996978],[-116.91382500005481,32.786263999889556],[-116.91368799978747,32.78618999980588],[-116.9135129998853,32.7861170003161],[-116.91336100044762,32.78606899980171],[-116.91317200030174,32.786027000179935],[-116.91299499985145,32.78600500008248],[-116.91281599975127,32.78599800001594],[-116.91233500042566,32.786020000115194],[-116.91203699960151,32.786034000244136],[-116.91180700034604,32.78604900027196],[-116.91161499982714,32.78606699999994],[-116.9115420000322,32.786074000061],[-116.91132299974909,32.78609600014145],[-116.91125099977906,32.78610400010068],[-116.91105699961031,32.786119000116685],[-116.91080800008825,32.78614200008604],[-116.9104800000252,32.78619799975665],[-116.91028900022948,32.78623100020683],[-116.90943499973666,32.78637499989975],[-116.90901299996226,32.78644899982953],[-116.9088249996413,32.78649100000727],[-116.90840600023995,32.786629999806635],[-116.90695000004769,32.78711400031451],[-116.9061290000651,32.787387999715406],[-116.90612904130992,32.787380916270166],[-116.90613,32.78738],[-116.90625,32.77858],[-116.91063,32.77852],[-116.91058,32.78037],[-116.91482,32.78063],[-116.91484,32.77676],[-116.91654,32.77745],[-116.91702,32.77644],[-116.91909,32.77643],[-116.91912,32.77308],[-116.9278729687002,32.773064856455534],[-116.92787200017005,32.77330800023018]]]}},{"type":"Feature","properties":{"GEOID":"06073016809","NAME":"Census Tract 168.09","BASENAME":"168.09","in_district_share":0.4815},"geometry":{"type":"Polygon","coordinates":[[[-116.90880700009795,32.82195100035001],[-116.90883700023517,32.821939000342134],[-116.90888099971778,32.821921000327364],[-116.90897299977928,32.821879000278585],[-116.9092539999867,32.82175499976721],[-116.9093469998731,32.82171399989485],[-116.90956600015622,32.821400000079514],[-116.90974199988334,32.82112299978011],[-116.90998499955757,32.820665000352854],[-116.91020300001577,32.820239999980316],[-116.91045099971289,32.819802000021426],[-116.91086499998968,32.81905000035028],[-116.91103999989186,32.81877800020274],[-116.91130699985555,32.8184080000917],[-116.91159800010868,32.818024999871774],[-116.91169900039104,32.817909999680516],[-116.91208299963228,32.81751700033236],[-116.91255899983334,32.81703100012899],[-116.9127460003294,32.81685899989854],[-116.91353700017473,32.81614099971214],[-116.91398099969044,32.81571899980369],[-116.91473600044904,32.815001999795065],[-116.9148440004041,32.814900000002915],[-116.91526399963034,32.8145070001753],[-116.91533899997343,32.81443599969258],[-116.91565199996788,32.81411600004538],[-116.915943000221,32.81379799993383],[-116.91623799977378,32.813448999982995],[-116.91651700033135,32.81308999967208],[-116.91664600020279,32.812912000258706],[-116.91671300014995,32.8128039997113],[-116.9167869997698,32.81268799995583],[-116.91732800026818,32.81185199997366],[-116.91753099975946,32.8119259998414],[-116.91758600001104,32.811946999955865],[-116.91789300015769,32.81206099995151],[-116.9179500000591,32.812082000034124],[-116.91800399958747,32.81210199974861],[-116.91814300040298,32.81215300013273],[-116.91834699971915,32.81222899971827],[-116.91838100005434,32.812241000282626],[-116.9184849998114,32.81228099963559],[-116.91851999997151,32.81229399979894],[-116.91816900034222,32.812795000288915],[-116.9171180002059,32.81429999983231],[-116.91676800040153,32.81480199991466],[-116.91647600032348,32.8152179999454],[-116.91610700025254,32.81574400031036],[-116.91530600036145,32.81684300022887],[-116.91520199970608,32.817024000240245],[-116.91517199956884,32.81707800023062],[-116.91505299974317,32.81731899992732],[-116.91495499983388,32.817552000331396],[-116.91493999976524,32.81759299985972],[-116.91487000034334,32.817790999654136],[-116.91477300025899,32.81816499973956],[-116.9146340003418,32.81870000035648],[-116.91459900018172,32.818854000161245],[-116.91458300028819,32.81892200002935],[-116.91453499970932,32.81912700036019],[-116.91451999964069,32.81919600030253],[-116.91447699998298,32.81937599976859],[-116.91444699984577,32.819507999799534],[-116.91433999971562,32.81991599975324],[-116.91429399968489,32.82009600002523],[-116.91426000024798,32.82022200037617],[-116.91415999979058,32.820602999648955],[-116.91412800000353,32.82073000030157],[-116.91406000023144,32.821015000154304],[-116.91399499993415,32.8212950000595],[-116.9138739995603,32.821736000215374],[-116.91384000012343,32.821866000007866],[-116.91377599965102,32.822125999776965],[-116.91376800015342,32.822152000240465],[-116.91372200012266,32.8222989998724],[-116.91366500022126,32.82248499981301],[-116.91357200033482,32.822737999841586],[-116.91354100037269,32.822826000076496],[-116.91351899973309,32.822883000285074],[-116.9134719998774,32.822989000178346],[-116.91342400019681,32.82309799990824],[-116.91336800012034,32.823232000168545],[-116.91332899976226,32.823312999765925],[-116.91327900043186,32.823420000136664],[-116.91321999998233,32.823527999858065],[-116.91309199993579,32.82377099988354],[-116.9130419997071,32.823852999975074],[-116.9129799997828,32.82395999969532],[-116.9129289997292,32.82404500029843],[-116.9128879997213,32.824114999668254],[-116.91276999972054,32.824294999735656],[-116.91271600019219,32.82438000001812],[-116.91250799977972,32.82467500018984],[-116.91228400037203,32.82496199990028],[-116.91227500015121,32.82497199981822],[-116.91205400021828,32.82523200030938],[-116.91077100027833,32.82659699983726],[-116.91026599976496,32.827136000268546],[-116.9099949996033,32.82743500035199],[-116.90918399966651,32.8283349996327],[-116.90891400022807,32.828634999630715],[-116.90855600002777,32.829022000086354],[-116.90758199988437,32.83007800018746],[-116.90748300015012,32.83018499995669],[-116.90732199959335,32.830362000082],[-116.90712800032291,32.83057699971707],[-116.9070379999112,32.83067400036502],[-116.90676799957447,32.83096500016358],[-116.90667899988601,32.831062999782546],[-116.90644100023465,32.83131899997135],[-116.90572800020712,32.83209000029791],[-116.90549100038066,32.83234800006068],[-116.9052779999453,32.832583999936176],[-116.90522100004391,32.83264800008857],[-116.90518699970872,32.83268400029553],[-116.90427600021279,32.83369900024964],[-116.90412499970175,32.833867999974885],[-116.90402299959447,32.83397300022729],[-116.90396700041632,32.83403200030738],[-116.90372499966864,32.834274000161926],[-116.90364400037613,32.834344999884955],[-116.90346899957562,32.834504999647955],[-116.9031999999621,32.8347240002525],[-116.90291799992978,32.834931999906104],[-116.90262400020193,32.83512699998789],[-116.90256899995032,32.8351580001821],[-116.90233100029896,32.835301999870836],[-116.90217999978792,32.835386000084675],[-116.9020319996499,32.83546200017368],[-116.90187500018936,32.83554500013697],[-116.90158300011132,32.83567799963448],[-116.9015460003014,32.83569599988029],[-116.90142999995044,32.83574400001487],[-116.90125300039846,32.835813999975855],[-116.90072299977071,32.83602500037623],[-116.90054700004362,32.83609600020859],[-116.90021200030786,32.836228999635445],[-116.90006699964458,32.83628699963529],[-116.89934000027168,32.836576999820764],[-116.89921100040026,32.83663200008741],[-116.89910900029301,32.836677000211616],[-116.89888499998699,32.83678300024638],[-116.89868499997048,32.83689100032247],[-116.89812900030178,32.83719499966362],[-116.89808699957068,32.8372180000034],[-116.89791699969138,32.83732199998883],[-116.89789300030021,32.837337999743475],[-116.89762799998637,32.83753299982431],[-116.89683200011817,32.838122000041665],[-116.8965679996292,32.83831900004572],[-116.8964820003138,32.838381999770874],[-116.89622600022075,32.8385720002526],[-116.89614099983196,32.838635999862454],[-116.89602000035642,32.8387240001942],[-116.89565600030836,32.83899400027313],[-116.89553599975943,32.839084999673],[-116.89528100038963,32.83927199998829],[-116.89504500038808,32.839447000003226],[-116.89476400018067,32.83963400031067],[-116.8944910003692,32.83979599970157],[-116.89445799985891,32.839817000020325],[-116.89421400035978,32.83994899986122],[-116.89403899955927,32.840033000206724],[-116.89393999982505,32.840082000308676],[-116.89387600025097,32.84011400032984],[-116.89354200034013,32.84025700023627],[-116.89327500037645,32.8403590003455],[-116.89309399972815,32.84042000004398],[-116.89297300025264,32.84046199962644],[-116.89280500002316,32.84051400037584],[-116.89263799961857,32.84055599991383],[-116.8921389998513,32.84068800016536],[-116.89197300016994,32.84073299974312],[-116.89174999968887,32.840801000219045],[-116.89150199999175,32.840881000357044],[-116.89108000021734,32.84099800031592],[-116.89085599991138,32.841062999723235],[-116.89051699997765,32.8411580001648],[-116.89044900020559,32.84117800012567],[-116.88950100000142,32.84144100005935],[-116.88916299989263,32.841536000096355],[-116.88911199983899,32.84154899975191],[-116.88895899967811,32.841591000309634],[-116.88890900034774,32.84160600001885],[-116.88807699959618,32.841838000078916],[-116.88712599991729,32.84210499966751],[-116.88697000028168,32.842149000011695],[-116.88671300036374,32.842234999832314],[-116.88647700036216,32.84232899975158],[-116.88634000009482,32.84239199964979],[-116.88589400003099,32.84260000020615],[-116.88573500002232,32.84269499975748],[-116.88566399987721,32.84274599993542],[-116.88562299986931,32.842776999733296],[-116.88497900033708,32.84327200029793],[-116.88431999983791,32.84377699967589],[-116.88366600025996,32.84427999995269],[-116.88353499984038,32.84440199995637],[-116.8834300002584,32.84452399979236],[-116.88333900002178,32.84465400018778],[-116.88326899970161,32.844778999662715],[-116.88320900032545,32.84492100036209],[-116.88316499994453,32.84506700004699],[-116.88313800018035,32.84521700020723],[-116.88313099960932,32.84531099998722],[-116.88311899991376,32.84559100026742],[-116.88310999969292,32.845778999690275],[-116.88310399984516,32.84594599985128],[-116.88308299992876,32.84601600006934],[-116.88303900044613,32.84608500025175],[-116.88298199964642,32.846135999991205],[-116.88291600042248,32.846172999990976],[-116.8825780003137,32.84628899978838],[-116.88250600034367,32.846147999748084],[-116.8822900004336,32.84573199968327],[-116.88221799956526,32.84559300023929],[-116.88216599968672,32.84549400006819],[-116.88201099987603,32.84519699964706],[-116.88195999982241,32.84509899978045],[-116.88192100036265,32.845024999624634],[-116.88191499961657,32.84501399970842],[-116.88177999989735,32.8447659997255],[-116.88173600041475,32.84468300008166],[-116.88170799992731,32.844631000265224],[-116.88162400026174,32.8444759998769],[-116.88159699959924,32.844424999938276],[-116.88153300002514,32.844306999967955],[-116.88134399987926,32.84395699988791],[-116.88128100013007,32.84384100006142],[-116.88123400027439,32.843753000274084],[-116.8810929998091,32.843489999643545],[-116.88104599995343,32.843403000273554],[-116.8809379999984,32.84343199982145],[-116.88061699960804,32.84351899991775],[-116.8805100003762,32.843549000191445],[-116.88048182164876,32.843548238602715],[-116.88092,32.84343],[-116.88018,32.84218],[-116.88091506664742,32.84069000003902],[-116.880930849123,32.84068071012442],[-116.88367,32.84086],[-116.88576,32.83933],[-116.88708,32.83418],[-116.88896,32.83162],[-116.89169,32.83169],[-116.89396,32.83047],[-116.8944,32.8289],[-116.89939,32.82799],[-116.89956,32.8287],[-116.90727,32.82412],[-116.90876,32.82203],[-116.90874381129842,32.821976147788604],[-116.90880700009795,32.82195100035001]]]}},{"type":"Feature","properties":{"GEOID":"06073015100","NAME":"Census Tract 151","BASENAME":"151","in_district_share":1.0},"geometry":{"type":"Polygon","coordinates":[[[-117.00282900042704,32.78704499963229],[-117.00266299984737,32.787281999650396],[-117.0025220002804,32.787509000191],[-117.00251300005955,32.78752599973903],[-117.0024960003411,32.787557999812435],[-117.00241500015025,32.78771100007507],[-117.00237999999014,32.78777599995893],[-117.00234800020309,32.78784400019327],[-117.00225899961632,32.78804600007177],[-117.0021780003238,32.78826100014882],[-117.00216099970704,32.78830800035988],[-117.00213200029305,32.788403999701565],[-117.00208100023941,32.788574999995],[-117.00202199978989,32.78883100026147],[-117.00197800030725,32.78910299992608],[-117.0019690000864,32.78918899975242],[-117.00195200036798,32.789376999996556],[-117.00194399997206,32.78965199983869],[-117.00194899999494,32.789817999949726],[-117.00203900040663,32.79159400012696],[-117.0020800004145,32.792396999920655],[-117.00208200006433,32.79242799992249],[-117.00210600035378,32.79300299962977],[-117.00217499995074,32.794665999932626],[-117.0021780003238,32.794727999853876],[-117.00219099984429,32.79503699976678],[-117.0010100000116,32.79501799978847],[-117.00042300038076,32.79539899988988],[-117.00038200037287,32.79543100015112],[-117.00000999992889,32.79580599973485],[-116.99994999965445,32.79586500024425],[-116.99975200018604,32.7959760003542],[-116.99970699998022,32.79598800009244],[-116.99927500016005,32.796075999633864],[-116.99922999995421,32.795397000297896],[-116.99922599975626,32.795279999926485],[-116.99921300023576,32.794986999934345],[-116.99921300023576,32.79496600034369],[-116.99920099964191,32.79496600034369],[-116.9991229998241,32.79497000030203],[-116.99889100002049,32.79498100037544],[-116.9988140000276,32.794986999934345],[-116.9986449999732,32.79498900029064],[-116.99813899963489,32.79499700020513],[-116.99797100030372,32.79500100016208],[-116.99754199995834,32.795010999676194],[-116.99755500037713,32.7952490001637],[-116.99750299960029,32.79524999996134],[-116.99713600007745,32.79525099975896],[-116.99713400042766,32.79522200033712],[-116.99712199983377,32.79498900029064],[-116.99473500005406,32.79500999987587],[-116.9944849998088,32.79501499963251],[-116.99415599992084,32.79501799978847],[-116.99398100001864,32.79501900034384],[-116.99377299960618,32.79501799978847],[-116.9936749996969,32.79502400009998],[-116.99357799961253,32.79502999965599],[-116.99224299979406,32.79504799983183],[-116.9920400003028,32.79505000018681],[-116.9912240003431,32.79505999969537],[-116.990267999743,32.79506699980379],[-116.99009700003877,32.79506699980379],[-116.98988000030381,32.79512600004837],[-116.9897940000901,32.795156000055364],[-116.98973800001357,32.795175999802694],[-116.98961099979198,32.79523199982638],[-116.98962000001282,32.7952490001637],[-116.98864099984648,32.79568400018274],[-116.9884419996549,32.79568499997554],[-116.98826500010288,32.79568599976826],[-116.98825400023222,32.79554399963636],[-116.98821700042227,32.7950589998956],[-116.98821400004924,32.79501600018793],[-116.98806799956105,32.795010999676194],[-116.98774200004613,32.7949980000056],[-116.98759800010609,32.79499199969228],[-116.98768599996966,32.79475199966562],[-116.98744699959504,32.794596999823284],[-116.98719800007301,32.794421999798345],[-116.98712699992791,32.79436500021214],[-116.98681700030652,32.79417900031459],[-116.98678600034438,32.79416099996279],[-116.98731100005092,32.79338800008738],[-116.98736399975436,32.79330999985669],[-116.98749400034903,32.7931639996669],[-116.9883150003316,32.79224300033595],[-116.98832500037733,32.792232999755406],[-116.9882669997527,32.79146700012662],[-116.98825500005714,32.79131199984472],[-116.98819200030793,32.790655000089146],[-116.98761999984741,32.79069199979168],[-116.98731600007379,32.79068000009393],[-116.98702300017084,32.79066599994107],[-116.98652600005339,32.79075699976253],[-116.98634000028053,32.790770999901085],[-116.98626900013542,32.79078900018387],[-116.98615899963225,32.7908169996935],[-116.98599499960072,32.79042300001132],[-116.98592500017884,32.790448999932934],[-116.98577899969065,32.79051699963401],[-116.98575699994933,32.790528000258234],[-116.98572699981212,32.79054099982707],[-116.98571799959127,32.790519000090846],[-116.98570900026877,32.790494999891905],[-116.9856769995834,32.79041499968537],[-116.98548900016073,32.78992300015569],[-116.98779099955163,32.789354999972396],[-116.9879930001163,32.78930499996605],[-116.98766400022834,32.788438999836956],[-116.98764300031193,32.78839500007451],[-116.98762800024333,32.7883530000406],[-116.98732000027174,32.78767000035629],[-116.98484800010324,32.78843399971055],[-116.98457600011666,32.78779400009266],[-116.98451400019238,32.78764899979306],[-116.98457199991871,32.78745100006471],[-116.98513900035637,32.78699200016635],[-116.98554900043519,32.786301999806575],[-116.98558399969697,32.786243999648484],[-116.98632600003681,32.786205999706695],[-116.98632600003681,32.786142999986055],[-116.98631900036413,32.78598700034194],[-116.9863040002955,32.785674000327596],[-116.98630099992248,32.78562999995257],[-116.9862399998231,32.785566999823985],[-116.98622399992958,32.78555099980822],[-116.98609800043117,32.785421999670184],[-116.98569500002506,32.785468999870965],[-116.98539899974907,32.78550299974358],[-116.98509999999833,32.785538000265305],[-116.98481999961584,32.78557200011155],[-116.98480000042265,32.78546299966996],[-116.98474000014821,32.785470999686105],[-116.98471199966077,32.78547400016398],[-116.98461799994945,32.78539200015573],[-116.98451099981935,32.78529799964805],[-116.98443399982644,32.78523099964336],[-116.98441999958273,32.78521800005363],[-116.9845920000102,32.78504899992813],[-116.98506900003618,32.784986000143306],[-116.98504599957164,32.7848820000652],[-116.98544899997778,32.78483199981009],[-116.98616700002817,32.784613000083546],[-116.98627800035626,32.78457999978834],[-116.98652699987828,32.78450300005885],[-116.98716399973783,32.78430799988675],[-116.98722200036246,32.78430600004546],[-116.98732399957139,32.78430099968673],[-116.98765300035768,32.78428300035664],[-116.98762999989314,32.78418800026557],[-116.98761700037268,32.78413399993006],[-116.98743099970153,32.78337700016777],[-116.98720399992078,32.78300400015867],[-116.98760099958083,32.782826000168036],[-116.98832500037733,32.78260700003464],[-116.98900499989456,32.78215800026864],[-116.98916499972816,32.78213300013434],[-116.98929100012485,32.78211299971975],[-116.98941999999629,32.781966000084076],[-116.98972999961767,32.781621000339804],[-116.99014600044259,32.78114699971782],[-116.9903869995687,32.78087299997509],[-116.99032200016968,32.78082800028672],[-116.99003199974146,32.78062999972605],[-116.98933999963033,32.780155999866444],[-116.98914200016192,32.78008100002058],[-116.98881499992379,32.77995800007605],[-116.98869299972505,32.77992199965481],[-116.9883300004002,32.77981799969893],[-116.98820999985126,32.779782999947884],[-116.9880919998505,32.7797490001549],[-116.9881129997669,32.77951499962819],[-116.98814200007921,32.779118999774894],[-116.99042500010185,32.779180999959834],[-116.99075099961678,32.77918899978567],[-116.9909849999685,32.77919499965455],[-116.99193200034776,32.77922399977037],[-116.99325200009761,32.779254999831686],[-116.99356599991695,32.77926600033812],[-116.9955540003868,32.77933800018625],[-116.99633299963826,32.77937899996882],[-116.99657200001288,32.77939199965649],[-116.99717700008534,32.77942399963475],[-116.99716100019184,32.77949600011031],[-116.99715799981877,32.77951399965368],[-116.99714600012321,32.77957299964181],[-116.99710199974228,32.77978399991938],[-116.99709000004674,32.77984599964092],[-116.99708400019894,32.779876000270306],[-116.99707800035115,32.779907000104444],[-116.99706099973439,32.7800010002663],[-116.99705599971152,32.78003300002559],[-116.99704200036615,32.78011299975104],[-116.99703399997023,32.78016099970287],[-116.9970170002518,32.78032500022397],[-116.99701399987873,32.78035799983176],[-116.9970120002289,32.78040700037112],[-116.99701100040402,32.78043999994851],[-116.9971100001382,32.78081699997342],[-116.99740899988895,32.78195100012305],[-116.99750900034637,32.78232999967303],[-116.99762200032427,32.782758999811996],[-116.9977779999599,32.78334400016925],[-116.99800499974059,32.784034999985096],[-116.99814500038102,32.78445700002195],[-116.99819700025955,32.784615999835125],[-116.99835299989515,32.785092999835314],[-116.99840599959859,32.78525200002225],[-116.99841700036757,32.78528500006814],[-116.99844999997951,32.785384000132474],[-116.9984619996751,32.7854189999458],[-116.998474000269,32.7854580001315],[-116.99851299972873,32.78557499983084],[-116.99852600014752,32.78561399994815],[-116.99908799966398,32.78573599972059],[-116.99994999965445,32.78592399971097],[-117.00077700038308,32.78610099964405],[-117.00093100036888,32.78613500003033],[-117.00113399986016,32.7861839996535],[-117.00133600042483,32.78624000005285],[-117.00167600018347,32.78635800013167],[-117.00255700044048,32.786665999779046],[-117.00270100038051,32.78669499972527],[-117.00305399965961,32.78676800025107],[-117.00290899989466,32.78694500001513],[-117.00282900042704,32.78704499963229]]]}},{"type":"Feature","properties":{"GEOID":"06073015002","NAME":"Census Tract 150.02","BASENAME":"150.02","in_district_share":1.0},"geometry":{"type":"Polygon","coordinates":[[[-117.01782700022116,32.77782800019069],[-117.01687700036717,32.778593000219885],[-117.01656099999968,32.778847999775046],[-117.01651099977097,32.77888599983873],[-117.01636299963296,32.77900599981399],[-117.01631499995237,32.77904599976977],[-117.01624299998237,32.77910300010997],[-117.01602799989719,32.77927600011072],[-117.0159569997521,32.77933400028013],[-117.01582600023086,32.77943900002188],[-117.01555099987124,32.779656999672646],[-117.01433200040373,32.78062499991597],[-117.01392599962455,32.78094999982543],[-117.01356900014748,32.781236000304396],[-117.01249999956948,32.7820940000014],[-117.01214399991733,32.782380999766175],[-117.01184799964133,32.782615000307615],[-117.01158800024866,32.78280100022145],[-117.01131799991191,32.78297499976448],[-117.01125900036068,32.78300799989981],[-117.01103699970452,32.78313699976225],[-117.0107460003497,32.78328600034821],[-117.01044699970066,32.78342200007729],[-117.01013899972905,32.783544999764274],[-117.00969299966523,32.78371099994406],[-117.00823800019616,32.78421299982237],[-117.00721200017418,32.78456800002125],[-117.00617199990853,32.7849320002922],[-117.00607300017431,32.78496700028335],[-117.00582799995192,32.785051999665065],[-117.00576100000478,32.785075999822304],[-117.00552599982814,32.78515900003291],[-117.00533199965939,32.78523099964336],[-117.00510999990153,32.785322999648145],[-117.00483500044022,32.78544900020631],[-117.00465299996705,32.78554199989246],[-117.00456900030146,32.78558700021727],[-117.00434199962243,32.78571600011604],[-117.00407200018401,32.785888000193474],[-117.00383299980939,32.786057000235466],[-117.00361299970137,32.78622899965355],[-117.00340699983704,32.78640599973497],[-117.00338500009572,32.78642599993961],[-117.00317900023141,32.78662399968399],[-117.00307200010127,32.78673400010669],[-117.00305399965961,32.78676800025107],[-117.00270100038051,32.78669499972527],[-117.00255700044048,32.786665999779046],[-117.00167600018347,32.78635800013167],[-117.00133600042483,32.78624000005285],[-117.00113399986016,32.7861839996535],[-117.00093100036888,32.78613500003033],[-117.00077700038308,32.78610099964405],[-116.99994999965445,32.78592399971097],[-116.99908799966398,32.78573599972059],[-116.99852600014752,32.78561399994815],[-116.99851299972873,32.78557499983084],[-116.998474000269,32.7854580001315],[-116.9984619996751,32.7854189999458],[-116.99844999997951,32.785384000132474],[-116.99841700036757,32.78528500006814],[-116.99840599959859,32.78525200002225],[-116.99835299989515,32.785092999835314],[-116.99819700025955,32.784615999835125],[-116.99814500038102,32.78445700002195],[-116.99800499974059,32.784034999985096],[-116.9977779999599,32.78334400016925],[-116.99762200032427,32.782758999811996],[-116.99750900034637,32.78232999967303],[-116.99740899988895,32.78195100012305],[-116.9971100001382,32.78081699997342],[-116.99701100040402,32.78043999994851],[-116.9970120002289,32.78040700037112],[-116.99701399987873,32.78035799983176],[-116.9970170002518,32.78032500022397],[-116.99703399997023,32.78016099970287],[-116.99704200036615,32.78011299975104],[-116.99705599971152,32.78003300002559],[-116.99706099973439,32.7800010002663],[-116.99707800035115,32.779907000104444],[-116.99708400019894,32.779876000270306],[-116.99709000004674,32.77984599964092],[-116.99710199974228,32.77978399991938],[-116.99714600012321,32.77957299964181],[-116.99715799981877,32.77951399965368],[-116.99716100019184,32.77949600011031],[-116.99717700008534,32.77942399963475],[-116.99820899995511,32.77945900028231],[-116.99900599964825,32.77942900026759],[-116.99928699985563,32.77939800026691],[-116.99978399997306,32.779319999852056],[-117.0004030002893,32.77918499987283],[-117.00073100035235,32.77910300010997],[-117.0011589999745,32.778964999859504],[-117.00137300023475,32.77888499985714],[-117.00178699961323,32.77870499996639],[-117.00194700034508,32.77862499973027],[-117.00238099981507,32.77840999977766],[-117.00291999976531,32.77810800018945],[-117.00357000004365,32.77776399982987],[-117.00365799990722,32.777722000063726],[-117.0037419995728,32.77768200026805],[-117.00382799978651,32.77764199969904],[-117.00386899979439,32.77762499977278],[-117.00388200021318,32.77761699980639],[-117.0039190000231,32.77759699988717],[-117.00393800028968,32.77759499989502],[-117.00409200027548,32.777532000118725],[-117.00423799986535,32.77747300028778],[-117.00456199973044,32.77735699975078],[-117.00459799971547,32.77734499976475],[-117.00472199956403,32.777305999798934],[-117.00516000013025,32.777164999779835],[-117.0057690004007,32.77695600009586],[-117.00624399987854,32.776794000172956],[-117.00674299964581,32.77663399996887],[-117.00766599973564,32.7763280003541],[-117.00784700038392,32.77626699970287],[-117.00863200038147,32.77600600022059],[-117.00897100031519,32.775876999837834],[-117.00976299998543,32.77557499996112],[-117.00987099994046,32.775535999974814],[-117.01067199983154,32.775245999966884],[-117.01108199991036,32.77509200014627],[-117.01111899972028,32.775137999738035],[-117.01113100031418,32.77515300009238],[-117.01115399988039,32.77518200001497],[-117.01117800016983,32.77521299997384],[-117.01129600017062,32.7753369997013],[-117.01143300043793,32.77545199983013],[-117.0114490003315,32.77546300005142],[-117.0115709996319,32.77554800020485],[-117.01171899976991,32.775633000277054],[-117.01187500030383,32.77570700007831],[-117.01205299968075,32.77577399970241],[-117.01223799962868,32.775825999793],[-117.0124719999804,32.77586599966773],[-117.01283699985338,32.775930999897824],[-117.01294700035655,32.77595000017693],[-117.01327700006944,32.776010000276266],[-117.0133869996743,32.77602999979686],[-117.0134789997358,32.77604099994669],[-117.01363799974446,32.776061000215634],[-117.01375699957013,32.776079999711676],[-117.01385000035488,32.776095999920166],[-117.01423899961898,32.77615599992106],[-117.01540600010628,32.776338999711776],[-117.01579500026872,32.776402000332716],[-117.0161760000352,32.776469000188854],[-117.01684700022996,32.77658699963246],[-117.0169760001014,32.77659999972797],[-117.01711800039162,32.77662899993426],[-117.01725599958554,32.77667200022276],[-117.01731300038529,32.776696999625656],[-117.01738600018021,32.77672899981788],[-117.01749400013524,32.77678900014733],[-117.01761799998378,32.7768779998061],[-117.01764200027323,32.776899999894795],[-117.0176959998016,32.77694900007266],[-117.01777799981737,32.77700100023189],[-117.01779399971088,32.77701100025903],[-117.01790500003897,32.777166999781706],[-117.01805700037495,32.77742699963712],[-117.01814400041359,32.77757499997085],[-117.01782700022116,32.77782800019069]]]}},{"type":"Feature","properties":{"GEOID":"06073015001","NAME":"Census Tract 150.01","BASENAME":"150.01","in_district_share":0.9972},"geometry":{"type":"Polygon","coordinates":[[[-117.00601000042512,32.79132000008999],[-117.00599700000636,32.79246600022668],[-117.00599600018144,32.79254100020313],[-117.00599399963328,32.79279699962617],[-117.00598799978549,32.79361400033088],[-117.00598500031077,32.79408800021891],[-117.00594699977762,32.79430700002597],[-117.00587999983048,32.79430600021773],[-117.00582499957888,32.79431400019367],[-117.0056649997453,32.79434399971943],[-117.0056079998439,32.7943639996494],[-117.00549900006398,32.79437300018277],[-117.00530300024539,32.79438999992916],[-117.00517400037393,32.79438699975207],[-117.00506600041892,32.79438599994473],[-117.00496900033454,32.79437799997522],[-117.0048880001437,32.794381000152676],[-117.00479199988422,32.79439700009033],[-117.00470900004353,32.79442400016735],[-117.0043690002849,32.794548000304076],[-117.00428100042136,32.79458099992162],[-117.00421100010115,32.794445999692684],[-117.00420299970526,32.794428999956985],[-117.00419600003256,32.79441600020131],[-117.00419100000967,32.794404000250935],[-117.00418500016191,32.79439099973646],[-117.00417900031412,32.79437799997522],[-117.00417400029124,32.79436500021214],[-117.00416800044346,32.794351999691955],[-117.00415300037486,32.79435400006253],[-117.00407399983382,32.79437600036034],[-117.00403399965084,32.794260999773314],[-117.00402799980306,32.79423299983774],[-117.00393300026681,32.794255000165414],[-117.00367200015093,32.79429400025251],[-117.00353200040884,32.79431500000181],[-117.0034679999364,32.794326000156246],[-117.00336099980629,32.794377000167785],[-117.0031800000563,32.79447100014208],[-117.00281600000824,32.79465700018402],[-117.00217499995074,32.794665999932626],[-117.00210600035378,32.79300299962977],[-117.00208200006433,32.79242799992249],[-117.0020800004145,32.792396999920655],[-117.00203900040663,32.79159400012696],[-117.00194899999494,32.789817999949726],[-117.00194399997206,32.78965199983869],[-117.00195200036798,32.789376999996556],[-117.0019690000864,32.78918899975242],[-117.00197800030725,32.78910299992608],[-117.00202199978989,32.78883100026147],[-117.00208100023941,32.788574999995],[-117.00213200029305,32.788403999701565],[-117.00216099970704,32.78830800035988],[-117.0021780003238,32.78826100014882],[-117.00225899961632,32.78804600007177],[-117.00234800020309,32.78784400019327],[-117.00237999999014,32.78777599995893],[-117.00241500015025,32.78771100007507],[-117.0024960003411,32.787557999812435],[-117.00251300005955,32.78752599973903],[-117.0025220002804,32.787509000191],[-117.00266299984737,32.787281999650396],[-117.00282900042704,32.78704499963229],[-117.00290899989466,32.78694500001513],[-117.00305399965961,32.78676800025107],[-117.00307200010127,32.78673400010669],[-117.00317900023141,32.78662399968399],[-117.00338500009572,32.78642599993961],[-117.00340699983704,32.78640599973497],[-117.00361299970137,32.78622899965355],[-117.00383299980939,32.786057000235466],[-117.00407200018401,32.785888000193474],[-117.00434199962243,32.78571600011604],[-117.00456900030146,32.78558700021727],[-117.00465299996705,32.78554199989246],[-117.00483500044022,32.78544900020631],[-117.00510999990153,32.785322999648145],[-117.00533199965939,32.78523099964336],[-117.00552599982814,32.78515900003291],[-117.00576100000478,32.785075999822304],[-117.00582799995192,32.785051999665065],[-117.00607300017431,32.78496700028335],[-117.00617199990853,32.7849320002922],[-117.00721200017418,32.78456800002125],[-117.00823800019616,32.78421299982237],[-117.00969299966523,32.78371099994406],[-117.01013899972905,32.783544999764274],[-117.01044699970066,32.78342200007729],[-117.0107460003497,32.78328600034821],[-117.01103699970452,32.78313699976225],[-117.01125900036068,32.78300799989981],[-117.01131799991191,32.78297499976448],[-117.01158800024866,32.78280100022145],[-117.01184799964133,32.782615000307615],[-117.01214399991733,32.782380999766175],[-117.01249999956948,32.7820940000014],[-117.01356900014748,32.781236000304396],[-117.01392599962455,32.78094999982543],[-117.01433200040373,32.78062499991597],[-117.01555099987124,32.779656999672646],[-117.01582600023086,32.77943900002188],[-117.0159569997521,32.77933400028013],[-117.01602799989719,32.77927600011072],[-117.01624299998237,32.77910300010997],[-117.01631499995237,32.77904599976977],[-117.01636299963296,32.77900599981399],[-117.01651099977097,32.77888599983873],[-117.01656099999968,32.778847999775046],[-117.01687700036717,32.778593000219885],[-117.01782700022116,32.77782800019069],[-117.01814400041359,32.77757499997085],[-117.0181739996525,32.77766700034001],[-117.01826700043722,32.77794300012145],[-117.01829800039938,32.77803600010125],[-117.01832199979049,32.77810400022803],[-117.01839399976052,32.77831100026067],[-117.01841800004995,32.77838100015182],[-117.01859200012723,32.779034999991424],[-117.01860700019586,32.779106000047385],[-117.01860999967057,32.77912499964849],[-117.01898700013744,32.78140500012101],[-117.01901800009956,32.78159200025],[-117.01910099994026,32.781970999818796],[-117.01915100016897,32.78215900021343],[-117.01921800011614,32.782380999766175],[-117.01929199973596,32.78261400036795],[-117.01972699992915,32.78397599993495],[-117.01987300041732,32.78442999993991],[-117.01991600007503,32.784577000035505],[-117.01994399966414,32.78474000005269],[-117.01994600021227,32.784774000204],[-117.01995299988498,32.78489100004774],[-117.01994600021227,32.78504199978642],[-117.01992199992284,32.78519200011332],[-117.01988199973984,32.78533899970497],[-117.01982700038657,32.78548300008663],[-117.01976299991415,32.785610000324176],[-117.01967099985266,32.78577700033081],[-117.01950299962316,32.78608700028082],[-117.01928300041345,32.78648900021499],[-117.01862599956412,32.787697000210066],[-117.01840800000421,32.78810000029806],[-117.01843999979127,32.78812999965443],[-117.01853600005074,32.788205000266636],[-117.01864300018086,32.78826800003721],[-117.01867999999078,32.788282999688356],[-117.01874399956486,32.788311999862536],[-117.0188659997636,32.78834899978464],[-117.01899399981012,32.78837100005756],[-117.01965900015709,32.78840100007768],[-117.01981300014289,32.788407999955055],[-117.01989500015864,32.78841300008292],[-117.01998899986998,32.78843100008775],[-117.02007199971065,32.788449999963],[-117.02020800015308,32.78849500032702],[-117.02034799989517,32.78856499975726],[-117.02037200018462,32.78858099998608],[-117.02046099987307,32.78864300037364],[-117.02130100012221,32.78940900015916],[-117.02160800026887,32.789690999678825],[-117.02140499987927,32.78992999991329],[-117.02079800015696,32.79065000008732],[-117.0205970003155,32.79088999985695],[-117.02049900040623,32.79100199998092],[-117.02020800015308,32.79133999994487],[-117.01981579712016,32.79134703650257],[-117.00607,32.79129],[-117.0060700825539,32.79132000008999],[-117.00601000042512,32.79132000008999]]]}},{"type":"Feature","properties":{"GEOID":"06073014701","NAME":"Census Tract 147.01","BASENAME":"147.01","in_district_share":0.9925},"geometry":{"type":"Polygon","coordinates":[[[-117.03924700028591,32.76884400034158],[-117.03895299965973,32.76884900005821],[-117.038725999879,32.768847999963846],[-117.03868400004622,32.768844999680674],[-117.03849900009828,32.768833000057555],[-117.03825800007387,32.76880200014246],[-117.03803600031604,32.7687599999235],[-117.03789099965276,32.76872099997225],[-117.03778699989567,32.76869499974343],[-117.03763399973482,32.76864899984297],[-117.0375209997569,32.76861099994013],[-117.03718199982316,32.768500999772066],[-117.03706999967018,32.768466000102144],[-117.03680600007955,32.76837999988344],[-117.03658299959845,32.76830700013326],[-117.03614400010566,32.768166000208296],[-117.03601299968608,32.768132999856114],[-117.03592499982254,32.76811199996901],[-117.03574200042274,32.768078000249105],[-117.03555400010177,32.768054000039136],[-117.03550100039833,32.76804800017449],[-117.03528999961281,32.76803500034042],[-117.03506200000716,32.76803500034042],[-117.0349869996641,32.768038999999035],[-117.03483500022647,32.76804999962581],[-117.03479900024146,32.768054000039136],[-117.03463699985973,32.768078000249105],[-117.03457400011055,32.76808799976814],[-117.03437599974382,32.76812800009926],[-117.03415800018394,32.76818000012511],[-117.03400000000019,32.76821900031345],[-117.03376800019659,32.768272999732524],[-117.03311000042065,32.768428000121126],[-117.0330719998875,32.76843399996021],[-117.03290299983311,32.76846399990474],[-117.03283699971087,32.76847300003721],[-117.03262699964856,32.76849100029942],[-117.03248199988363,32.76849299974085],[-117.03239900004297,32.768494999937545],[-117.03218800015574,32.76848499970885],[-117.03150799974019,32.76842700002202],[-117.03141999987663,32.76842000008334],[-117.0310669996992,32.768391000223446],[-117.03106500004942,32.76818299967538],[-117.03105900020161,32.76756599965359],[-117.03104900015587,32.767351000176475],[-117.03105699965347,32.76718300022007],[-117.03105400017876,32.76665500012758],[-117.03105300035384,32.766480999642816],[-117.03083200042087,32.76648000027719],[-117.03017000044699,32.76648000027719],[-117.02995000033894,32.76648000027719],[-117.02994199994305,32.76625200034881],[-117.02993400044545,32.76596399980335],[-117.0299179996536,32.7659260002651],[-117.02969599989575,32.76564799996888],[-117.02967400015446,32.76562700025088],[-117.02963399997148,32.765604999641724],[-117.02958499956769,32.76559499984377],[-117.02948400018364,32.76559800023653],[-117.02948400018364,32.76510999998415],[-117.02948400018364,32.7636509998042],[-117.02948500000855,32.76316499977139],[-117.02948500000855,32.763059000310236],[-117.02948599983347,32.762741999821735],[-117.02948699965839,32.76263700002112],[-117.02950400027513,32.7626250003166],[-117.02955600015368,32.76259399975049],[-117.02957399969702,32.76258499977906],[-117.02968599985,32.76251800004705],[-117.03002499978372,32.762324000211706],[-117.03013799976162,32.76226000003312],[-117.03018499961728,32.76223099967737],[-117.03032899955734,32.76214599964827],[-117.03037700013621,32.76211800018079],[-117.03069799962829,32.76192999975126],[-117.03166500009903,32.76136899963784],[-117.03180700038924,32.76128700007929],[-117.03198499976617,32.76117900028744],[-117.03198599959107,32.76131700016608],[-117.03198899996413,32.76172999985504],[-117.03199099961394,32.761868999807845],[-117.03225500010291,32.76186399969919],[-117.0330500001462,32.76185099971751],[-117.03331499956174,32.76184900012691],[-117.03344099995844,32.76184400001712],[-117.03349399966191,32.76184199967098],[-117.03355599958618,32.76186600004489],[-117.03362099988351,32.76187900002437],[-117.03381300040243,32.761875000089],[-117.03393999972573,32.761872999743495],[-117.03409700008456,32.76186799963506],[-117.03456900008767,32.76185999976313],[-117.03472700027143,32.76185699999982],[-117.0348939997777,32.76185300006345],[-117.03539599991802,32.761842999844056],[-117.03556400014752,32.76184000008017],[-117.03564699998817,32.761837000316234],[-117.03589800005832,32.761832999623536],[-117.03598199972392,32.76183200020572],[-117.03611099959537,32.76182999985931],[-117.03612900003702,32.76182999985931],[-117.03619299961113,32.76184000008017],[-117.03625299988559,32.76185999976313],[-117.03630800013717,32.76188999965685],[-117.03635400016792,32.76192800016243],[-117.03639099997787,32.76197300034258],[-117.03641799974203,32.762022999844575],[-117.03643299981063,32.76208999994908],[-117.03643399963555,32.76215400024986],[-117.03660100004014,32.76214400006428],[-117.03710200035555,32.76211800018079],[-117.03726999968674,32.762110000331326],[-117.03743100024352,32.76210100031097],[-117.037916999592,32.76207599982995],[-117.03807899997372,32.76206900014726],[-117.03805999970717,32.761780999667266],[-117.03804399981361,32.76152699973515],[-117.0380489998365,32.76136199989962],[-117.03810900011096,32.760921000170605],[-117.0381479995707,32.76063600031441],[-117.03817100003525,32.76046499996279],[-117.03824300000527,32.759954000347975],[-117.03826700029468,32.759783999638245],[-117.03828599966297,32.75964999968552],[-117.0383450001125,32.759250999979514],[-117.03836500020398,32.75911800018382],[-117.038549000327,32.75910700020884],[-117.0391040001708,32.75907800033705],[-117.0392890001187,32.75906799980593],[-117.03944399992943,32.75905900023355],[-117.03991299955946,32.759033999653845],[-117.0400690000934,32.759026999732],[-117.04039700015645,32.75900599996322],[-117.04064999987644,32.75900000024418],[-117.04067099979284,32.75900099969378],[-117.04218999973432,32.75902100001437],[-117.0422859999938,32.759033999653845],[-117.04239200029902,32.759069000010165],[-117.04290500030997,32.75933599975057],[-117.04313299991561,32.75933800015301],[-117.04381800035407,32.75934900009944],[-117.0440469997846,32.75935400034933],[-117.0440340002641,32.760004999666634],[-117.04399400008116,32.76195800003328],[-117.04398200038557,32.762611000281595],[-117.04407600009692,32.762611000281595],[-117.04435999977902,32.76261600034831],[-117.04437599967258,32.76261699975727],[-117.04440699963472,32.762620000250394],[-117.04445100001564,32.76263800018526],[-117.04447100010711,32.76266000001679],[-117.04448399962762,32.76269900035724],[-117.04447500030508,32.76310899995777],[-117.04444500016784,32.764555999755636],[-117.04443599994703,32.76503900009289],[-117.04443199974905,32.76523099978529],[-117.04441900022859,32.76580999978513],[-117.04441599985553,32.76600300020717],[-117.04439099974115,32.76600200008081],[-117.04431899977115,32.766000999954464],[-117.04429500038002,32.766000999954464],[-117.0443010002278,32.76633399986685],[-117.0443220001442,32.76733600001787],[-117.04432782762905,32.767581731735106],[-117.0403,32.76765],[-117.03977059644437,32.768835688955164],[-117.03924700028591,32.76884400034158]]]}},{"type":"Feature","properties":{"GEOID":"06073014702","NAME":"Census Tract 147.02","BASENAME":"147.02","in_district_share":0.9655},"geometry":{"type":"Polygon","coordinates":[[[-117.0443220001442,32.76733600001787],[-117.0443010002278,32.76633399986685],[-117.04429500038002,32.766000999954464],[-117.04431899977115,32.766000999954464],[-117.04439099974115,32.76600200008081],[-117.04441599985553,32.76600300020717],[-117.04441900022859,32.76580999978513],[-117.04443199974905,32.76523099978529],[-117.04443599994703,32.76503900009289],[-117.04444500016784,32.764555999755636],[-117.04447500030508,32.76310899995777],[-117.04448399962762,32.76269900035724],[-117.04447100010711,32.76266000001679],[-117.04445100001564,32.76263800018526],[-117.04440699963472,32.762620000250394],[-117.04437599967258,32.76261699975727],[-117.04435999977902,32.76261600034831],[-117.04407600009692,32.762611000281595],[-117.04398200038557,32.762611000281595],[-117.04399400008116,32.76195800003328],[-117.0440340002641,32.760004999666634],[-117.0440469997846,32.75935400034933],[-117.04381800035407,32.75934900009944],[-117.04313299991561,32.75933800015301],[-117.04290500030997,32.75933599975057],[-117.04239200029902,32.759069000010165],[-117.0422859999938,32.759033999653845],[-117.04218999973432,32.75902100001437],[-117.04067099979284,32.75900099969378],[-117.04064999987644,32.75900000024418],[-117.04039700015645,32.75900599996322],[-117.0400690000934,32.759026999732],[-117.03991299955946,32.759033999653845],[-117.03944399992943,32.75905900023355],[-117.0392890001187,32.75906799980593],[-117.0391040001708,32.75907800033705],[-117.038549000327,32.75910700020884],[-117.03836500020398,32.75911800018382],[-117.0383450001125,32.759250999979514],[-117.03828599966297,32.75964999968552],[-117.03826700029468,32.759783999638245],[-117.03824300000527,32.759954000347975],[-117.03817100003525,32.76046499996279],[-117.0381479995707,32.76063600031441],[-117.03810900011096,32.760921000170605],[-117.0380489998365,32.76136199989962],[-117.03804399981361,32.76152699973515],[-117.03805999970717,32.761780999667266],[-117.03807899997372,32.76206900014726],[-117.037916999592,32.76207599982995],[-117.03743100024352,32.76210100031097],[-117.03726999968674,32.762110000331326],[-117.03710200035555,32.76211800018079],[-117.03660100004014,32.76214400006428],[-117.03643399963555,32.76215400024986],[-117.03643299981063,32.76208999994908],[-117.03641799974203,32.762022999844575],[-117.03639099997787,32.76197300034258],[-117.03635400016792,32.76192800016243],[-117.03630800013717,32.76188999965685],[-117.03625299988559,32.76185999976313],[-117.03619299961113,32.76184000008017],[-117.03612900003702,32.76182999985931],[-117.03611099959537,32.76182999985931],[-117.03598199972392,32.76183200020572],[-117.03589800005832,32.761832999623536],[-117.03564699998817,32.761837000316234],[-117.03556400014752,32.76184000008017],[-117.03539599991802,32.761842999844056],[-117.0348939997777,32.76185300006345],[-117.03472700027143,32.76185699999982],[-117.03456900008767,32.76185999976313],[-117.03409700008456,32.76186799963506],[-117.03393999972573,32.761872999743495],[-117.03381300040243,32.761875000089],[-117.03362099988351,32.76187900002437],[-117.03355599958618,32.76186600004489],[-117.03349399966191,32.76184199967098],[-117.03344099995844,32.76184400001712],[-117.03331499956174,32.76184900012691],[-117.0330500001462,32.76185099971751],[-117.03225500010291,32.76186399969919],[-117.03199099961394,32.761868999807845],[-117.03198899996413,32.76172999985504],[-117.03198599959107,32.76131700016608],[-117.03198499976617,32.76117900028744],[-117.03224400023224,32.761013999807005],[-117.03263500004451,32.76076500012375],[-117.03301599981101,32.7605119997476],[-117.03327299972895,32.76034300029315],[-117.03363299957908,32.76010399990478],[-117.03471300002771,32.759391000225726],[-117.03507399970275,32.75915299975167],[-117.03524899960492,32.75903600006306],[-117.03577699968453,32.75868500007489],[-117.03595300030993,32.758570000191064],[-117.03597300040141,32.75855600027387],[-117.03603299977758,32.758516000174644],[-117.03605399969395,32.75850299970415],[-117.03627600035011,32.758355000141286],[-117.03694599982161,32.75791399987298],[-117.03716900030271,32.75776799976887],[-117.03718500019623,32.75775600016364],[-117.03723600024985,32.75772299972995],[-117.03725299996829,32.757712000338124],[-117.03753800037366,32.757519000074],[-117.03839600016614,32.75693999979367],[-117.03868200039639,32.75674899982799],[-117.03881299991764,32.75665900020838],[-117.03920700010296,32.75639600017771],[-117.03933900034743,32.75630799991644],[-117.0394849999373,32.75620799975436],[-117.03950099983082,32.756197999656465],[-117.03972799961153,32.75606499983368],[-117.03995199991752,32.755952000066785],[-117.03996600016123,32.755946000141996],[-117.04010699972824,32.75588600011655],[-117.04012099997192,32.75587899994725],[-117.04026800028501,32.75582799977651],[-117.04053799972345,32.75574599964811],[-117.0407169998236,32.75570200034039],[-117.04086900015956,32.7556670001716],[-117.04129900032986,32.75556299982631],[-117.04258899994247,32.75525499980565],[-117.04301999993771,32.75515199998296],[-117.043738999813,32.75498000018214],[-117.04509500044621,32.75465699962792],[-117.0452870000668,32.75462400031227],[-117.04548100023555,32.75460800002155],[-117.04569799997054,32.75460800002155],[-117.04590200018504,32.754627000319246],[-117.04591700025367,32.75462900007198],[-117.04609299998076,32.75466099988753],[-117.04626399968498,32.754705999962745],[-117.04644399961005,32.754769000029945],[-117.04662100006037,32.75484899979919],[-117.04680000016052,32.75492999974729],[-117.04733999993566,32.755172999905106],[-117.04751999986073,32.75525499980565],[-117.04755800039386,32.75526000028543],[-117.04766299997587,32.75528700015172],[-117.04779600004525,32.75529499985869],[-117.04783899970296,32.755290999627555],[-117.04880899964843,32.755211999747424],[-117.04909099968074,32.755190999834475],[-117.04913199968861,32.75518700035414],[-117.04914191650035,32.75518620691607],[-117.04914,32.75565],[-117.05349,32.75577],[-117.05328,32.76321],[-117.0511,32.76319],[-117.05108,32.76601],[-117.05082711062353,32.766012763818324],[-117.05005099958046,32.76601199983306],[-117.04843000043006,32.76601000033597],[-117.04689300004692,32.76600400033349],[-117.04678400026697,32.76600400033349],[-117.04656400015895,32.76600499970448],[-117.04618900024023,32.76600800008336],[-117.04590399983488,32.76600499970448],[-117.04568499955175,32.76600499970448],[-117.04566399963535,32.76600499970448],[-117.04560400025919,32.76600499970448],[-117.04558400016772,32.76600599983079],[-117.04558400016772,32.76607500021047],[-117.04558599981756,32.76633399986685],[-117.04559800041143,32.76731800027748],[-117.04560096503165,32.76756015313506],[-117.04432782762905,32.767581731735106],[-117.0443220001442,32.76733600001787]]]}},{"type":"Feature","properties":{"GEOID":"06073014901","NAME":"Census Tract 149.01","BASENAME":"149.01","in_district_share":1.0},"geometry":{"type":"Polygon","coordinates":[[[-117.01935899968312,32.7638130002328],[-117.01899499963504,32.76395900024527],[-117.01872099999865,32.764068999982655],[-117.01850900028656,32.764157000128],[-117.01830000004918,32.76424299989412],[-117.017977000009,32.76437799987763],[-117.01767599971014,32.764501000204774],[-117.01746800019598,32.76458699963859],[-117.01725200028592,32.764676000168514],[-117.0169140001771,32.76481600019399],[-117.01660399965739,32.764943999851994],[-117.01638899957221,32.76503400016226],[-117.01628599964008,32.7650749997363],[-117.01597900039172,32.76520000012659],[-117.01587700028448,32.765242999893964],[-117.01582500040594,32.76526399970255],[-117.01566800004711,32.76532699985391],[-117.01561699999348,32.765348999776364],[-117.01555000004632,32.76558000014473],[-117.01547499970326,32.76584499974399],[-117.0153509998547,32.766280000026875],[-117.01528599955738,32.766513999852044],[-117.01523100020408,32.766690999872836],[-117.01519699986892,32.766804999725565],[-117.01516599990676,32.766886000128544],[-117.01504899973091,32.76713700029364],[-117.01500500024828,32.76719700029154],[-117.01499000017967,32.76721899975186],[-117.01489899994309,32.76731600005433],[-117.01487999967651,32.767334999906495],[-117.01486999963076,32.76734199993057],[-117.01469800010162,32.76748399975968],[-117.01466799996442,32.76750900023276],[-117.0146050002152,32.767543000169994],[-117.01455400016158,32.76755999975606],[-117.01447399979563,32.76757100019739],[-117.01439299960478,32.76756400019139],[-117.01431700033513,32.7675409999519],[-117.01425799988556,32.76750900023276],[-117.01418000006777,32.76744800033511],[-117.01410999974756,32.7674130002511],[-117.0140570000441,32.76739800010299],[-117.01397900022631,32.76738999997259],[-117.01382299969238,32.76739100008334],[-117.01324699993222,32.76739399966019],[-117.01151899975336,32.767406000232675],[-117.01130500039143,32.76740799969842],[-117.01115999972818,32.76742199973445],[-117.01094800001606,32.767459000034904],[-117.01066500015882,32.76750700001391],[-117.01052000039387,32.767532999834344],[-117.01008600002561,32.767611000005445],[-117.00991500032139,32.767656000334554],[-117.00976499963527,32.767707999880756],[-117.00963599976383,32.767762999716375],[-117.00928500013454,32.76792400011113],[-117.00889099994926,32.76810600010821],[-117.00886099981201,32.76812000003447],[-117.00877100029864,32.76816099969792],[-117.00874199998633,32.768175999717506],[-117.00864099970397,32.768175000370896],[-117.00850099996191,32.76817699981943],[-117.0083529998239,32.768243999824726],[-117.0082619995873,32.76828600028715],[-117.0079090003082,32.76828600028715],[-117.00684999977595,32.76828600028715],[-117.00649800032176,32.76828600028715],[-117.00637100010015,32.76828600028715],[-117.00599000033363,32.76828600028715],[-117.00586399993695,32.76828699963251],[-117.00540899965226,32.76828099978351],[-117.00404399969658,32.768264999680746],[-117.00359000013513,32.76825999993132],[-117.00343299977632,32.76825799972927],[-117.00296199959811,32.76825099977731],[-117.00280599996249,32.76825099977731],[-117.00271800009897,32.768248000229335],[-117.002573000334,32.768246000027084],[-117.00232899993651,32.76824299972356],[-117.00239199968573,32.7675230002529],[-117.00239900025673,32.76738099973063],[-117.00240900030246,32.76714800003192],[-117.0024119997772,32.7667690000264],[-117.00225600014159,32.76479799994406],[-117.00218800036953,32.7639399996725],[-117.00218599982139,32.76391599985772],[-117.00218099979853,32.76384700007084],[-117.00217999997363,32.76382300023093],[-117.00217699960058,32.76378300023163],[-117.00217499995074,32.76374400036609],[-117.00217400012585,32.76365900027062],[-117.00217400012585,32.763620000350755],[-117.00217400012585,32.76354799987269],[-117.00218599982139,32.76334199965219],[-117.00218800036953,32.763321000145666],[-117.00219099984429,32.76317300028149],[-117.002241000073,32.76284499993028],[-117.0022569999665,32.76276800027843],[-117.00234400000514,32.7624389997796],[-117.00253399997595,32.76190700032239],[-117.00281799965808,32.76134099992608],[-117.00311300010917,32.76089200013415],[-117.00355800034811,32.76035800011915],[-117.00405999959011,32.7598670000209],[-117.00430300016265,32.759646999847796],[-117.00585800008916,32.75847399963565],[-117.00796399966147,32.756754999698636],[-117.00818499959439,32.75655800020803],[-117.008676999689,32.75612100030019],[-117.00884499991848,32.755966999876975],[-117.00906400020158,32.75576799967151],[-117.00929299963215,32.755570000020455],[-117.0099520001313,32.755004000139174],[-117.00998300009344,32.754975999936846],[-117.01021400007214,32.75477999978528],[-117.01029100006504,32.754708999966965],[-117.01052299986861,32.75449699967259],[-117.01060099968643,32.754426999885105],[-117.01071799986228,32.754320000340975],[-117.01106799966668,32.75399900018192],[-117.01118599966742,32.75389399989293],[-117.01169700002862,32.75343399964992],[-117.01174200023443,32.75347099971957],[-117.01179499993789,32.75351200008507],[-117.01194999974858,32.75363899986284],[-117.01200500000016,32.75367800037688],[-117.01210299990946,32.753758999879054],[-117.01216400000884,32.75380900021583],[-117.01239699963732,32.754002000209944],[-117.01249500044494,32.75408300017294],[-117.01262299959313,32.7541839999583],[-117.01297599977055,32.754461999785725],[-117.01301000010574,32.75448799963826],[-117.01313999980209,32.75458800022069],[-117.01317400013727,32.75461500029071],[-117.01327799989436,32.75469599969619],[-117.01331300005444,32.7547239999865],[-117.01353099961433,32.75488900003462],[-117.01418599991554,32.75538399985562],[-117.01426200008353,32.75544199972935],[-117.01441600006932,32.755533000067345],[-117.01444200000857,32.75554399972832],[-117.0145199998264,32.75558000018888],[-117.01454699959056,32.75559300033066],[-117.01548099955104,32.75603100004591],[-117.01554699967326,32.75606799979212],[-117.01564299993275,32.75612300001938],[-117.0157940004438,32.7562269997107],[-117.01594400023161,32.75635299991497],[-117.01606899990509,32.756480000174236],[-117.01617199983725,32.756607000252444],[-117.01626800009674,32.756751000288546],[-117.01634799956435,32.756902000181256],[-117.0164129998617,32.757065999744626],[-117.01645499969446,32.75721800008365],[-117.016470999588,32.75730200006034],[-117.01650200044847,32.757822999701666],[-117.01652699966449,32.75822999996157],[-117.01655599997682,32.7583929998892],[-117.01660500038064,32.75855600027387],[-117.01667200032777,32.75870800033598],[-117.01670800031278,32.758776000120704],[-117.01681899974254,32.75896799972142],[-117.01737500030956,32.75992799982499],[-117.01758700002165,32.76029400003822],[-117.0182230000563,32.761394000317374],[-117.01843599959332,32.76176099996656],[-117.01847300030155,32.76182800026823],[-117.01858600027946,32.76203000028633],[-117.01862399991428,32.762097999800346],[-117.01881300006019,32.76242400030418],[-117.01938200014764,32.76340199994164],[-117.01957200011846,32.76372800020321],[-117.01935899968312,32.7638130002328]]]}},{"type":"Feature","properties":{"GEOID":"06073016503","NAME":"Census Tract 165.03","BASENAME":"165.03","in_district_share":1.0},"geometry":{"type":"Polygon","coordinates":[[[-116.96148999979735,32.82513000018421],[-116.96134800040544,32.825082000351195],[-116.96108899993935,32.825082999813276],[-116.96031300016266,32.825086999926114],[-116.96005500041977,32.82508900035991],[-116.95998900029753,32.82508900035991],[-116.95979199975572,32.8250899998219],[-116.9597270003567,32.82509100003877],[-116.95963299974706,32.82509200025563],[-116.95952399996713,32.82509100003877],[-116.95891700024482,32.825093999934424],[-116.95871499968013,32.825096999829974],[-116.95848299987652,32.825096999829974],[-116.9577899999405,32.825099000263556],[-116.95755899996182,32.82510099994219],[-116.95753300002254,32.825099999725424],[-116.95745500020475,32.825099999725424],[-116.95742900026548,32.825102000158935],[-116.95721099980727,32.825102000158935],[-116.95655600040439,32.8251039998375],[-116.95633899977108,32.825105000054215],[-116.95628699989255,32.825105000054215],[-116.95613200008185,32.825105000054215],[-116.95608100002825,32.82510699973272],[-116.95596800005032,32.82510699973272],[-116.95562999994152,32.82510699973272],[-116.95551799978851,32.82510699973272],[-116.95546900028305,32.82510699973272],[-116.95532199996995,32.82510799994939],[-116.95527400028936,32.82510900016607],[-116.95511299973256,32.82510799994939],[-116.95463300023188,32.8251099996279],[-116.95447300039828,32.82511099984453],[-116.95439300003235,32.82511099984453],[-116.95415200000792,32.82511099984453],[-116.95407300036523,32.82511300027774],[-116.95399100034943,32.82511099984453],[-116.95374699995197,32.82511099984453],[-116.95366599976111,32.825112000061175],[-116.95349900025485,32.82511099984453],[-116.95300200013739,32.825113999739514],[-116.95283300008298,32.82510099994219],[-116.95280999961848,32.825096999829974],[-116.95274400039453,32.8250899998219],[-116.9527219997549,32.82508800014301],[-116.952532999609,32.82504899997913],[-116.95251599989057,32.82504700029932],[-116.95233000011775,32.82499599976771],[-116.95215000019269,32.82493300035829],[-116.951987999811,32.82486199990389],[-116.95196199987171,32.824850999754],[-116.95181700010677,32.82477599986228],[-116.95179500036545,32.82476400023604],[-116.95172900024322,32.82473099974588],[-116.95170699960359,32.824720000334615],[-116.9516920004333,32.82471200007569],[-116.95160600021957,32.82466599970521],[-116.95130300027087,32.82450800002363],[-116.95120299981345,32.82445599971335],[-116.95099100010134,32.82434599991488],[-116.95035800043975,32.82401599970215],[-116.95014699965424,32.823907000343894],[-116.95003600022446,32.823848999806664],[-116.94970499978835,32.82367500023252],[-116.9495950001835,32.823617999777255],[-116.94957500009201,32.82360799970689],[-116.94951599964247,32.82357700000993],[-116.9494970002742,32.82356899964806],[-116.94953599973395,32.82351799977756],[-116.94960600005415,32.82340899980819],[-116.94967600037435,32.82327000013796],[-116.94968100039722,32.82325599983327],[-116.94972300023002,32.823138999896656],[-116.94975400019216,32.82300400001063],[-116.94976900026079,32.82286700019046],[-116.94976400023789,32.82217499994731],[-116.94976199968976,32.82181099965432],[-116.94976099986486,32.821721999668924],[-116.94975900021502,32.821453999674794],[-116.94975900021502,32.82136600034541],[-116.9497499999942,32.821237000081474],[-116.94969499974262,32.82092000005335],[-116.94965499955964,32.82059700030908],[-116.94963500036648,32.82028200004902],[-116.94963000034359,32.81957400011893],[-116.94962799979545,32.81912400026302],[-116.9497149998341,32.81912199969488],[-116.94997599995001,32.81912199969488],[-116.95006399981357,32.81912199969488],[-116.95015699969997,32.81912199969488],[-116.95043600025754,32.81912199969488],[-116.95052900014397,32.81912199969488],[-116.95060000028909,32.81912199969488],[-116.95081500037425,32.81912199969488],[-116.95088700034427,32.81912299997896],[-116.95098600007846,32.81912199969488],[-116.95101500039077,32.81912199969488],[-116.95128200035447,32.81912199969488],[-116.95138199991358,32.81912299997896],[-116.95167099961859,32.81912199969488],[-116.95178199994666,32.81912299997896],[-116.95180000038833,32.81912199969488],[-116.95253799963189,32.81911900035248],[-116.95282700023519,32.81911999988164],[-116.95297100017525,32.81911900035248],[-116.95340299999539,32.81911900035248],[-116.95354699993543,32.819121000165744],[-116.95375399962468,32.81911900035248],[-116.95384700040943,32.81911900035248],[-116.9547470000347,32.81911600025497],[-116.95504800033356,32.819114999970836],[-116.95522200041084,32.81911300015745],[-116.95527699976411,32.81911199987326],[-116.95574399974433,32.819111000344],[-116.9559189996465,32.819111000344],[-116.95606799960943,32.819110000059794],[-116.95608799970093,32.81910899977557],[-116.95651500039651,32.81910800024629],[-116.95666500018432,32.81910899977557],[-116.95683500006363,32.81910800024629],[-116.95734700024971,32.81910800024629],[-116.95738599970944,32.81910800024629],[-116.95751799995395,32.819110000059794],[-116.95761800041136,32.819110000059794],[-116.95792100036006,32.819110000059794],[-116.95802199974409,32.819110000059794],[-116.95813600044521,32.81910800024629],[-116.95847799985368,32.81910800024629],[-116.95849600029531,32.81910800024629],[-116.95859199965648,32.81910899977557],[-116.95868100024327,32.81910800024629],[-116.95894800020696,32.81910800024629],[-116.95903799972032,32.81910899977557],[-116.95921500017063,32.81910800024629],[-116.95974599972499,32.81910800024629],[-116.95984100015951,32.81910899977557],[-116.95992300017531,32.819110000059794],[-116.96003299978017,32.819110000059794],[-116.960190000139,32.819110000059794],[-116.96036300039137,32.81910800024629],[-116.9604729999962,32.81910899977557],[-116.96048399986685,32.82004499967064],[-116.96050399995833,32.82049300036352],[-116.96053300027067,32.820809999650635],[-116.96055800038502,32.8209909998841],[-116.96060500024068,32.82124000010735],[-116.96061000026357,32.82126400031022],[-116.96063200000486,32.821374999654616],[-116.96066200014211,32.82152100031529],[-116.96066600034005,32.821539999913114],[-116.96068100040866,32.821598999949444],[-116.96068600043155,32.821618999786544],[-116.96088300007501,32.82231800005873],[-116.96128599958286,32.82374799983504],[-116.96143299989595,32.824274000275],[-116.96146700023114,32.82441899972085],[-116.96156000011754,32.824802000304935],[-116.96159000025477,32.824951999981145],[-116.9616329999125,32.82514100029954],[-116.96148999979735,32.82513000018421]]]}},{"type":"Feature","properties":{"GEOID":"06073014805","NAME":"Census Tract 148.05","BASENAME":"148.05","in_district_share":0.9891},"geometry":{"type":"Polygon","coordinates":[[[-117.04878400043239,32.77603999993313],[-117.04876000014295,32.77622099993939],[-117.04870200041663,32.7766790002678],[-117.04867499975413,32.77689199986315],[-117.04866999973126,32.77698000017127],[-117.04865700021078,32.77724499981808],[-117.0486530000128,32.777334999775135],[-117.04875699976989,32.777322999786136],[-117.04876763445967,32.7773218081615],[-117.0513718217018,32.77793858935043],[-117.05128300036507,32.77798299979985],[-117.0510020001577,32.7781289999839],[-117.05090900027126,32.778180000219336],[-117.05079000044557,32.778267000020385],[-117.04973799958601,32.77879799990505],[-117.0486660004316,32.77952500012805],[-117.04865517997503,32.780104291943736],[-117.04825458730359,32.780416425665656],[-117.04824896431474,32.78041944039587],[-117.04821815105208,32.78040279129427],[-117.04814699967451,32.78028200019024],[-117.04806528875969,32.78032019634596],[-117.04701,32.77975],[-117.04523937829047,32.77998963301332],[-117.04524000021114,32.77998300006623],[-117.04524400040908,32.77996399989308],[-117.04525600010467,32.77991000001471],[-117.04526100012754,32.77989199979622],[-117.04526399960227,32.77988000015207],[-117.04526799980025,32.77982300030963],[-117.04527299982308,32.77977700011859],[-117.04526500032551,32.77966800012938],[-117.04525299973162,32.779617999964906],[-117.045237999663,32.779553000162245],[-117.04504000019462,32.779616999991546],[-117.04483599998008,32.779701999953275],[-117.04465600005504,32.779796000331764],[-117.04448700000064,32.77990300022389],[-117.04445699986343,32.77992500031989],[-117.04432899981688,32.780022000369264],[-117.0443285818407,32.78002235030196],[-117.0437,32.77745],[-117.04369250977001,32.77745808548006],[-117.04369199995735,32.777445000354334],[-117.04368399956142,32.77721599981255],[-117.04360099972075,32.777322999786136],[-117.04335499967345,32.777644999685705],[-117.0432729996577,32.77775299989304],[-117.04297599955676,32.778139999874256],[-117.04276499966957,32.77841699968597],[-117.04262499992748,32.77856899982423],[-117.04248199981237,32.77870000004815],[-117.04232700000166,32.778821000256585],[-117.0421610003203,32.77893199973505],[-117.04195899975564,32.77904299983039],[-117.04187599991495,32.77907999983134],[-117.04176999960976,32.7791290003193],[-117.04157600033932,32.77920000030026],[-117.04141800015557,32.779246000034256],[-117.04136100025414,32.779261999673466],[-117.04124800027624,32.77928499990505],[-117.04113899959798,32.7793080001307],[-117.04073299971712,32.77935899969041],[-117.04056100018798,32.77938199989693],[-117.04045800025581,32.77939199965649],[-117.04014899956103,32.77942299965922],[-117.0400470003521,32.77943400014488],[-117.04002700026061,32.77943500012029],[-117.03996899963596,32.77944099997258],[-117.03995000026772,32.7794439998986],[-117.03975500027406,32.779462000207715],[-117.03917100011793,32.77951700033246],[-117.03897699994918,32.77953599984581],[-117.03882100031356,32.77955000023995],[-117.03835199978519,32.77959399984579],[-117.03819699997449,32.779609000204196],[-117.0378949998507,32.77963800018515],[-117.03787499975921,32.77963900015826],[-117.03770599970483,32.77965099983493],[-117.03690599963866,32.77968499966531],[-117.03679600003382,32.779691000256015],[-117.03658500014662,32.779715000348965],[-117.03647299999363,32.77973099990385],[-117.0363600000157,32.7797490001549],[-117.03615599980121,32.779796000331764],[-117.03613999990769,32.77980000021711],[-117.03603199995266,32.77983200004864],[-117.03596900020347,32.77985200022078],[-117.03585000037778,32.779890999825945],[-117.0357819997074,32.779917999774995],[-117.03572099960803,32.77994399974611],[-117.03551800011675,32.780031000088194],[-117.03530899987939,32.78013699973023],[-117.03519900027452,32.780201999861475],[-117.03512300010654,32.780247999832724],[-117.03503299969485,32.78029900036413],[-117.03496400009789,32.780339999703926],[-117.0347249997233,32.78045800005613],[-117.03447700002617,32.7805610000565],[-117.03423600000173,32.78064399994798],[-117.033973000236,32.780717000152556],[-117.03373700023445,32.78076699969943],[-117.03356900000497,32.78079400013786],[-117.03337800020925,32.78082700032697],[-117.03314800005549,32.780878999730405],[-117.03309000032918,32.7808919999542],[-117.03299999991748,32.78091499976442],[-117.03299700044275,32.780902000299264],[-117.03298499984888,32.7808700000973],[-117.03293999964303,32.78075400021265],[-117.0329160002519,32.78069200036856],[-117.03282599984021,32.780509999675274],[-117.03271399968723,32.780327000154756],[-117.03269500031897,32.78030100029556],[-117.03259300021172,32.78016400035985],[-117.03256100042466,32.78012500011905],[-117.03241999995933,32.7799740003425],[-117.03224199968412,32.77981399981437],[-117.03211399963757,32.779719000237975],[-117.03204599986555,32.77966900010216],[-117.03151199993813,32.779339000162736],[-117.03127500011168,32.77917300013333],[-117.03114500041535,32.779063000179825],[-117.0310859999658,32.77901399965551],[-117.03092600013223,32.7788590003318],[-117.03077799999421,32.77869500012962],[-117.03063499987907,32.77851199989723],[-117.03061099958963,32.77847699963246],[-117.03024700043989,32.777933000199035],[-117.03016799989885,32.77781600026817],[-117.03007800038549,32.777702000168105],[-117.02996299985945,32.777585999929705],[-117.02995000033894,32.77757599996717],[-117.02974500029956,32.77741399966242],[-117.02954799975775,32.777261999816986],[-117.02938399972622,32.77714499975908],[-117.02917500038716,32.77701400026698],[-117.02877899965372,32.77682500032552],[-117.02850900021531,32.776696999625656],[-117.0283610000773,32.77662299989235],[-117.02823300003077,32.776550000105345],[-117.02820999956624,32.77653700000253],[-117.02804600043302,32.77642399978378],[-117.02790599979264,32.776309000155756],[-117.0278830002264,32.776285999910165],[-117.0277779997461,32.77618500027209],[-117.02768200038497,32.77606900032198],[-117.02767099961599,32.77605200009521],[-117.02758399957735,32.775926999838596],[-117.02749999991174,32.77577799976857],[-117.02742799994174,32.77560999985678],[-117.02737799971302,32.77544999978978],[-117.02734900029903,32.77529899963264],[-117.02734699975089,32.77528800014636],[-117.0273350000553,32.77516200030379],[-117.0273350000553,32.77479600003699],[-117.0273350000553,32.77463199989959],[-117.0273350000553,32.774496000330146],[-117.02733800042836,32.77409199976139],[-117.02733900025328,32.77395800019602],[-117.02733099985736,32.773738000099954],[-117.02732099981162,32.7736040000015],[-117.02731900016178,32.77359200026471],[-117.02731199959078,32.77352999996218],[-117.02728700037476,32.77333499991077],[-117.02723799997094,32.773080999710494],[-117.02716699982582,32.77280900015531],[-117.02712499999303,32.77268399987537],[-117.02707800013737,32.77254400013905],[-117.02707099956636,32.77252599994114],[-117.02697600003012,32.772297999637225],[-117.02695400028881,32.77224999997586],[-117.02692699962631,32.772190999664254],[-117.02689999986214,32.77213600029873],[-117.02686300005222,32.77206099973575],[-117.02744999968306,32.772328999845364],[-117.02824499972635,32.77269300033648],[-117.02835500022951,32.77273999970829],[-117.02939499959687,32.77317600033114],[-117.0294749999628,32.7732070002335],[-117.0297190003603,32.77330300000869],[-117.02980100037607,32.773335999954725],[-117.02981499972144,32.77334200021825],[-117.0298609997522,32.77336299962676],[-117.02987699964574,32.77336999993209],[-117.03059200022139,32.77366500021223],[-117.0309110000636,32.77378200031374],[-117.03128000013457,32.773883999695656],[-117.03161300022049,32.77396100030684],[-117.03193500043575,32.774023000309164],[-117.03195899982688,32.77402599966246],[-117.03211799983555,32.7740469996649],[-117.03230500033162,32.77406899969817],[-117.0327200004333,32.77410600025676],[-117.03317200034495,32.774126000205264],[-117.03358800027155,32.77412700024032],[-117.03390600028887,32.774105000221454],[-117.0342469998724,32.77406699962667],[-117.03454800017128,32.77402000020037],[-117.03491100039444,32.773947999825786],[-117.03712800029481,32.77342700013156],[-117.03794599990434,32.77322799967387],[-117.03912099988922,32.772922999725715],[-117.03993199982604,32.772774999963616],[-117.04031699979049,32.772728999905716],[-117.04078600031889,32.7727070002966],[-117.04124699955301,32.77270300009239],[-117.04125900014691,32.77270300009239],[-117.04127800041348,32.77270300009239],[-117.04157799998912,32.77272599975337],[-117.04188500013579,32.77274900016367],[-117.04227299957498,32.772802999855784],[-117.04231699995593,32.77281000020516],[-117.04245099985023,32.77283399988807],[-117.04249600005608,32.77284200028446],[-117.0430269996104,32.77296400019808],[-117.0435389997965,32.77312899967897],[-117.0439000003698,32.773277999652336],[-117.04437999987053,32.7734850003368],[-117.04476999985786,32.77366400017198],[-117.0452949995644,32.77393700017252],[-117.0454200001362,32.77400000022805],[-117.04579900025287,32.77419300026434],[-117.04592800012432,32.77425800020585],[-117.04628200012667,32.77444700031213],[-117.04734599978345,32.77501399973328],[-117.04769999978579,32.77520399976759],[-117.04777599995374,32.775243999921905],[-117.0479209997187,32.77531299993807],[-117.04859000026364,32.775633000277054],[-117.0488091369351,32.775736698757775],[-117.04880455373268,32.77588437972497],[-117.04878400043239,32.77603999993313]]]}},{"type":"Feature","properties":{"GEOID":"06073014806","NAME":"Census Tract 148.06","BASENAME":"148.06","in_district_share":0.9746},"geometry":{"type":"Polygon","coordinates":[[[-117.04860600015715,32.77435499963514],[-117.04862100022578,32.774650999700675],[-117.04862600024865,32.77475000026844],[-117.04864600034013,32.774849999997635],[-117.04867599957902,32.774992999959025],[-117.0487080002644,32.77515300009238],[-117.04871900013505,32.77520599981353],[-117.04872900018078,32.7752540001465],[-117.04874699972416,32.77530299972011],[-117.04876000014295,32.77533799972276],[-117.04878199988424,32.77539700021401],[-117.04880100015082,32.77544999978978],[-117.04881674835053,32.77549144203857],[-117.0488091369351,32.775736698757775],[-117.04859000026364,32.775633000277054],[-117.0479209997187,32.77531299993807],[-117.04777599995374,32.775243999921905],[-117.04769999978579,32.77520399976759],[-117.04734599978345,32.77501399973328],[-117.04628200012667,32.77444700031213],[-117.04592800012432,32.77425800020585],[-117.04579900025287,32.77419300026434],[-117.0454200001362,32.77400000022805],[-117.0452949995644,32.77393700017252],[-117.04476999985786,32.77366400017198],[-117.04437999987053,32.7734850003368],[-117.0439000003698,32.773277999652336],[-117.0435389997965,32.77312899967897],[-117.0430269996104,32.77296400019808],[-117.04249600005608,32.77284200028446],[-117.04245099985023,32.77283399988807],[-117.04231699995593,32.77281000020516],[-117.04227299957498,32.772802999855784],[-117.04188500013579,32.77274900016367],[-117.04157799998912,32.77272599975337],[-117.04127800041348,32.77270300009239],[-117.04125900014691,32.77270300009239],[-117.04124699955301,32.77270300009239],[-117.04078600031889,32.7727070002966],[-117.04031699979049,32.772728999905716],[-117.03993199982604,32.772774999963616],[-117.03912099988922,32.772922999725715],[-117.03794599990434,32.77322799967387],[-117.03712800029481,32.77342700013156],[-117.03491100039444,32.773947999825786],[-117.03454800017128,32.77402000020037],[-117.0342469998724,32.77406699962667],[-117.03390600028887,32.774105000221454],[-117.03358800027155,32.77412700024032],[-117.03317200034495,32.774126000205264],[-117.0327200004333,32.77410600025676],[-117.03230500033162,32.77406899969817],[-117.03211799983555,32.7740469996649],[-117.03195899982688,32.77402599966246],[-117.03193500043575,32.774023000309164],[-117.03161300022049,32.77396100030684],[-117.03128000013457,32.773883999695656],[-117.0309110000636,32.77378200031374],[-117.03059200022139,32.77366500021223],[-117.02987699964574,32.77336999993209],[-117.0298609997522,32.77336299962676],[-117.02981499972144,32.77334200021825],[-117.02980100037607,32.773335999954725],[-117.0297190003603,32.77330300000869],[-117.0294749999628,32.7732070002335],[-117.02939499959687,32.77317600033114],[-117.02835500022951,32.77273999970829],[-117.02824499972635,32.77269300033648],[-117.02744999968306,32.772328999845364],[-117.02686300005222,32.77206099973575],[-117.02612099971238,32.77170400011752],[-117.02605499959013,32.771667000070934],[-117.02587899986304,32.771584000114686],[-117.02572099967927,32.77151799966652],[-117.02541500025585,32.77140900013528],[-117.02506200007844,32.771305000049274],[-117.02479299956663,32.7712329997442],[-117.02442400039399,32.7711349998648],[-117.02399900024653,32.77106100003857],[-117.0239630002615,32.77106100003857],[-117.02385799978121,32.77106100003857],[-117.02382699981908,32.77106100003857],[-117.02380099987984,32.771024999794655],[-117.02376800026786,32.770968999638015],[-117.02373700030573,32.77091599965965],[-117.02371700021423,32.77088100018391],[-117.02369899977256,32.77085000022679],[-117.02363500019845,32.7707360002671],[-117.02338900015118,32.77030799964538],[-117.02330600031048,32.77016399963004],[-117.0233349997245,32.77015799990762],[-117.02342099993821,32.77013599966294],[-117.02345000025055,32.770128999858656],[-117.02360500006125,32.77008899967139],[-117.02362900035067,32.77008299994391],[-117.0240539995998,32.769975000247726],[-117.02407299986639,32.76996999983897],[-117.02422900040031,32.76993000033561],[-117.0243699999673,32.76989300030698],[-117.02479500011475,32.76978499962488],[-117.02493700040498,32.76974900037554],[-117.02536500002714,32.76963599984658],[-117.0266499996169,32.76930100002227],[-117.02707899996228,32.769188999770535],[-117.02731599978875,32.76912299981239],[-117.02802899981629,32.768929000018524],[-117.02819799987068,32.76888300023899],[-117.02826700036596,32.76886399996186],[-117.02849699962142,32.76879999995265],[-117.02918999955747,32.76860600021012],[-117.02942200025939,32.76854200001541],[-117.02957399969702,32.76849999967379],[-117.02976399966781,32.768447999834876],[-117.02997000043045,32.76840600020422],[-117.0300370003776,32.76839700006502],[-117.03019499966304,32.76837700033981],[-117.03036899974032,32.76836399979842],[-117.03040999974819,32.768361000254316],[-117.03068699975763,32.768361000254316],[-117.03089199979702,32.76837700033981],[-117.0310669996992,32.768391000223446],[-117.03141999987663,32.76842000008334],[-117.03150799974019,32.76842700002202],[-117.03218800015574,32.76848499970885],[-117.03239900004297,32.768494999937545],[-117.03248199988363,32.76849299974085],[-117.03262699964856,32.76849100029942],[-117.03283699971087,32.76847300003721],[-117.03290299983311,32.76846399990474],[-117.0330719998875,32.76843399996021],[-117.03311000042065,32.768428000121126],[-117.03376800019659,32.768272999732524],[-117.03400000000019,32.76821900031345],[-117.03415800018394,32.76818000012511],[-117.03437599974382,32.76812800009926],[-117.03457400011055,32.76808799976814],[-117.03463699985973,32.768078000249105],[-117.03479900024146,32.768054000039136],[-117.03483500022647,32.76804999962581],[-117.0349869996641,32.768038999999035],[-117.03506200000716,32.76803500034042],[-117.03528999961281,32.76803500034042],[-117.03550100039833,32.76804800017449],[-117.03555400010177,32.768054000039136],[-117.03574200042274,32.768078000249105],[-117.03592499982254,32.76811199996901],[-117.03601299968608,32.768132999856114],[-117.03614400010566,32.768166000208296],[-117.03658299959845,32.76830700013326],[-117.03680600007955,32.76837999988344],[-117.03706999967018,32.768466000102144],[-117.03718199982316,32.768500999772066],[-117.0375209997569,32.76861099994013],[-117.03763399973482,32.76864899984297],[-117.03778699989567,32.76869499974343],[-117.03789099965276,32.76872099997225],[-117.03803600031604,32.7687599999235],[-117.03825800007387,32.76880200014246],[-117.03849900009828,32.768833000057555],[-117.03868400004622,32.768844999680674],[-117.038725999879,32.768847999963846],[-117.03895299965973,32.76884900005821],[-117.0389569998577,32.768998999735935],[-117.0389710001014,32.76944900027375],[-117.03897600012426,32.7695999997816],[-117.03897600012426,32.7696380000176],[-117.03897699994918,32.76964900020219],[-117.03898199997205,32.76991599993874],[-117.03899200001779,32.770355000276645],[-117.0390922323488,32.770355000276645],[-117.03909,32.77036],[-117.03990875592385,32.77137845249064],[-117.03990900025983,32.77137999973856],[-117.03992599997825,32.771609000191546],[-117.04027900015568,32.771650999821496],[-117.04037899971479,32.77165900032428],[-117.04037663224494,32.77134981000947],[-117.04701429272025,32.77092036924735],[-117.04701400042075,32.770923000157396],[-117.04700709015341,32.770982356994864],[-117.04649064055036,32.77347690602095],[-117.04648499961792,32.77348799970828],[-117.0466225880418,32.773532810491226],[-117.04860466465723,32.77432228168551],[-117.04860600015715,32.77435499963514]]]}},{"type":"Feature","properties":{"GEOID":"06073016504","NAME":"Census Tract 165.04","BASENAME":"165.04","in_district_share":1.0},"geometry":{"type":"Polygon","coordinates":[[[-116.96189099965535,32.80942600022216],[-116.96187700030995,32.80980400007737],[-116.96187099956386,32.80999300015704],[-116.96185300002053,32.81056299988083],[-116.96185399984543,32.81072700021025],[-116.96185800004338,32.81122100012874],[-116.96186100041643,32.81138600036999],[-116.96185300002053,32.81151099986839],[-116.96184700017274,32.81157399973621],[-116.96180500033995,32.81214700022232],[-116.96178799972319,32.812329999950975],[-116.96177699985253,32.812423999817696],[-116.96176400033205,32.81252200026367],[-116.96169200036202,32.813122000360146],[-116.9616689998975,32.81332400019075],[-116.9616139996459,32.8136399997971],[-116.96160299977525,32.81370700029076],[-116.96151999993458,32.814072999740695],[-116.96141600017751,32.81445100021395],[-116.96139799973584,32.814503999922124],[-116.96132099974294,32.814771000164676],[-116.96105799997721,32.81570699970904],[-116.96097299958842,32.81596599981981],[-116.96085799996067,32.816312999822664],[-116.96078199979269,32.81657600017299],[-116.9607609998763,32.81664800001259],[-116.96067999968545,32.816977999663365],[-116.96061799976115,32.817276999967696],[-116.96056800043075,32.817569000174956],[-116.96052099967677,32.817922000232635],[-116.96048999971464,32.81826700031319],[-116.96047899984399,32.81846899977128],[-116.9604729999962,32.81859200004979],[-116.96046999962317,32.81893699979336],[-116.9604729999962,32.81910899977557],[-116.96036300039137,32.81910800024629],[-116.960190000139,32.819110000059794],[-116.96003299978017,32.819110000059794],[-116.95992300017531,32.819110000059794],[-116.95984100015951,32.81910899977557],[-116.95974599972499,32.81910800024629],[-116.95921500017063,32.81910800024629],[-116.95903799972032,32.81910899977557],[-116.95894800020696,32.81910800024629],[-116.95868100024327,32.81910800024629],[-116.95859199965648,32.81910899977557],[-116.95849600029531,32.81910800024629],[-116.95847799985368,32.81910800024629],[-116.95813600044521,32.81910800024629],[-116.95802199974409,32.819110000059794],[-116.95792100036006,32.819110000059794],[-116.95761800041136,32.819110000059794],[-116.95751799995395,32.819110000059794],[-116.95738599970944,32.81910800024629],[-116.95734700024971,32.81910800024629],[-116.95683500006363,32.81910800024629],[-116.95666500018432,32.81910899977557],[-116.95651500039651,32.81910800024629],[-116.95608799970093,32.81910899977557],[-116.95606799960943,32.819110000059794],[-116.9559189996465,32.819111000344],[-116.95574399974433,32.819111000344],[-116.95527699976411,32.81911199987326],[-116.95522200041084,32.81911300015745],[-116.95504800033356,32.819114999970836],[-116.9547470000347,32.81911600025497],[-116.95384700040943,32.81911900035248],[-116.95375399962468,32.81911900035248],[-116.95354699993543,32.819121000165744],[-116.95340299999539,32.81911900035248],[-116.95297100017525,32.81911900035248],[-116.95282700023519,32.81911999988164],[-116.95253799963189,32.81911900035248],[-116.95180000038833,32.81912199969488],[-116.95178199994666,32.81912299997896],[-116.95167099961859,32.81912199969488],[-116.95138199991358,32.81912299997896],[-116.95128200035447,32.81912199969488],[-116.95101500039077,32.81912199969488],[-116.95098600007846,32.81912199969488],[-116.95088700034427,32.81912299997896],[-116.95081500037425,32.81912199969488],[-116.95060000028909,32.81912199969488],[-116.95052900014397,32.81912199969488],[-116.95043600025754,32.81912199969488],[-116.95015699969997,32.81912199969488],[-116.95006399981357,32.81912199969488],[-116.94997599995001,32.81912199969488],[-116.9497149998341,32.81912199969488],[-116.94962799979545,32.81912400026302],[-116.94962699997056,32.81894199971419],[-116.94962699997056,32.818398000189774],[-116.94962699997056,32.818216999957784],[-116.94962600014564,32.81803499981569],[-116.94962600014564,32.81748900017226],[-116.94962600014564,32.81730800035327],[-116.94962600014564,32.81714400009038],[-116.94962799979545,32.81690100005576],[-116.94963799984122,32.816651000193374],[-116.94964600023714,32.81648900010019],[-116.94964700006204,32.81645899974297],[-116.94965499955964,32.81633600028624],[-116.94968899989483,32.81588299967707],[-116.94970099959039,32.815732000219036],[-116.94971700038222,32.81548399998236],[-116.94972300023002,32.81544300023574],[-116.94975400019216,32.81523799970912],[-116.94980799972052,32.8150089998431],[-116.94987999969052,32.81478399996374],[-116.94995099983564,32.81460800008371],[-116.94997000010223,32.814563000101295],[-116.95007800005726,32.81434800020645],[-116.95019799970787,32.814141000248036],[-116.950560999931,32.81352699990922],[-116.95068200030485,32.813322000247005],[-116.95072300031275,32.813255999813165],[-116.95076599997043,32.81317599970204],[-116.95083999959026,32.81300899981355],[-116.95089400001694,32.81285000018421],[-116.95093000000197,32.812701999660995],[-116.95094900026855,32.81260299981106],[-116.9509540002914,32.812577999930696],[-116.95097100000984,32.81240000024668],[-116.95097100000984,32.812093999863315],[-116.95097900040577,32.81028999979378],[-116.95098299970543,32.80951899974845],[-116.95098100005558,32.80915299966247],[-116.95097900040577,32.808676000363995],[-116.95097900040577,32.808597999954955],[-116.95098100005558,32.808456000060715],[-116.95098299970543,32.808255000141486],[-116.95098299970543,32.808059000300936],[-116.95098500025355,32.80769399990046],[-116.95153500007444,32.80769199983002],[-116.95318700008532,32.80768799968895],[-116.95373799973113,32.807687000031194],[-116.95461899998816,32.807684999960586],[-116.95726299968581,32.807682000232134],[-116.95736399996815,32.807682000232134],[-116.95814499976774,32.807678000090604],[-116.9585849999838,32.807678999748525],[-116.95990700028179,32.807682000232134],[-116.96034800032271,32.807684999960586],[-116.96062100013421,32.807684999960586],[-116.96144100029187,32.807687000031194],[-116.96171499992823,32.80768799968895],[-116.96175900030919,32.807684999960586],[-116.96189200037857,32.807682000232134],[-116.96189099965535,32.80825999990837],[-116.96189099965535,32.80942600022216]]]}},{"type":"Feature","properties":{"GEOID":"06073014902","NAME":"Census Tract 149.02","BASENAME":"149.02","in_district_share":1.0},"geometry":{"type":"Polygon","coordinates":[[[-117.02362299960458,32.77104899995891],[-117.02302199973005,32.771014999850145],[-117.02282300043674,32.77100499990458],[-117.02272700017726,32.771000999623936],[-117.02250000039656,32.77099600002813],[-117.0223770003729,32.770994999957885],[-117.02235200025855,32.770994999957885],[-117.02199499988316,32.77100700004489],[-117.02167100001807,32.771033000353654],[-117.02165400029963,32.77103399966812],[-117.02137999976493,32.771068999839045],[-117.02132899971132,32.77108300005462],[-117.02100900004416,32.77111099972375],[-117.02065699969167,32.771165999722726],[-117.02032500032895,32.7712329997442],[-117.02028099994803,32.77124299966416],[-117.0199970002659,32.771313999894474],[-117.01965900015709,32.77141200033207],[-117.01931199982747,32.77152999968296],[-117.01898700013744,32.77165800026149],[-117.01871299960273,32.77177900022594],[-117.01840399980627,32.77193100037278],[-117.01723499966916,32.77257600031399],[-117.01702999962974,32.77268900013166],[-117.01642899975519,32.772989999935156],[-117.01639600014325,32.773008000039226],[-117.01629300021108,32.7730639996682],[-117.01626200024894,32.77308199975731],[-117.01622399971579,32.773098999796105],[-117.01611599976079,32.7731560001692],[-117.01608099960067,32.773175000285384],[-117.01601500037674,32.77320300005177],[-117.01589900002578,32.773255000134],[-117.0157940004438,32.77329599969815],[-117.01570700040514,32.773335999954725],[-117.01517400030271,32.77353400012915],[-117.01475400017813,32.773689999704615],[-117.01341699981151,32.774216000295574],[-117.01296499989989,32.77439500017107],[-117.01146100002704,32.77497200017981],[-117.01108199991036,32.77509200014627],[-117.01067199983154,32.775245999966884],[-117.00987099994046,32.775535999974814],[-117.00976299998543,32.77557499996112],[-117.00897100031519,32.775876999837834],[-117.00863200038147,32.77600600022059],[-117.00784700038392,32.77626699970287],[-117.00766599973564,32.7763280003541],[-117.00674299964581,32.77663399996887],[-117.00624399987854,32.776794000172956],[-117.0057690004007,32.77695600009586],[-117.00516000013025,32.777164999779835],[-117.00472199956403,32.777305999798934],[-117.00459799971547,32.77734499976475],[-117.00456199973044,32.77735699975078],[-117.00423799986535,32.77747300028778],[-117.00409200027548,32.777532000118725],[-117.00393800028968,32.77759499989502],[-117.0039190000231,32.77759699988717],[-117.00388200021318,32.77761699980639],[-117.00386899979439,32.77762499977278],[-117.00382699996159,32.777491000240325],[-117.00382000028891,32.7774680003003],[-117.00380799969501,32.7774289996331],[-117.0038050002203,32.77741999965099],[-117.00379599999945,32.777389999704106],[-117.00375199961853,32.77724899981811],[-117.00369899991509,32.77708099966232],[-117.00367999964851,32.77702400029267],[-117.00356500002079,32.77666800019684],[-117.00316800036076,32.775430000138826],[-117.00303600011627,32.775018999858645],[-117.00293700038208,32.774688000017335],[-117.00290600041994,32.77458399998639],[-117.00264000028113,32.77370000010379],[-117.00254200037188,32.77336999993209],[-117.0025220002804,32.773280999786124],[-117.00246299983081,32.77301100018206],[-117.00244299973933,32.772920999628475],[-117.00231600041606,32.772514000059],[-117.00225899961632,32.772293000114324],[-117.00224000024808,32.77221600032596],[-117.00217300030091,32.77187600009118],[-117.00212600044526,32.771518999730894],[-117.00210200015582,32.77120199990962],[-117.00209600030804,32.77085599990256],[-117.0021089998285,32.77052400036467],[-117.00212600044526,32.77034600033447],[-117.00213999979063,32.77020700002096],[-117.00215499985926,32.770092999993075],[-117.00219400021732,32.7696989999252],[-117.00232899993651,32.76824299972356],[-117.002573000334,32.768246000027084],[-117.00271800009897,32.768248000229335],[-117.00280599996249,32.76825099977731],[-117.00296199959811,32.76825099977731],[-117.00343299977632,32.76825799972927],[-117.00359000013513,32.76825999993132],[-117.00404399969658,32.768264999680746],[-117.00540899965226,32.76828099978351],[-117.00586399993695,32.76828699963251],[-117.00599000033363,32.76828600028715],[-117.00637100010015,32.76828600028715],[-117.00649800032176,32.76828600028715],[-117.00684999977595,32.76828600028715],[-117.0079090003082,32.76828600028715],[-117.0082619995873,32.76828600028715],[-117.0083529998239,32.768243999824726],[-117.00850099996191,32.76817699981943],[-117.00864099970397,32.768175000370896],[-117.00874199998633,32.768175999717506],[-117.00877100029864,32.76816099969792],[-117.00886099981201,32.76812000003447],[-117.00889099994926,32.76810600010821],[-117.00928500013454,32.76792400011113],[-117.00963599976383,32.767762999716375],[-117.00976499963527,32.767707999880756],[-117.00991500032139,32.767656000334554],[-117.01008600002561,32.767611000005445],[-117.01052000039387,32.767532999834344],[-117.01066500015882,32.76750700001391],[-117.01094800001606,32.767459000034904],[-117.01115999972818,32.76742199973445],[-117.01130500039143,32.76740799969842],[-117.01151899975336,32.767406000232675],[-117.01324699993222,32.76739399966019],[-117.01382299969238,32.76739100008334],[-117.01397900022631,32.76738999997259],[-117.0140570000441,32.76739800010299],[-117.01410999974756,32.7674130002511],[-117.01418000006777,32.76744800033511],[-117.01425799988556,32.76750900023276],[-117.01431700033513,32.7675409999519],[-117.01439299960478,32.76756400019139],[-117.01447399979563,32.76757100019739],[-117.01455400016158,32.76755999975606],[-117.0146050002152,32.767543000169994],[-117.01466799996442,32.76750900023276],[-117.01469800010162,32.76748399975968],[-117.01486999963076,32.76734199993057],[-117.01487999967651,32.767334999906495],[-117.01489899994309,32.76731600005433],[-117.01499000017967,32.76721899975186],[-117.01500500024828,32.76719700029154],[-117.01504899973091,32.76713700029364],[-117.01516599990676,32.766886000128544],[-117.01519699986892,32.766804999725565],[-117.01523100020408,32.766690999872836],[-117.01528599955738,32.766513999852044],[-117.0153509998547,32.766280000026875],[-117.01547499970326,32.76584499974399],[-117.01555000004632,32.76558000014473],[-117.01561699999348,32.765348999776364],[-117.01566800004711,32.76532699985391],[-117.01582500040594,32.76526399970255],[-117.01587700028448,32.765242999893964],[-117.01597900039172,32.76520000012659],[-117.01628599964008,32.7650749997363],[-117.01638899957221,32.76503400016226],[-117.01660399965739,32.764943999851994],[-117.0169140001771,32.76481600019399],[-117.01725200028592,32.764676000168514],[-117.01746800019598,32.76458699963859],[-117.01767599971014,32.764501000204774],[-117.017977000009,32.76437799987763],[-117.01830000004918,32.76424299989412],[-117.01850900028656,32.764157000128],[-117.01872099999865,32.764068999982655],[-117.01899499963504,32.76395900024527],[-117.01935899968312,32.7638130002328],[-117.01957200011846,32.76372800020321],[-117.01966500000488,32.763892000036414],[-117.01994700003719,32.76438699966781],[-117.02004099974852,32.76455199994052],[-117.02012799978715,32.76470499972786],[-117.02025199963572,32.764921999829454],[-117.02039099955289,32.76516499991413],[-117.02048000013966,32.765319000292784],[-117.02056299998034,32.76546399996924],[-117.02065699969167,32.76562799962609],[-117.0208130002256,32.765901000102765],[-117.02089699989118,32.766046999712515],[-117.02105599989983,32.76631700004667],[-117.02153299992581,32.76712800002609],[-117.02169199993445,32.7674000003243],[-117.02174399981301,32.76748999966234],[-117.02190000034692,32.767761000258616],[-117.02195300005036,32.76785200009261],[-117.02219300024989,32.768267999983536],[-117.02272899982711,32.769197999829636],[-117.02291299995012,32.76951600007698],[-117.0230600002632,32.769770999960514],[-117.0231530001496,32.76993299982691],[-117.02318300028685,32.76997899981917],[-117.02327600017325,32.77011899981353],[-117.02330600031048,32.77016399963004],[-117.02338900015118,32.77030799964538],[-117.02363500019845,32.7707360002671],[-117.02369899977256,32.77085000022679],[-117.02371700021423,32.77088100018391],[-117.02373700030573,32.77091599965965],[-117.02376800026786,32.770968999638015],[-117.02380099987984,32.771024999794655],[-117.02382699981908,32.77106100003857],[-117.02362299960458,32.77104899995891]]]}},{"type":"Feature","properties":{"GEOID":"06073016401","NAME":"Census Tract 164.01","BASENAME":"164.01","in_district_share":1.0},"geometry":{"type":"Polygon","coordinates":[[[-116.93572899981824,32.808512000024805],[-116.93572899981824,32.80871399976406],[-116.93572899981824,32.80876000008904],[-116.93572899981824,32.80891199971325],[-116.93572899981824,32.809509999993374],[-116.93572999964316,32.80970900006924],[-116.93572799999333,32.81006999971075],[-116.93572299997044,32.81115499964442],[-116.93572200014555,32.811518000191484],[-116.93572200014555,32.8118880003047],[-116.93572200014555,32.812997999705935],[-116.93572299997044,32.81336999963946],[-116.93572299997044,32.81358000016852],[-116.93572399979537,32.81421099987218],[-116.93572499962029,32.81442299984261],[-116.93572399979537,32.814618999992064],[-116.93572299997044,32.8152100003407],[-116.93572299997044,32.815406999834984],[-116.93572299997044,32.815603999647536],[-116.93572299997044,32.81619500023919],[-116.93572399979537,32.81639399968913],[-116.93572399979537,32.81648500035514],[-116.93572399979537,32.816760999706126],[-116.93572399979537,32.81685500017015],[-116.93572399979537,32.81690999981726],[-116.93572399979537,32.81707899978275],[-116.93572499962029,32.81713599990411],[-116.93572499962029,32.81717799993039],[-116.93572499962029,32.817307000048764],[-116.93572499962029,32.81735000029824],[-116.93572499962029,32.81747299986108],[-116.93572499962029,32.817849000372085],[-116.9357260003435,32.81797399983813],[-116.9357260003435,32.81814300004458],[-116.9357260003435,32.818655000181735],[-116.9357260003435,32.81882599966756],[-116.93572399979537,32.81900400006743],[-116.93572399979537,32.819063999808],[-116.93569899968102,32.81923699982713],[-116.93565900039636,32.8193839997532],[-116.93560400014478,32.81952099966045],[-116.93552999962661,32.81966499979258],[-116.93552100030409,32.81967899990833],[-116.93549000034196,32.8197299997181],[-116.93539599973231,32.819857999629804],[-116.93534100037903,32.8199180003035],[-116.93473499958331,32.82058300033804],[-116.93453399974186,32.82080600010011],[-116.93432000037994,32.82080700036522],[-116.93368000014735,32.820809999650635],[-116.93346699971201,32.82081200018076],[-116.93330699987843,32.82081099991569],[-116.93282800020265,32.8208139999559],[-116.93266900019398,32.820815999731],[-116.93250199978942,32.820815999731],[-116.9320020001972,32.820818999771035],[-116.93183599961753,32.82082100030095],[-116.93181300005132,32.82082100030095],[-116.93174699992908,32.82082100030095],[-116.93172500018778,32.82082100030095],[-116.93143499975955,32.82082199981097],[-116.9305660000964,32.82082499985079],[-116.93027700039141,32.820826999625716],[-116.92995099997816,32.820826999625716],[-116.92897400036,32.820826999625716],[-116.92864899977167,32.820826999625716],[-116.92854400018969,32.820826999625716],[-116.9282289996471,32.820826999625716],[-116.92812499989004,32.82082799989058],[-116.9279829995998,32.820826999625716],[-116.92755699962746,32.82082499985079],[-116.92741600006048,32.8208260001157],[-116.92733200039488,32.82082499985079],[-116.92708200014962,32.82082499985079],[-116.92699900030894,32.82082499985079],[-116.92691800011809,32.82082499985079],[-116.92667500044384,32.82082499985079],[-116.92659500007791,32.82082499985079],[-116.92645600016071,32.820824000340814],[-116.92604000023414,32.82082199981097],[-116.92590200014186,32.8208230000759],[-116.9257859997909,32.82082199981097],[-116.92543799963636,32.82082199981097],[-116.92532300000863,32.820824000340814],[-116.92517099967267,32.82082199981097],[-116.9247149995631,32.82082199981097],[-116.92456399995034,32.82082199981097],[-116.92442400020828,32.82082100030095],[-116.92400599973351,32.82082100030095],[-116.92386699981634,32.82082100030095],[-116.92375899986133,32.820818999771035],[-116.9234349999962,32.82081800026099],[-116.9233270000412,32.82081800026099],[-116.92323300032987,32.82081800026099],[-116.92295100029754,32.82081800026099],[-116.92285800041114,32.82081800026099],[-116.92268500015878,32.820815999731],[-116.92222999987409,32.820815999731],[-116.92216899977471,32.82080799987539],[-116.92206900021563,32.820795999713106],[-116.92199899989542,32.820781000262976],[-116.92192299972744,32.82075999997157],[-116.92189000011547,32.82075200011087],[-116.92177700013758,32.820705999954434],[-116.92170500016755,32.820676000266204],[-116.92163300019752,32.82064599981295],[-116.9213000001116,32.82051399996311],[-116.9209970001629,32.82039400013526],[-116.9203009998538,32.82011799999154],[-116.91996799976788,32.81998699963148],[-116.91994100000369,32.81997500011323],[-116.91985999981284,32.819940999833804],[-116.91983399987357,32.81992999982945],[-116.9197319997663,32.819887000073756],[-116.91967400004,32.81986300025375],[-116.91952400025218,32.819781000253535],[-116.91944600043436,32.8197269996413],[-116.91938500033501,32.81968500006509],[-116.9193569998476,32.819662999991564],[-116.91925399991543,32.81957599992194],[-116.91914900033345,32.8194699997307],[-116.91909099970881,32.81939799991319],[-116.91904800005112,32.819345999631274],[-116.91895500016467,32.81920100020873],[-116.91888200036975,32.81904799978047],[-116.9186530000409,32.8183679997222],[-116.91853400021522,32.81801300008852],[-116.9184289997349,32.81770000032582],[-116.91811499991556,32.816760999706126],[-116.91801100015847,32.81644900037658],[-116.91786999969317,32.81603899971763],[-116.9177519996924,32.815692000154634],[-116.91769300014116,32.81556499984965],[-116.91762000034623,32.81544199991023],[-116.91752400008674,32.81531500000289],[-116.91741299975867,32.815196999848986],[-116.91729499975791,32.81509500028068],[-116.91716300041175,32.8149999998891],[-116.9171540001909,32.81499499974642],[-116.91700100003003,32.81490799963553],[-116.91676800040153,32.81480199991466],[-116.9171180002059,32.81429999983231],[-116.91816900034222,32.812795000288915],[-116.91851999997151,32.81229399979894],[-116.9184849998114,32.81228099963559],[-116.91838100005434,32.812241000282626],[-116.91834699971915,32.81222899971827],[-116.91814300040298,32.81215300013273],[-116.91800399958747,32.81210199974861],[-116.9179500000591,32.812082000034124],[-116.91789300015769,32.81206099995151],[-116.91758600001104,32.811946999955865],[-116.91753099975946,32.8119259998414],[-116.91732800026818,32.81185199997366],[-116.91800399958747,32.81070399980482],[-116.91940899972612,32.80841199963267],[-116.9198420002695,32.8077079996373],[-116.92028099976231,32.80770699997977],[-116.92160200023538,32.807704000252],[-116.92204199955313,32.807704000252],[-116.92236999961618,32.807702000181784],[-116.92335700017841,32.807702000181784],[-116.92368600006638,32.80770299983943],[-116.92433100032186,32.807702000181784],[-116.92517300022081,32.80770299983943],[-116.92549500043607,32.807704000252],[-116.92626500036505,32.807704000252],[-116.9269110004454,32.807704999909625],[-116.92747200013694,32.80770600032222],[-116.9291579995847,32.80770900004987],[-116.9297199999995,32.80771100011994],[-116.93003999966663,32.80770900004987],[-116.93099999956637,32.80770600032222],[-116.93132099995672,32.807704999909625],[-116.931755000325,32.807704999909625],[-116.93306000000625,32.80770600032222],[-116.93349500019941,32.80770699997977],[-116.93394200008818,32.80770699997977],[-116.93462400015358,32.80770900004987],[-116.9352829997544,32.80770699997977],[-116.93573100036639,32.80770600032222],[-116.93572999964316,32.807906999972936],[-116.93572899981824,32.808512000024805]]]}},{"type":"Feature","properties":{"GEOID":"06073016100","NAME":"Census Tract 161","BASENAME":"161","in_district_share":1.0},"geometry":{"type":"Polygon","coordinates":[[[-117.00587800018064,32.79472899965737],[-117.0058050003857,32.795179999751596],[-117.0057760000734,32.79543299974229],[-117.00575799963174,32.795648000084896],[-117.00573400024061,32.79601700001962],[-117.00572199964674,32.79647099972915],[-117.00572500001977,32.79716799967201],[-117.00572199964674,32.797666000028876],[-117.0057180003471,32.79786800025187],[-117.00571199960096,32.79827500012218],[-117.00570800030134,32.79856000025815],[-117.00567999981394,32.80038399988252],[-117.00566899994328,32.801087999743466],[-117.00570499992828,32.80261000014463],[-117.00560899966881,32.80258800037408],[-117.0053479995529,32.802536999786675],[-117.00484499958766,32.80248099983343],[-117.00470999986845,32.80246700002835],[-117.00393400009173,32.80237999973423],[-117.00377699973288,32.80235899962439],[-117.00350700029446,32.80230900013403],[-117.00334599973766,32.80226699987595],[-117.003226999912,32.802237000003046],[-117.00286399968881,32.80212000032648],[-117.00264100010607,32.80204500012367],[-117.00242000017312,32.801974000255974],[-117.0021950000422,32.801914000302254],[-117.00196400006354,32.801868000209694],[-117.00173300008487,32.80183800020215],[-117.00148000036486,32.801811000111186],[-117.00072399978134,32.80173199999371],[-117.00047199988624,32.80170600035068],[-117.00027600006767,32.80180099985168],[-117.000081000074,32.801880999630896],[-117.00005699978456,32.80189200035944],[-116.99983199965365,32.801971000334724],[-116.99960099967497,32.80203799980953],[-116.99884099979178,32.80221599985947],[-116.99842400004027,32.802314000235384],[-116.99823999991726,32.80235200009011],[-116.99768800044652,32.80246600031187],[-116.99750400032353,32.80250400010162],[-116.9971100001382,32.80258100010269],[-116.99593199978028,32.80281500035362],[-116.9955390003182,32.80289299979699],[-116.99517100007215,32.80297000021615],[-116.99406999970712,32.80320200002665],[-116.9937030001843,32.80327999988555],[-116.99322000031056,32.803433999986765],[-116.99260099999435,32.80364899985837],[-116.99258000007796,32.80365800020691],[-116.99216499997627,32.803813999811084],[-116.99157499997239,32.80410099970834],[-116.99082400031001,32.80457800015291],[-116.9901189997801,32.80514900031389],[-116.98968899960977,32.80551800007877],[-116.98942500001915,32.80574599980624],[-116.9891959996903,32.80592100019385],[-116.98895399984096,32.806082999921955],[-116.98875299999949,32.806201999771794],[-116.98871399964143,32.80622499983225],[-116.98853999956417,32.80631400023999],[-116.9884640002945,32.806353999995515],[-116.98822099972193,32.80646499984563],[-116.98792500034425,32.8065799997482],[-116.98787500011551,32.80659599975565],[-116.98764599978668,32.80667099989393],[-116.98738899986874,32.80673999969342],[-116.98710500018662,32.8068020002554],[-116.98701700032302,32.806814999710134],[-116.98682800017714,32.80684800005987],[-116.98652699987828,32.80688299973101],[-116.98508699957952,32.80697299990074],[-116.98444300004728,32.807015999865776],[-116.98348499979737,32.807089999985116],[-116.98061099994595,32.807311999973535],[-116.97965299969604,32.80738599984649],[-116.97965400041926,32.80706999989774],[-116.97966000026705,32.806124999887125],[-116.97966100009194,32.80604700025954],[-116.97966199991686,32.805809999664376],[-116.97944000015903,32.80580899998549],[-116.97877399998715,32.80580800030659],[-116.9785520002293,32.80580800030659],[-116.97834299999195,32.80580899998549],[-116.97771899965288,32.805816000002665],[-116.9775110001387,32.80582000022793],[-116.97750699994079,32.80511800021689],[-116.97749799971992,32.80301599973852],[-116.9774950002452,32.80231599967174],[-116.9774950002452,32.80208999964889],[-116.9774950002452,32.80141700006023],[-116.9774950002452,32.80119300023388],[-116.97749400042028,32.800933000374926],[-116.97749400042028,32.800153000011264],[-116.97749400042028,32.79989399987657],[-116.97749400042028,32.79909600010576],[-116.97749600007012,32.79670299988667],[-116.97749699989501,32.795905999960844],[-116.97766099992656,32.79577699973887],[-116.9776869998658,32.795757000126706],[-116.97765699972858,32.795287000017595],[-116.9776729996221,32.79516399995482],[-116.97770100010953,32.79495600006942],[-116.97789500027828,32.79495600006942],[-116.97796100040053,32.79495799967126],[-116.9780659999825,32.79495799967126],[-116.97838200035,32.794960000028205],[-116.97848799975691,32.794960999829094],[-116.97884199975923,32.794960999829094],[-116.97990399976622,32.794963000185966],[-116.98025899959346,32.79496399998688],[-116.98077699962731,32.79496399998688],[-116.98220799970522,32.794964999787716],[-116.98233099972887,32.79495600006942],[-116.98240199987399,32.79495100030941],[-116.98257900032431,32.79492599999495],[-116.98275199967834,32.79489000034532],[-116.98284000044022,32.79486500001372],[-116.98293800034952,32.7948380000706],[-116.98311699955133,32.79477300006192],[-116.98330300022249,32.794688999957174],[-116.98346700025401,32.79459900018835],[-116.98363299993538,32.7944879998698],[-116.98367300011833,32.794455000217745],[-116.98376400035495,32.79438500013733],[-116.98390599974685,32.79425299979261],[-116.98402399974762,32.79412199981742],[-116.98413699972555,32.79397099963545],[-116.98423899983277,32.79380200028287],[-116.98431199962772,32.79364599972414],[-116.98436600005438,32.793496999878876],[-116.98482700018684,32.79196400010509],[-116.98495500023337,32.79154399986904],[-116.98503999972385,32.79133699966487],[-116.98513000013554,32.79116000033399],[-116.98516600012054,32.79109800019065],[-116.9851989997325,32.79119599998324],[-116.98524099956532,32.79137100031515],[-116.98526099965679,32.7915209997862],[-116.9852670004029,32.791686000346964],[-116.98526400002984,32.7917219997833],[-116.98517600016629,32.79307099964349],[-116.98517500034139,32.79314599986486],[-116.98518500038713,32.79325599977302],[-116.98520799995335,32.79336399990752],[-116.98524399993835,32.79346899970274],[-116.98529900018993,32.793583999803666],[-116.98531099988551,32.793602000272216],[-116.98565700039025,32.79413799980168],[-116.98572699981212,32.79424899980202],[-116.98582300007158,32.79436799963483],[-116.98592400035392,32.79446700016129],[-116.9860570004233,32.79456899999346],[-116.98618899976947,32.79464900023894],[-116.98637100024267,32.79473100001947],[-116.9864780003728,32.7947929998954],[-116.98653399955097,32.79483499990856],[-116.98657499955887,32.79486700037276],[-116.98665900012276,32.79495100030941],[-116.98672799971972,32.795043999877],[-116.98676999955251,32.79497999981963],[-116.98686400016217,32.79483999967509],[-116.98689900032228,32.79479200009262],[-116.98694500035302,32.79473199982292],[-116.98701200030018,32.79464299990212],[-116.98704099971418,32.79460700013794],[-116.98719800007301,32.794421999798345],[-116.98744699959504,32.794596999823284],[-116.98768599996966,32.79475199966562],[-116.98759800010609,32.79499199969228],[-116.98774200004613,32.7949980000056],[-116.98806799956105,32.795010999676194],[-116.98821400004924,32.79501600018793],[-116.98821700042227,32.7950589998956],[-116.98825400023222,32.79554399963636],[-116.98826500010288,32.79568599976826],[-116.9884419996549,32.79568499997554],[-116.98864099984648,32.79568400018274],[-116.98962000001282,32.7952490001637],[-116.98961099979198,32.79523199982638],[-116.98973800001357,32.795175999802694],[-116.9897940000901,32.795156000055364],[-116.98988000030381,32.79512600004837],[-116.99009700003877,32.79506699980379],[-116.990267999743,32.79506699980379],[-116.9912240003431,32.79505999969537],[-116.9920400003028,32.79505000018681],[-116.99224299979406,32.79504799983183],[-116.99357799961253,32.79502999965599],[-116.9936749996969,32.79502400009998],[-116.99377299960618,32.79501799978847],[-116.99398100001864,32.79501900034384],[-116.99415599992084,32.79501799978847],[-116.9944849998088,32.79501499963251],[-116.99473500005406,32.79500999987587],[-116.99712199983377,32.79498900029064],[-116.99713400042766,32.79522200033712],[-116.99713600007745,32.79525099975896],[-116.99750299960029,32.79524999996134],[-116.99755500037713,32.7952490001637],[-116.99754199995834,32.795010999676194],[-116.99797100030372,32.79500100016208],[-116.99813899963489,32.79499700020513],[-116.9986449999732,32.79498900029064],[-116.9988140000276,32.794986999934345],[-116.99889100002049,32.79498100037544],[-116.9991229998241,32.79497000030203],[-116.99920099964191,32.79496600034369],[-116.99921300023576,32.79496600034369],[-116.99921300023576,32.794986999934345],[-116.99922599975626,32.795279999926485],[-116.99922999995421,32.795397000297896],[-116.99927500016005,32.796075999633864],[-116.99970699998022,32.79598800009244],[-116.99975200018604,32.7959760003542],[-116.99994999965445,32.79586500024425],[-117.00000999992889,32.79580599973485],[-117.00038200037287,32.79543100015112],[-117.00042300038076,32.79539899988988],[-117.0010100000116,32.79501799978847],[-117.00219099984429,32.79503699976678],[-117.0021780003238,32.794727999853876],[-117.00217499995074,32.794665999932626],[-117.00281600000824,32.79465700018402],[-117.0031800000563,32.79447100014208],[-117.00336099980629,32.794377000167785],[-117.0034679999364,32.794326000156246],[-117.00353200040884,32.79431500000181],[-117.00367200015093,32.79429400025251],[-117.00393300026681,32.794255000165414],[-117.00402799980306,32.79423299983774],[-117.00403399965084,32.794260999773314],[-117.00407399983382,32.79437600036034],[-117.00415300037486,32.79435400006253],[-117.00416800044346,32.794351999691955],[-117.00417400029124,32.79436500021214],[-117.00417900031412,32.79437799997522],[-117.00418500016191,32.79439099973646],[-117.00419100000967,32.794404000250935],[-117.00419600003256,32.79441600020131],[-117.00420299970526,32.794428999956985],[-117.00421100010115,32.794445999692684],[-117.00428100042136,32.79458099992162],[-117.0043690002849,32.794548000304076],[-117.00470900004353,32.79442400016735],[-117.00479199988422,32.79439700009033],[-117.0048880001437,32.794381000152676],[-117.00496900033454,32.79437799997522],[-117.00506600041892,32.79438599994473],[-117.00517400037393,32.79438699975207],[-117.00530300024539,32.79438999992916],[-117.00549900006398,32.79437300018277],[-117.0056079998439,32.7943639996494],[-117.0056649997453,32.79434399971943],[-117.00582499957888,32.79431400019367],[-117.00587999983048,32.79430600021773],[-117.00594699977762,32.79430700002597],[-117.00587800018064,32.79472899965737]]]}},{"type":"Feature","properties":{"GEOID":"06073016202","NAME":"Census Tract 162.02","BASENAME":"162.02","in_district_share":0.6343},"geometry":{"type":"Polygon","coordinates":[[[-116.96180199996687,32.82786800024357],[-116.96180000031706,32.82711799979712],[-116.96180000031706,32.826682999625426],[-116.96180000031706,32.826614000214526],[-116.96175500011121,32.82593900022944],[-116.96173400019481,32.8257839996652],[-116.96171599975315,32.82564700035845],[-116.9616329999125,32.82514100029954],[-116.96159000025477,32.824951999981145],[-116.96156000011754,32.824802000304935],[-116.96146700023114,32.82441899972085],[-116.96143299989595,32.824274000275],[-116.96128599958286,32.82374799983504],[-116.96088300007501,32.82231800005873],[-116.96068600043155,32.821618999786544],[-116.96068100040866,32.821598999949444],[-116.96066600034005,32.821539999913114],[-116.96066200014211,32.82152100031529],[-116.96063200000486,32.821374999654616],[-116.96061000026357,32.82126400031022],[-116.96060500024068,32.82124000010735],[-116.96055800038502,32.8209909998841],[-116.96053300027067,32.820809999650635],[-116.96050399995833,32.82049300036352],[-116.96048399986685,32.82004499967064],[-116.9604729999962,32.81910899977557],[-116.96046999962317,32.81893699979336],[-116.9604729999962,32.81859200004979],[-116.96047899984399,32.81846899977128],[-116.96048999971464,32.81826700031319],[-116.96052099967677,32.817922000232635],[-116.96056800043075,32.817569000174956],[-116.96061799976115,32.817276999967696],[-116.96067999968545,32.816977999663365],[-116.9607609998763,32.81664800001259],[-116.96078199979269,32.81657600017299],[-116.96085799996067,32.816312999822664],[-116.96097299958842,32.81596599981981],[-116.96105799997721,32.81570699970904],[-116.96132099974294,32.814771000164676],[-116.96139799973584,32.814503999922124],[-116.96141600017751,32.81445100021395],[-116.96151999993458,32.814072999740695],[-116.96160299977525,32.81370700029076],[-116.9616139996459,32.8136399997971],[-116.9616689998975,32.81332400019075],[-116.96169200036202,32.813122000360146],[-116.96176400033205,32.81252200026367],[-116.96177699985253,32.812423999817696],[-116.96178799972319,32.812329999950975],[-116.96180500033995,32.81214700022232],[-116.96184700017274,32.81157399973621],[-116.96185300002053,32.81151099986839],[-116.96186100041643,32.81138600036999],[-116.96185800004338,32.81122100012874],[-116.96185399984543,32.81072700021025],[-116.96185300002053,32.81056299988083],[-116.96187099956386,32.80999300015704],[-116.96187700030995,32.80980400007737],[-116.96189099965535,32.80942600022216],[-116.96189099965535,32.80825999990837],[-116.96189200037857,32.807682000232134],[-116.96195799960249,32.806395000160336],[-116.96199500031072,32.805954999797706],[-116.96206499973263,32.805560999992636],[-116.96211199958829,32.80538999989601],[-116.96216699983985,32.80523100022626],[-116.96218600010643,32.80517899995912],[-116.962269999772,32.804985000262285],[-116.96236900040455,32.80479300027777],[-116.96243999965134,32.80467900001993],[-116.96243899982642,32.804105000010836],[-116.96241299988718,32.803866999822404],[-116.96236799968133,32.80341800016521],[-116.96237299970417,32.80326100015856],[-116.96236900040455,32.80315299996413],[-116.96236900040455,32.803135999627976],[-116.96236799968133,32.80311600016104],[-116.9623660000315,32.80291000017962],[-116.96236799968133,32.80281099999307],[-116.96236900040455,32.80277699994171],[-116.96236799968133,32.80271699977493],[-116.96237100005439,32.80211500021423],[-116.96236799968133,32.80186300008326],[-116.96236199983355,32.80180899990837],[-116.9623519997878,32.8017070000757],[-116.9623529996127,32.8016589996698],[-116.96235099996288,32.80150200033197],[-116.96234900031307,32.801165999947024],[-116.96234799958984,32.801036999805675],[-116.96234699976493,32.80088200034826],[-116.96234699976493,32.800554999792844],[-116.96235099996288,32.79957699997352],[-116.9623529996127,32.79925200016428],[-116.96255000015451,32.79925099965655],[-116.96314099998328,32.79925099965655],[-116.96333900035,32.79925099965655],[-116.96399899977577,32.7992529999169],[-116.96422200025687,32.799253999669574],[-116.9643240003641,32.79926599972055],[-116.96441700025053,32.799292000077145],[-116.96474899961325,32.79942399973737],[-116.96480600041296,32.79943599976538],[-116.96482800015426,32.79944100002831],[-116.96487300036011,32.79944400003489],[-116.96489299955329,32.799446000290914],[-116.96490599997207,32.799446000290914],[-116.96595100026062,32.79944900029731],[-116.96661200040961,32.79945200030367],[-116.96661099968638,32.79934900028051],[-116.96661099968638,32.799041999760334],[-116.96661099968638,32.79894100028469],[-116.96660999986149,32.79877400007767],[-116.96660999986149,32.798274000358575],[-116.96660999986149,32.79810800017445],[-116.96661400005944,32.79774899981717],[-116.96660700038672,32.797735000022065],[-116.96660700038672,32.79756799981521],[-116.96660700038672,32.79702899972953],[-116.96660700038672,32.79685000008656],[-116.96660700038672,32.7966969996884],[-116.96660700038672,32.79646200016324],[-116.96660800021165,32.79623899972141],[-116.96660999986149,32.796088000113805],[-116.96660800021165,32.7958559998619],[-116.96660700038672,32.79565900007437],[-116.96660400001369,32.79516000000521],[-116.96660400001369,32.79492800035263],[-116.9666399999987,32.79492699979622],[-116.96673399971004,32.79492599999495],[-116.96674899977866,32.79492399963725],[-116.96678599958858,32.79492200003458],[-116.96701900011539,32.79492200003458],[-116.96744400026283,32.79492599999495],[-116.96772000044736,32.79492699979622],[-116.96795399990077,32.794929000153864],[-116.96841800040627,32.79493200031268],[-116.96856700036918,32.79493300011393],[-116.97040900035087,32.794947000350156],[-116.97102299974586,32.79495200011039],[-116.97125299989962,32.79494999975326],[-116.97194400018584,32.79494999975326],[-116.97217500016453,32.79495100030941],[-116.97239299972443,32.79495200011039],[-116.97304999967545,32.79495600006942],[-116.97326899995855,32.79495799967126],[-116.97348999989151,32.79495500026842],[-116.97415299969032,32.794947000350156],[-116.97437500034647,32.79494599979397],[-116.97460100030227,32.794947000350156],[-116.97527999999464,32.79494999975326],[-116.97550699977535,32.79495299991137],[-116.97566199958604,32.79495299991137],[-116.97612899956628,32.79495299991137],[-116.97628500010022,32.79495399971232],[-116.9763639997429,32.79495299991137],[-116.97657200015537,32.79495500026842],[-116.97660200029262,32.79495500026842],[-116.97668199976022,32.79495500026842],[-116.97675600027839,32.79495500026842],[-116.97697800003627,32.79495500026842],[-116.97705300037933,32.79495500026842],[-116.97710299970973,32.79495500026842],[-116.97725599987061,32.79495600006942],[-116.97730699992421,32.794956999870344],[-116.97733700006145,32.794956999870344],[-116.97737200022154,32.79495600006942],[-116.97756999968995,32.79495600006942],[-116.97763599981218,32.794956999870344],[-116.97770100010953,32.79495600006942],[-116.9776729996221,32.79516399995482],[-116.97765699972858,32.795287000017595],[-116.9776869998658,32.795757000126706],[-116.97766099992656,32.79577699973887],[-116.97749699989501,32.795905999960844],[-116.97749600007012,32.79670299988667],[-116.97749400042028,32.79909600010576],[-116.97749400042028,32.79989399987657],[-116.97749400042028,32.800153000011264],[-116.97749400042028,32.800933000374926],[-116.9774950002452,32.80119300023388],[-116.9774950002452,32.80141700006023],[-116.9774950002452,32.80208999964889],[-116.9774950002452,32.80231599967174],[-116.97749799971992,32.80301599973852],[-116.97750699994079,32.80511800021689],[-116.9775110001387,32.80582000022793],[-116.97771899965288,32.805816000002665],[-116.97834299999195,32.80580899998549],[-116.9785520002293,32.80580800030659],[-116.97877399998715,32.80580800030659],[-116.97944000015903,32.80580899998549],[-116.97966199991686,32.805809999664376],[-116.97966100009194,32.80604700025954],[-116.97966000026705,32.806124999887125],[-116.97965400041926,32.80706999989774],[-116.97965299969604,32.80738599984649],[-116.97963099995472,32.807594999756795],[-116.97962000008407,32.80770099976913],[-116.97962099990899,32.80822700008288],[-116.97962199973388,32.80843800033437],[-116.97962000008407,32.80850599986858],[-116.97961599988612,32.808709000022716],[-116.97961500006122,32.80877900015063],[-116.9796140002363,32.80921599969184],[-116.97961300041138,32.81053299978784],[-116.97961300041138,32.81097199976113],[-116.97961000003833,32.811175999941085],[-116.97960099981749,32.81178999991455],[-116.97959900016767,32.8119950000911],[-116.97960500001545,32.81247199969523],[-116.97962500010696,32.813902999754596],[-116.97963199977964,32.81437999968649],[-116.9796350001527,32.8148699998641],[-116.97964500019843,32.816345000104924],[-116.97964900039638,32.816836999880174],[-116.97964799967318,32.81710700007208],[-116.97964799967318,32.81749999972395],[-116.97964199982539,32.81791999963744],[-116.97964199982539,32.81799199989776],[-116.97964100000046,32.81819200014703],[-116.97966124605037,32.81827905780543],[-116.96489,32.81858],[-116.96413,32.82859],[-116.96180342436348,32.828599574385336],[-116.96180199996687,32.82786800024357]]]}},{"type":"Feature","properties":{"GEOID":"06073016301","NAME":"Census Tract 163.01","BASENAME":"163.01","in_district_share":1.0},"geometry":{"type":"Polygon","coordinates":[[[-116.96236900040455,32.80479300027777],[-116.962269999772,32.804985000262285],[-116.96218600010643,32.80517899995912],[-116.96216699983985,32.80523100022626],[-116.96211199958829,32.80538999989601],[-116.96206499973263,32.805560999992636],[-116.96199500031072,32.805954999797706],[-116.96195799960249,32.806395000160336],[-116.96189200037857,32.807682000232134],[-116.96175900030919,32.807684999960586],[-116.96171499992823,32.80768799968895],[-116.96144100029187,32.807687000031194],[-116.96062100013421,32.807684999960586],[-116.96034800032271,32.807684999960586],[-116.95990700028179,32.807682000232134],[-116.9585849999838,32.807678999748525],[-116.95814499976774,32.807678000090604],[-116.95736399996815,32.807682000232134],[-116.95726299968581,32.807682000232134],[-116.95461899998816,32.807684999960586],[-116.95373799973113,32.807687000031194],[-116.95318700008532,32.80768799968895],[-116.95153500007444,32.80769199983002],[-116.95098500025355,32.80769399990046],[-116.95098500025355,32.80752700028069],[-116.95098500025355,32.80702600029364],[-116.95098500025355,32.80686100026292],[-116.95098400042863,32.80680400034587],[-116.95098299970543,32.8066369998089],[-116.95098299970543,32.806581000173466],[-116.9509819998805,32.806124999887125],[-116.95097900040577,32.80475999992013],[-116.95097799968254,32.80430499980335],[-116.95097699985763,32.80412400031246],[-116.95097699985763,32.80358099962862],[-116.95097699985763,32.803561000261794],[-116.95097699985763,32.80348299989439],[-116.95097699985763,32.803449000100066],[-116.95097699985763,32.80340099987968],[-116.95097699985763,32.803351000220324],[-116.95097699985763,32.80320700007778],[-116.95097799968254,32.803158999726705],[-116.95097900040577,32.80290800000153],[-116.95097799968254,32.80274899966756],[-116.95097799968254,32.802697000213726],[-116.95097799968254,32.80266099993508],[-116.95097699985763,32.802464000123784],[-116.9509740003829,32.80176599968964],[-116.9509740003829,32.80153499963387],[-116.95097299965965,32.801500999849544],[-116.95097299965965,32.801400000147126],[-116.95097299965965,32.80136700004002],[-116.95097199983476,32.80113299975311],[-116.95097100000984,32.80043399970043],[-116.95097100000984,32.80020200021714],[-116.95097100000984,32.79998100033835],[-116.95097100000984,32.799320999681775],[-116.95097199983476,32.79910200014208],[-116.95097100000984,32.79891300031258],[-116.95097100000984,32.79863399986587],[-116.95097100000984,32.79834699968641],[-116.95097100000984,32.798160000047126],[-116.9514680001273,32.798160000047126],[-116.95274500021945,32.798163000096906],[-116.95290400022812,32.79816999996105],[-116.95295799975646,32.798178000344464],[-116.95304800016815,32.79819100030528],[-116.95318899973513,32.798224000081035],[-116.95335500031482,32.798281000213976],[-116.95343899998039,32.798303000295284],[-116.95346400009477,32.7983100001484],[-116.95359200014127,32.798326999897235],[-116.95372900040863,32.798326999897235],[-116.95460700029258,32.798326999897235],[-116.95490000019555,32.798326999897235],[-116.9551360001971,32.79832600013415],[-116.95584400020178,32.79832600013415],[-116.95608100002825,32.79832600013415],[-116.95632000040284,32.7983250003711],[-116.95689299978993,32.7983250003711],[-116.9570219996614,32.79831099991161],[-116.9570379995549,32.798307000103506],[-116.95714800005808,32.7982829997411],[-116.9572690004319,32.79824200036542],[-116.95731000043978,32.79822600036451],[-116.95735499974731,32.79820100021572],[-116.95760800036562,32.79806499967591],[-116.95769299985612,32.79801999962363],[-116.95783299959821,32.79821400017311],[-116.95791600033719,32.798329000178384],[-116.95798499993417,32.79845600019516],[-116.9580359999878,32.79858399979073],[-116.95807000032296,32.79871800001942],[-116.95808600021653,32.79884099969652],[-116.95808799986634,32.79887600025499],[-116.95810200011002,32.799117000231206],[-116.95854700034894,32.799114999967784],[-116.95977199966426,32.799114999967784],[-116.95988499964216,32.799114999967784],[-116.960330999706,32.799114999967784],[-116.96073499993703,32.799112999704306],[-116.96139899956074,32.799111999950114],[-116.96194699973184,32.79910699966868],[-116.9623519997878,32.79910599991441],[-116.9623519997878,32.799135000334815],[-116.9623519997878,32.79922200002909],[-116.9623529996127,32.79925200016428],[-116.96235099996288,32.79957699997352],[-116.96234699976493,32.800554999792844],[-116.96234699976493,32.80088200034826],[-116.96234799958984,32.801036999805675],[-116.96234900031307,32.801165999947024],[-116.96235099996288,32.80150200033197],[-116.9623529996127,32.8016589996698],[-116.9623519997878,32.8017070000757],[-116.96236199983355,32.80180899990837],[-116.96236799968133,32.80186300008326],[-116.96237100005439,32.80211500021423],[-116.96236799968133,32.80271699977493],[-116.96236900040455,32.80277699994171],[-116.96236799968133,32.80281099999307],[-116.9623660000315,32.80291000017962],[-116.96236799968133,32.80311600016104],[-116.96236900040455,32.803135999627976],[-116.96236900040455,32.80315299996413],[-116.96237299970417,32.80326100015856],[-116.96236799968133,32.80341800016521],[-116.96241299988718,32.803866999822404],[-116.96243899982642,32.804105000010836],[-116.96243999965134,32.80467900001993],[-116.96236900040455,32.80479300027777]]]}},{"type":"Feature","properties":{"GEOID":"06073016302","NAME":"Census Tract 163.02","BASENAME":"163.02","in_district_share":1.0},"geometry":{"type":"Polygon","coordinates":[[[-116.95098500025355,32.80752700028069],[-116.95098500025355,32.80769399990046],[-116.9503979997244,32.80769500031319],[-116.94863899958341,32.80769899969885],[-116.9480529997775,32.807702000181784],[-116.94736300021451,32.807702000181784],[-116.94529500027701,32.80770699997977],[-116.94460599964061,32.80771100011994],[-116.94371400041126,32.807709999707384],[-116.94103800002826,32.80770699997977],[-116.9401469997255,32.8077079996373],[-116.93969399998898,32.80770699997977],[-116.93833499988105,32.80770900004987],[-116.93788200014455,32.807709999707384],[-116.93745100014931,32.80770900004987],[-116.93707799988042,32.80770900004987],[-116.93616099963837,32.80770600032222],[-116.93573100036639,32.80770600032222],[-116.93573100036639,32.8074450002214],[-116.93573300001621,32.80666600003767],[-116.9357339998411,32.80640600033025],[-116.9357339998411,32.80615999984302],[-116.93573600038924,32.80542200033652],[-116.93573700021416,32.80517699983208],[-116.93573800003908,32.8049300000299],[-116.93574200023703,32.80418900028053],[-116.93574399988687,32.803942999698],[-116.93574300006195,32.803840000347684],[-116.93574300006195,32.80353100007051],[-116.93574300006195,32.803477999858856],[-116.93574300006195,32.80342899994847],[-116.93574300006195,32.803375999676],[-116.93574300006195,32.80321599971598],[-116.93574399988687,32.80318699987173],[-116.93574399988687,32.80316500024394],[-116.93574399988687,32.80312299963521],[-116.93574499971176,32.80299600024458],[-116.935746000435,32.802955999733044],[-116.935746000435,32.80290000004374],[-116.93574899990973,32.80273299972265],[-116.93574999973465,32.80267800036212],[-116.9357470002599,32.802554000237386],[-116.93574100041212,32.8021880001637],[-116.935738999864,32.80206600030764],[-116.935738999864,32.80168800001252],[-116.93573999968889,32.80055600028591],[-116.93574100041212,32.80017999985068],[-116.93619300032374,32.80017900010842],[-116.93692499971954,32.80017900010842],[-116.93754900005861,32.80017900010842],[-116.93800199979513,32.80017900010842],[-116.93819199976593,32.80017900010842],[-116.93876500005138,32.80018100034796],[-116.93895599984707,32.80018200009014],[-116.93919600004659,32.80018100034796],[-116.9399159997468,32.80017900010842],[-116.94015699977125,32.80017999985068],[-116.9402809996198,32.80017900010842],[-116.94065300006378,32.80017900010842],[-116.94077799973726,32.80017999985068],[-116.94084800005744,32.80017900010842],[-116.94112900026484,32.80017999985068],[-116.94142700019067,32.80017900010842],[-116.94158799984916,32.80017900010842],[-116.9417030003752,32.80017999985068],[-116.94182600039886,32.800176000126655],[-116.94219700011962,32.800171999647404],[-116.94232099996819,32.80017099990512],[-116.94258299990899,32.80017099990512],[-116.94332199987579,32.80017300014478],[-116.94346499999092,32.80017300014478],[-116.94353199993809,32.80017300014478],[-116.94363300022042,32.80017300014478],[-116.94381999981816,32.80017300014478],[-116.94438200023295,32.80017399988705],[-116.94456999965561,32.800174999629306],[-116.94489799971866,32.800174999629306],[-116.94588199990787,32.80017800036621],[-116.94620999997092,32.80017900010842],[-116.94664000014122,32.80018100034796],[-116.94793300012688,32.80019000029252],[-116.9483640001221,32.800194999757885],[-116.94852999980348,32.800194999757885],[-116.94902799974584,32.800196000255],[-116.9491940003255,32.80019799973907],[-116.94936300037992,32.80019799973907],[-116.94986999964479,32.80019799973907],[-116.95004000042243,32.800199000236155],[-116.95022600019526,32.800199000236155],[-116.9507840004121,32.80020099972009],[-116.95097100000984,32.80020200021714],[-116.95097100000984,32.80043399970043],[-116.95097199983476,32.80113299975311],[-116.95097299965965,32.80136700004002],[-116.95097299965965,32.801400000147126],[-116.95097299965965,32.801500999849544],[-116.9509740003829,32.80153499963387],[-116.9509740003829,32.80176599968964],[-116.95097699985763,32.802464000123784],[-116.95097799968254,32.80266099993508],[-116.95097799968254,32.802697000213726],[-116.95097799968254,32.80274899966756],[-116.95097900040577,32.80290800000153],[-116.95097799968254,32.803158999726705],[-116.95097699985763,32.80320700007778],[-116.95097699985763,32.803351000220324],[-116.95097699985763,32.80340099987968],[-116.95097699985763,32.803449000100066],[-116.95097699985763,32.80348299989439],[-116.95097699985763,32.803561000261794],[-116.95097699985763,32.80358099962862],[-116.95097699985763,32.80412400031246],[-116.95097799968254,32.80430499980335],[-116.95097900040577,32.80475999992013],[-116.9509819998805,32.806124999887125],[-116.95098299970543,32.806581000173466],[-116.95098299970543,32.8066369998089],[-116.95098400042863,32.80680400034587],[-116.95098500025355,32.80686100026292],[-116.95098500025355,32.80702600029364],[-116.95098500025355,32.80752700028069]]]}},{"type":"Feature","properties":{"GEOID":"06073015403","NAME":"Census Tract 154.03","BASENAME":"154.03","in_district_share":1.0},"geometry":{"type":"Polygon","coordinates":[[[-116.96079400038656,32.765058999812645],[-116.95991700032752,32.765918000002394],[-116.95963199992217,32.7662020002003],[-116.95939300044589,32.766442000203796],[-116.95923000023926,32.76663100028934],[-116.959092000147,32.76681799973925],[-116.95896900012335,32.76701100024202],[-116.95889399978029,32.76714900014539],[-116.95885500032053,32.76722400031515],[-116.95874999984022,32.76743699987857],[-116.9587130000303,32.767508000123335],[-116.95867299984732,32.767591000103636],[-116.95855700039469,32.767840000335624],[-116.95851700021174,32.76792600032067],[-116.95845399956423,32.768062000109865],[-116.95831399982214,32.76835699985478],[-116.95825299972277,32.76850199987034],[-116.95818599977561,32.76870000022382],[-116.95813800009505,32.7689019997567],[-116.95810700013291,32.76912000029386],[-116.95809700008718,32.76932599998508],[-116.95811600035374,32.76975799962272],[-116.95813700027013,32.77023600004451],[-116.95814599959266,32.77041799984641],[-116.95815800018653,32.770651000049725],[-116.95817900010292,32.77096400004046],[-116.95819199962342,32.771145999864395],[-116.95819699964626,32.77121099976524],[-116.95821599991285,32.77148299967222],[-116.95826699996648,32.77221400021288],[-116.9582689996163,32.77225700036868],[-116.95829600027879,32.77247500024193],[-116.95829999957843,32.772493999748235],[-116.95833800011157,32.77267800032283],[-116.9583819995942,32.77282300009711],[-116.95840599988365,32.77280700005549],[-116.95842299960208,32.77295499976439],[-116.95848200005163,32.77309699970287],[-116.95851999968647,32.77318199985018],[-116.95863299966437,32.77339400021926],[-116.95894800020696,32.77398499967935],[-116.95900599993327,32.77412200006484],[-116.95905399961383,32.77428200025359],[-116.95906799985754,32.77433399970537],[-116.95909799999478,32.774497000361045],[-116.9591139998883,32.774674999642436],[-116.95910899986544,32.77486699969876],[-116.95908200010125,32.77505800007152],[-116.95905500033706,32.77516200030379],[-116.95903799972032,32.775232999673555],[-116.95896999994824,32.77541599985175],[-116.95889499960519,32.7755679998293],[-116.95879699969589,32.77572799968413],[-116.95865699995383,32.77593399994219],[-116.95830700014943,32.77645700008307],[-116.9582479996999,32.77656000018318],[-116.95820900024016,32.77663099994817],[-116.95814099956976,32.776785000126615],[-116.95811899982847,32.77683999964019],[-116.95806100010215,32.777022000287594],[-116.95802099991917,32.7772149998122],[-116.9580019996526,32.77740699967526],[-116.9580019996526,32.77749200023757],[-116.95801099987344,32.77930300024633],[-116.95800300037583,32.779448999775035],[-116.95797499988844,32.77966800012938],[-116.95797200041369,32.7796950001461],[-116.95782799957534,32.78037899985041],[-116.9573270001582,32.78037999981525],[-116.95582300028536,32.780382999709566],[-116.95532299979484,32.780384999639104],[-116.95498999970893,32.780384999639104],[-116.95399200017435,32.780386000359094],[-116.95365999991333,32.7803890002532],[-116.95311900031327,32.7803890002532],[-116.95149599971641,32.780394000076534],[-116.95095599994121,32.780396000005766],[-116.9503900002268,32.78039799993501],[-116.94990099960692,32.78039899989959],[-116.94980000022292,32.78039899989959],[-116.94961799974972,32.780399999864144],[-116.94957099989406,32.780399999864144],[-116.94938900031917,32.780399999864144],[-116.9486879999872,32.78040199979331],[-116.94865799984998,32.78040199979331],[-116.94825199996912,32.78040299975785],[-116.94830899987055,32.78019799999418],[-116.94831700026644,32.780120000280604],[-116.94832399993915,32.779994999696505],[-116.94830200019783,32.779694000173606],[-116.94826200001486,32.779595999792996],[-116.94823400042577,32.77953299992294],[-116.94818400019706,32.77942399963475],[-116.94818500002198,32.77934200009215],[-116.94787899970022,32.77909100035941],[-116.94771999969156,32.77899600001105],[-116.9468910002114,32.77854800013362],[-116.94629299981159,32.77822399974736],[-116.94618900005452,32.77816700035458],[-116.94598099964206,32.778018000258946],[-116.94543900021708,32.77763199974285],[-116.94495399979517,32.77728799980891],[-116.94350199980086,32.77625500032509],[-116.94344700044759,32.77621699989314],[-116.94337499957923,32.776184000260166],[-116.94329799958633,32.77616300000669],[-116.94321800011873,32.77615399989652],[-116.94313600010295,32.77615699993336],[-116.94305900011005,32.77617300012801],[-116.9429429997591,32.77621999992785],[-116.9428630002915,32.77609399989427],[-116.94278899977333,32.775977999825486],[-116.94264200035855,32.775717000250886],[-116.94263700033567,32.77570800009567],[-116.94257000038853,32.77557599997989],[-116.94252400035775,32.77547999963544],[-116.94242399990036,32.775244999944405],[-116.94199799992798,32.774247999869324],[-116.941857000361,32.77391700018159],[-116.9418089997821,32.773803999657126],[-116.94174699985783,32.77365499980914],[-116.9416480001236,32.77347399987103],[-116.94163200023009,32.77344300006172],[-116.94158600019935,32.773368999888476],[-116.94144399990913,32.773169000010604],[-116.94130699964177,32.77300099970541],[-116.94128700044861,32.77297700006759],[-116.94113599993753,32.772813999649216],[-116.94097199990601,32.77266200025513],[-116.940795000354,32.77251900032482],[-116.94061899972858,32.772395999746685],[-116.94022899974127,32.772139999773074],[-116.94011099974047,32.77206299985234],[-116.93993800038643,32.77196500013155],[-116.93982899970818,32.77191300005089],[-116.93975000006544,32.77187500003083],[-116.93950999986593,32.77177600004157],[-116.93943000039832,32.771743000272444],[-116.93940199991093,32.77172299978841],[-116.93935400023034,32.771710999797996],[-116.93931300022247,32.77170700030438],[-116.939184000351,32.77167000025904],[-116.93896000004504,32.77161699994275],[-116.93884000039444,32.77159800024925],[-116.93879099999064,32.77115499972568],[-116.93864399967752,32.76982900028227],[-116.93859500017204,32.769387000106505],[-116.93879799966332,32.76932700007408],[-116.93903299983998,32.769271999694084],[-116.93941600015464,32.76923299996716],[-116.93962500039198,32.76921299967448],[-116.93971499990536,32.76920200019137],[-116.93998900044006,32.76917099964946],[-116.94007999977833,32.769161000252026],[-116.94027499977202,32.76914699973419],[-116.9403390002444,32.7691479998252],[-116.94045100039742,32.76913700033406],[-116.9405690003982,32.76910599976951],[-116.94066300010954,32.76906699996981],[-116.94074299957715,32.76902000016915],[-116.94081399972227,32.7689630001687],[-116.94088300021755,32.76888699985951],[-116.94093500009609,32.76880200014246],[-116.94096600005822,32.76872300016384],[-116.94098399960158,32.76864199992175],[-116.94098299977666,32.76781199963747],[-116.94098299977666,32.76731800027748],[-116.94100299986815,32.76716300022215],[-116.94101899976167,32.76701200035709],[-116.94103700020335,32.76686000011911],[-116.94107200036343,32.76656700018541],[-116.9412659996339,32.76549799993215],[-116.94134900037288,32.76504500016039],[-116.94135900041864,32.76499199967629],[-116.94139100020567,32.7648399997662],[-116.94140200007634,32.7647900003354],[-116.94146499982551,32.76447699978582],[-116.94165700034445,32.76354199970435],[-116.94172099991856,32.7632300002124],[-116.94173699981206,32.76314599978465],[-116.94178899969062,32.76289700002048],[-116.94180600030737,32.762814000196194],[-116.94181999965275,32.76274599971817],[-116.94183999974423,32.76265100005203],[-116.94187099970637,32.762565000258945],[-116.94187900010229,32.7625489998842],[-116.9419140002624,32.76249100010693],[-116.94196799979076,32.76242199997107],[-116.94204599960857,32.76235200036975],[-116.94212299960147,32.762302000297105],[-116.94215000026396,32.762288999624005],[-116.94222200023397,32.762254999946364],[-116.94232900036408,32.762224000006846],[-116.94242600044848,32.76220999990879],[-116.94308000002646,32.76220800032624],[-116.94339499967074,32.76220800032624],[-116.94342200033321,32.76220800032624],[-116.94350400034898,32.76220800032624],[-116.94353199993809,32.76220800032624],[-116.94382999986391,32.762205999988275],[-116.94472700001444,32.762203000236624],[-116.94500700039694,32.762203000236624],[-116.9450269995901,32.76220200006759],[-116.94520200039061,32.762203000236624],[-116.94572999957188,32.762205999988275],[-116.9459060001973,32.76220800032624],[-116.94635300008606,32.76221100007774],[-116.94769700012534,32.76222199966924],[-116.948144999839,32.76222600034441],[-116.9483780003658,32.76222799992656],[-116.94871999977426,32.762230000264026],[-116.94907799997458,32.76223400018345],[-116.94931200032627,32.762235999765416],[-116.94958000011488,32.76223800010271],[-116.95005999961559,32.76224400035898],[-116.95038400037902,32.76224700010921],[-116.95065299999251,32.76224999985938],[-116.95342999975958,32.76227699987258],[-116.95351900034635,32.76227800004077],[-116.95356899967672,32.76227900020895],[-116.9539960003723,32.76228199995804],[-116.95416999955127,32.76228499970704],[-116.95434799982648,32.762296000044785],[-116.95449400031468,32.76232000029631],[-116.95466199964588,32.76236400011108],[-116.95479600043849,32.76241400014892],[-116.95493700000547,32.76248300029099],[-116.95501200034853,32.76252999976599],[-116.95532600016793,32.76272500007107],[-116.9555229998114,32.762838000308044],[-116.9557489997672,32.762946999759],[-116.95576800003377,32.76295599969384],[-116.95580999986656,32.7629740003162],[-116.95591100014892,32.763021000287374],[-116.95599700036263,32.76304900022629],[-116.95606199976166,32.76307099995626],[-116.95622400014337,32.76309299968084],[-116.95643400020563,32.763110000116626],[-116.95664599991775,32.76311199967891],[-116.95685699980493,32.76310000003841],[-116.95699900009518,32.763082000196945],[-116.95703400025526,32.7630780003156],[-116.95717700037041,32.7630659999151],[-116.9573559995722,32.76306300019242],[-116.95751799995395,32.763072000115585],[-116.95771100029778,32.76309600015788],[-116.95788399965183,32.76313199983156],[-116.95795300014711,32.763138000027546],[-116.95809899973698,32.76314199990618],[-116.95824500022516,32.76313400014872],[-116.95838900016523,32.763112999837716],[-116.95849399974718,32.7630860000781],[-116.95857400011313,32.76307399967867],[-116.9586720000224,32.76307399967867],[-116.95882299963516,32.76309299968084],[-116.9589309995902,32.76312500023188],[-116.95903000022273,32.763172000123355],[-116.95910600039068,32.76322299986501],[-116.95917300033787,32.763283000234644],[-116.95922799969114,32.76335100030253],[-116.95927600027001,32.76343800024696],[-116.95930200020929,32.76351799978223],[-116.95931399990485,32.763606999870056],[-116.95929100033864,32.76390300017567],[-116.95929399981334,32.763970000376176],[-116.95929800001132,32.76404000021619],[-116.95938599987485,32.764528000290674],[-116.9593940002708,32.7645580000408],[-116.95943500027867,32.76464799998593],[-116.95949399982989,32.76473000022603],[-116.95955800030234,32.76479199985995],[-116.95963199992217,32.76484499970772],[-116.95968799999866,32.764875000106436],[-116.95978000006018,32.7649080001556],[-116.95987499959641,32.76492900004321],[-116.9599020002589,32.764930000181664],[-116.95997199968079,32.76493699963937],[-116.96006899976517,32.764930000181664],[-116.96019599998678,32.76490300021762],[-116.96074400015787,32.76478699991546],[-116.96101000029662,32.76475200029603],[-116.96088700027299,32.76494600012845],[-116.96079400038656,32.765058999812645]]]}},{"type":"Feature","properties":{"GEOID":"06073013503","NAME":"Census Tract 135.03","BASENAME":"135.03","in_district_share":0.849},"geometry":{"type":"Polygon","coordinates":[[[-116.9800030003987,32.73122599984501],[-116.9800719999957,32.73120900012471],[-116.98029399975354,32.73114900006364],[-116.98034499980717,32.73113600013321],[-116.98057499996092,32.73108800019941],[-116.98080000009183,32.73105699999225],[-116.980974999994,32.731043000285176],[-116.98101000015411,32.731041999766255],[-116.98120500014778,32.731040000239716],[-116.98133599966906,32.731046000330544],[-116.98141199983701,32.73105000013901],[-116.98163699996792,32.73107600002301],[-116.98172900002943,32.73109299976867],[-116.98185899972579,32.73111799987768],[-116.98188200019031,32.731123000200945],[-116.98194099974152,32.7311379996576],[-116.98208499968159,32.73117499991876],[-116.98218599996392,32.73120600008483],[-116.98226700015476,32.731234000201255],[-116.98229899994183,32.73124600035639],[-116.98236300041424,32.73127299994386],[-116.98251700040001,32.731338000232725],[-116.98264700009639,32.73140299971845],[-116.9827399999828,32.73145100023831],[-116.98284399973986,32.731513000367784],[-116.98290700038736,32.73155100023081],[-116.98305600035029,32.73165700016087],[-116.98314000001588,32.731723999680916],[-116.9832339997272,32.7317999999665],[-116.98322299985654,32.73180900002586],[-116.9832689998873,32.73183300017977],[-116.9833740003676,32.73192399969687],[-116.98340899962939,32.73195500035815],[-116.98348399997245,32.73202000014965],[-116.9837119995781,32.732217000251296],[-116.98378799974606,32.73228300035674],[-116.9838739999598,32.73235699991314],[-116.98413300042587,32.732578999724936],[-116.98421999956619,32.73265400029206],[-116.98429300025946,32.732717000084904],[-116.98451199964424,32.73290800019238],[-116.9845860001624,32.73297200030297],[-116.98461299992661,32.732994999646685],[-116.98465300010956,32.733022999956816],[-116.98471300038402,32.7330649996498],[-116.98483600040765,32.73313199962281],[-116.9848740000425,32.733147000252764],[-116.98495299968522,32.73317999996729],[-116.98498700002041,32.73319300035529],[-116.98507999990683,32.733217999875336],[-116.98515000022702,32.73323100025774],[-116.98518000036427,32.73323400022947],[-116.98529499999198,32.733246999853925],[-116.98588300034605,32.733257999999694],[-116.98611799962435,32.73326399994123],[-116.98631799964092,32.73326799965012],[-116.98691799969055,32.7332800002871],[-116.98712199990503,32.73328399999527],[-116.98725099977646,32.73328399999527],[-116.98732000027174,32.73328600022715],[-116.98792500034425,32.73328600022715],[-116.9881270000106,32.733287999703315],[-116.98833200005002,32.733289000197026],[-116.98846299957127,32.733289000197026],[-116.98894899981809,32.7332920001668],[-116.98915499968241,32.73329299990478],[-116.98950200001202,32.73329299990478],[-116.9904229995537,32.73329299990478],[-116.99054499975244,32.733298999843974],[-116.990640000187,32.73330400004489],[-116.9907459995939,32.733316999659074],[-116.99088899970901,32.733346000361124],[-116.9910839997027,32.73340400022552],[-116.991113000015,32.73342200001948],[-116.99114399997714,32.73345800035199],[-116.99124000023663,32.73379700018874],[-116.99124799973423,32.733974000246484],[-116.99125899960487,32.734178000171624],[-116.99127799987144,32.73456600037051],[-116.99131100038173,32.735206000349706],[-116.99130499963566,32.73565499965478],[-116.99131399985647,32.73572900018982],[-116.99136400008518,32.736115999975475],[-116.99140400026816,32.73644800009647],[-116.99141699978864,32.7365509996323],[-116.99143299968216,32.73661000013444],[-116.99145899962143,32.7366639998298],[-116.99149399978154,32.73671399993831],[-116.99153700033756,32.73675900001197],[-116.99191200025625,32.73706899990222],[-116.99199300044712,32.73714099987353],[-116.9920210000362,32.737177000215155],[-116.99202900043213,32.73719200016433],[-116.99204100012771,32.73721599962436],[-116.99205399964818,32.73725699991484],[-116.99205899967104,32.73729899987958],[-116.99205600019631,32.73734099982447],[-116.99204600015055,32.73738200005744],[-116.99198599987612,32.73750900016181],[-116.99189800001257,32.73769200004747],[-116.99173700035408,32.737808000127224],[-116.99169100032334,32.737854000091],[-116.99167100023186,32.7378859998875],[-116.99166000036121,32.737912000044346],[-116.99165699998815,32.73792100024211],[-116.99164799976731,32.73798900002824],[-116.99165299979018,32.7380240003424],[-116.99166399966084,32.738056999762485],[-116.9916899996001,32.738106999845094],[-116.99175499989745,32.73817899973342],[-116.99176999996605,32.7382280000649],[-116.99177199961588,32.738266999769806],[-116.99176499994316,32.738308000332395],[-116.99174499985169,32.73834999980174],[-116.9916100001325,32.73852199997699],[-116.99152200026893,32.73894300000238],[-116.99151899989587,32.738993000343456],[-116.99152399991877,32.73913999991446],[-116.99156599975157,32.73941000022183],[-116.99156999994949,32.73942999965237],[-116.99158599984304,32.73949200027637],[-116.99160799958436,32.73955299967824],[-116.99163500024683,32.73961199970416],[-116.9916899996001,32.73970400001239],[-116.99182199984459,32.73987000034464],[-116.99117699958911,32.739783000045165],[-116.99109899977132,32.73974700000064],[-116.99056300019413,32.73950499974363],[-116.99028299981163,32.73917699987623],[-116.99008199997017,32.739075000026084],[-116.98958800022577,32.7388280003203],[-116.98917700032203,32.73882400010529],[-116.98902300033625,32.738822999673715],[-116.98844099982998,32.73883500031831],[-116.98844099982998,32.73919599968724],[-116.98844400020302,32.74028200008796],[-116.98844599985281,32.740646000117565],[-116.98844599985281,32.74076800032207],[-116.98844699967773,32.74113399993331],[-116.98844800040098,32.74125699987393],[-116.98844800040098,32.74141500013829],[-116.98845000005082,32.74189199968619],[-116.98845099987571,32.74205099997546],[-116.98845000005082,32.74208499981045],[-116.9884490002259,32.742189000025114],[-116.9884490002259,32.74222400020079],[-116.98844800040098,32.74240199978071],[-116.98844699967773,32.742936000164704],[-116.98844699967773,32.74311500021677],[-116.98844500002792,32.743313000353595],[-116.9884419996549,32.74390699963512],[-116.9884419996549,32.74410700026756],[-116.9884419996549,32.74417200026315],[-116.9884419996549,32.744368000334596],[-116.9884419996549,32.74443399975278],[-116.98844000000506,32.74463900027832],[-116.98843499998218,32.745255000139736],[-116.98843400015726,32.74546200024587],[-116.98856800005156,32.745519000179655],[-116.98874299995376,32.74558399990067],[-116.9889019999624,32.74562599971838],[-116.98892899972661,32.74563299993793],[-116.98910100015405,32.74566199965434],[-116.98928199990401,32.74567699968631],[-116.98947699989768,32.745674999732536],[-116.99010100023675,32.74561099967784],[-116.99030499955295,32.745585000256334],[-116.99038499991887,32.74558100034468],[-116.99041000003325,32.74558100034468],[-116.99052300001112,32.74559300007912],[-116.99063099996619,32.7456230001638],[-116.99072999970038,32.74566899987107],[-116.99084299967828,32.745747000305826],[-116.99075099961678,32.74582800022015],[-116.99047600015547,32.74607399981622],[-116.99038499991887,32.746155999782474],[-116.9903010002533,32.74622900031554],[-116.99005199983296,32.74644999998094],[-116.98996899999227,32.746525000207775],[-116.9899220001366,32.74656599999279],[-116.98978200039451,32.746690000333416],[-116.98973600036378,32.74673199962973],[-116.98964299957903,32.74681399974591],[-116.98936599956959,32.74705900005797],[-116.9892740004064,32.74714200021133],[-116.98920699956095,32.747200000163396],[-116.98900800026762,32.74737700004411],[-116.98894200014537,32.74743800009223],[-116.98879800020534,32.747565000219524],[-116.98839700034733,32.74792000001941],[-116.98836200018722,32.74793999980638],[-116.9883300004002,32.74795900001546],[-116.98825599988204,32.74798599982839],[-116.98818200026221,32.747999999895995],[-116.98813799988126,32.74799900032299],[-116.98800900000984,32.74799799999444],[-116.98796600035212,32.74799799999444],[-116.98784400015337,32.74799600009277],[-116.98747799955719,32.74799400019112],[-116.98735600025677,32.74799400019112],[-116.98655199999263,32.74798500025517],[-116.98414000009858,32.74796200024693],[-116.98333599983444,32.74795500021039],[-116.98303399971066,32.74795099964959],[-116.98213099971233,32.7479430000385],[-116.98183000031177,32.7479419997093],[-116.9815230001651,32.74793700032972],[-116.98060199972511,32.747927999632516],[-116.98029499957846,32.74792599972928],[-116.98002799961478,32.747921999922724],[-116.97922900027183,32.747911999649986],[-116.97907500028603,32.747911999649986],[-116.97896399995797,32.74789800032403],[-116.97882099984282,32.747895999664635],[-116.97824099988468,32.74738499970598],[-116.97649500016247,32.745845999771376],[-116.97614899965778,32.74561299963298],[-116.97538999959947,32.74510200017918],[-116.97525900007825,32.74501600006135],[-116.97486900009088,32.7447599999396],[-116.97473900039455,32.744674999857544],[-116.97465700037878,32.744620999727715],[-116.9744110003315,32.74445899989745],[-116.97433000014065,32.7444049996367],[-116.97418600020059,32.74430899968],[-116.9737569998552,32.744022999935716],[-116.97355900038679,32.74387699972821],[-116.97299000029932,32.74345200033941],[-116.97297600005561,32.743448999956044],[-116.97294599991837,32.743412000257],[-116.97284299998623,32.743287999887364],[-116.97283200011557,32.74327100020104],[-116.97275299957451,32.74315800007019],[-116.97266399988605,32.74299599984654],[-116.97260500033484,32.742852999870784],[-116.97255000008326,32.742639999682126],[-116.97249300018184,32.74241500033457],[-116.97245899984668,32.742307999961966],[-116.97243999958009,32.7422379996628],[-116.97242100021181,32.74216399999911],[-116.97238000020393,32.74194700035532],[-116.97235599991451,32.74172800014073],[-116.97235500008959,32.741692000126406],[-116.97235199971654,32.7415090001435],[-116.97235300043977,32.74142600003146],[-116.97236599996022,32.741284000206804],[-116.97242899970944,32.74061199973351],[-116.97244999962581,32.74038899987107],[-116.97247499974017,32.74011900026319],[-116.97249300018184,32.73993399998957],[-116.9725030002276,32.73963199984494],[-116.97249200035694,32.73933000018807],[-116.97248899998388,32.73930999997951],[-116.9724620002197,32.739042000227414],[-116.97244700015109,32.73894300000238],[-116.97242899970944,32.73882400010529],[-116.9723910000746,32.73864999964592],[-116.9723700001582,32.73855400028925],[-116.97234699969364,32.738462999985025],[-116.97226700022603,32.738197000074244],[-116.9722510003325,32.738151999971],[-116.97217099996655,32.73793499962452],[-116.97178099997923,32.73703499966466],[-116.97176699973552,32.736994999724146],[-116.97170399998633,32.73680999976579],[-116.97164799990985,32.73659599978832],[-116.97164200006203,32.73656799984501],[-116.97162500034361,32.73648600012252],[-116.97161899959754,32.73646000030529],[-116.9716125340363,32.73641493664909],[-116.97901,32.73623],[-116.98016,32.73488],[-116.97989724591419,32.73125399361582],[-116.9800030003987,32.73122599984501]]]}},{"type":"Feature","properties":{"GEOID":"06073015501","NAME":"Census Tract 155.01","BASENAME":"155.01","in_district_share":0.0012},"geometry":{"type":"MultiPolygon","coordinates":[[[[-116.89304100984492,32.79432616061492],[-116.89109,32.7936],[-116.89304271141602,32.79331439935072],[-116.89304100984492,32.79432616061492]]],[[[-116.8805100003762,32.843549000191445],[-116.88061699960804,32.84351899991775],[-116.8809379999984,32.84343199982145],[-116.88104599995343,32.843403000273554],[-116.8810929998091,32.843489999643545],[-116.88123400027439,32.843753000274084],[-116.88128100013007,32.84384100006142],[-116.88134399987926,32.84395699988791],[-116.88153300002514,32.844306999967955],[-116.88159699959924,32.844424999938276],[-116.88162400026174,32.8444759998769],[-116.88170799992731,32.844631000265224],[-116.88173600041475,32.84468300008166],[-116.88132700016082,32.84479800032221],[-116.88094899986905,32.844879999864546],[-116.88011600019094,32.84506200008764],[-116.87979382552014,32.84513385496514],[-116.87942,32.84456],[-116.87903,32.84394],[-116.88048182164876,32.843548238602715],[-116.8805100003762,32.843549000191445]]],[[[-116.88091506664742,32.84069000003902],[-116.88092,32.84068],[-116.880930849123,32.84068071012442],[-116.88091506664742,32.84069000003902]]]]}},{"type":"Feature","properties":{"GEOID":"06073013504","NAME":"Census Tract 135.04","BASENAME":"135.04","in_district_share":0.1314},"geometry":{"type":"Polygon","coordinates":[[[-116.98891500038121,32.72979599963778],[-116.9889229998788,32.7300730002227],[-116.98889199991666,32.7307280002497],[-116.98888400041906,32.730893999920134],[-116.98887799967295,32.731041000003025],[-116.98896499971161,32.73107699978585],[-116.9892259998275,32.73118900036078],[-116.98931299986617,32.731228000123075],[-116.9893510003993,32.73105399994725],[-116.98936200026996,32.731024000247444],[-116.98938800020923,32.730989000207046],[-116.98942400019425,32.730961999777854],[-116.98946799967683,32.730944000242836],[-116.98951600025576,32.73093800014514],[-116.98964299957903,32.73093599986062],[-116.99121000009939,32.730928999997836],[-116.99176499994316,32.730928999997836],[-116.99173999982882,32.73176200020963],[-116.99174400002678,32.732185999681136],[-116.99168499957723,32.73225100005987],[-116.99162400037618,32.732296999869064],[-116.9915549998809,32.73233399964913],[-116.9914639996443,32.732362999915324],[-116.99138500000159,32.73237599966675],[-116.99128700009231,32.73237599966675],[-116.9912319998407,32.7323680001687],[-116.99062099992042,32.73239699966814],[-116.98985900038741,32.73284100005093],[-116.98915499968241,32.73329299990478],[-116.98894899981809,32.7332920001668],[-116.98846299957127,32.733289000197026],[-116.98833200005002,32.733289000197026],[-116.9881270000106,32.733287999703315],[-116.98792500034425,32.73328600022715],[-116.98732000027174,32.73328600022715],[-116.98725099977646,32.73328399999527],[-116.98712199990503,32.73328399999527],[-116.98691799969055,32.7332800002871],[-116.98631799964092,32.73326799965012],[-116.98611799962435,32.73326399994123],[-116.98588300034605,32.733257999999694],[-116.98529499999198,32.733246999853925],[-116.98518000036427,32.73323400022947],[-116.98515000022702,32.73323100025774],[-116.98507999990683,32.733217999875336],[-116.98498700002041,32.73319300035529],[-116.98495299968522,32.73317999996729],[-116.9848740000425,32.733147000252764],[-116.98483600040765,32.73313199962281],[-116.98471300038402,32.7330649996498],[-116.98465300010956,32.733022999956816],[-116.98461299992661,32.732994999646685],[-116.9845860001624,32.73297200030297],[-116.98451199964424,32.73290800019238],[-116.98429300025946,32.732717000084904],[-116.98421999956619,32.73265400029206],[-116.98413300042587,32.732578999724936],[-116.9838739999598,32.73235699991314],[-116.98378799974606,32.73228300035674],[-116.9837119995781,32.732217000251296],[-116.98348399997245,32.73202000014965],[-116.98340899962939,32.73195500035815],[-116.9833740003676,32.73192399969687],[-116.9832689998873,32.73183300017977],[-116.98322299985654,32.73180900002586],[-116.9832339997272,32.7317999999665],[-116.98314000001588,32.731723999680916],[-116.98305600035029,32.73165700016087],[-116.98290700038736,32.73155100023081],[-116.98284399973986,32.731513000367784],[-116.9827399999828,32.73145100023831],[-116.98264700009639,32.73140299971845],[-116.98251700040001,32.731338000232725],[-116.98236300041424,32.73127299994386],[-116.98229899994183,32.73124600035639],[-116.98226700015476,32.731234000201255],[-116.98218599996392,32.73120600008483],[-116.98208499968159,32.73117499991876],[-116.98194099974152,32.7311379996576],[-116.98188200019031,32.731123000200945],[-116.98185899972579,32.73111799987768],[-116.98172900002943,32.73109299976867],[-116.98163699996792,32.73107600002301],[-116.98141199983701,32.73105000013901],[-116.98133599966906,32.731046000330544],[-116.98120500014778,32.731040000239716],[-116.98101000015411,32.731041999766255],[-116.980974999994,32.731043000285176],[-116.98080000009183,32.73105699999225],[-116.98057499996092,32.73108800019941],[-116.98034499980717,32.73113600013321],[-116.98029399975354,32.73114900006364],[-116.9800719999957,32.73120900012471],[-116.9800030003987,32.73122599984501],[-116.97989724591419,32.73125399361582],[-116.97986,32.73074],[-116.98166,32.73052],[-116.98183,32.72967],[-116.98891024377573,32.72957814818886],[-116.98891500038121,32.72979599963778]]]}},{"type":"Feature","properties":{"GEOID":"06073013605","NAME":"Census Tract 136.05","BASENAME":"136.05","in_district_share":0.5289},"geometry":{"type":"Polygon","coordinates":[[[-116.9620279999227,32.747712000003915],[-116.9620770003265,32.747538000279],[-116.96214000007569,32.74738200021063],[-116.96215099994635,32.74735999962689],[-116.96222200009146,32.74722099969381],[-116.96229300023657,32.74711199988261],[-116.9623240001987,32.74706499982588],[-116.9624430000244,32.74691700014423],[-116.96247599963634,32.74688299988652],[-116.96258199994156,32.746773999661784],[-116.96271199963792,32.74666199978414],[-116.96334900039575,32.74622099979425],[-116.96352599994776,32.74609999985057],[-116.96366599968985,32.74598599993435],[-116.96378500041386,32.74587300022465],[-116.96386200040676,32.745924000051176],[-116.96393400037677,32.74595599997191],[-116.96396899963855,32.74596500011278],[-116.96401100036967,32.745976999795545],[-116.9640919996622,32.74598399998752],[-116.96417299985308,32.74597899974255],[-116.96425099967087,32.745961999814114],[-116.9643240003641,32.74593199984358],[-116.96454600012197,32.745796999851216],[-116.96472400039718,32.74568900016338],[-116.9647460001385,32.74605499996073],[-116.96478100029861,32.7462550003046],[-116.96478799997129,32.746281999878406],[-116.96483200035225,32.746431999796236],[-116.9649360001093,32.746709000053485],[-116.9650130001022,32.74691399987756],[-116.96541899998306,32.74796200024693],[-116.96563499989313,32.74852100031008],[-116.96579499972668,32.748914000092626],[-116.96582300021412,32.748983999679744],[-116.96590199985683,32.749134999897],[-116.96599300009342,32.74928099979858],[-116.96610699989624,32.749430999955386],[-116.96624599981341,32.749616000153516],[-116.96636999966196,32.749816000058],[-116.96646300044668,32.74999999990598],[-116.9664690002945,32.75001300010668],[-116.9665470001123,32.75020799986771],[-116.96660599966351,32.75040299995734],[-116.96665800044039,32.75060500020446],[-116.96666199974001,32.75063300026989],[-116.96669299970215,32.750821999914656],[-116.96670699994586,32.75102799963437],[-116.96670399957281,32.751171000087524],[-116.96670299974788,32.75123399963319],[-116.96669000022742,32.75134000032714],[-116.96667799963352,32.75145299990163],[-116.9666550000673,32.751575999950816],[-116.96652299982284,32.75211200030748],[-116.96649400040884,32.75231600026107],[-116.96648900038598,32.75244999991712],[-116.96648699983784,32.75250800019056],[-116.96650000025663,32.75269999970616],[-116.96652700002079,32.75286400020813],[-116.9665760004246,32.75305099986374],[-116.9666390001738,32.75322200009804],[-116.96672500038753,32.753400000368735],[-116.96682099974869,32.75355899976214],[-116.96693100025185,32.75371100004306],[-116.96705599992531,32.75385599973618],[-116.9672169995838,32.754011000293445],[-116.96735800004912,32.75412600002073],[-116.96745599995839,32.75419900006626],[-116.96755399986769,32.75429000016336],[-116.96764799957903,32.75440200027141],[-116.96772600029512,32.7545230002704],[-116.96778499984636,32.75465100037136],[-116.96779300024228,32.75467899992033],[-116.96782500002934,32.75478400003937],[-116.96784500012083,32.754920000261365],[-116.96786500021231,32.75556599980166],[-116.96787100006007,32.75573999970944],[-116.96788899960342,32.756261000179116],[-116.96790799987001,32.75634200035392],[-116.9679499997028,32.75642500016747],[-116.96801199962708,32.75649099971825],[-116.96833399984234,32.756794000359115],[-116.96855899997325,32.75700599971826],[-116.96864099998903,32.75710800019225],[-116.96870499956312,32.75721999977826],[-116.96874399992119,32.757320000314806],[-116.9690190002808,32.758200999804096],[-116.96917800028946,32.75871100020537],[-116.96919400018297,32.75876299968817],[-116.96924400041168,32.758919000220736],[-116.96926100013013,32.758971999787406],[-116.96941500011593,32.759458000044496],[-116.9694489995528,32.75961999979252],[-116.96945199992585,32.759653000278625],[-116.9694629997965,32.75977100010833],[-116.96946399962141,32.75983600000535],[-116.96942199978861,32.760668999668546],[-116.96939500002442,32.760775999893895],[-116.96935499984147,32.760865999885056],[-116.96929100026736,32.76096200012787],[-116.96921000007652,32.76104699977648],[-116.96912600041094,32.76111200025283],[-116.96903199980129,32.76116600020575],[-116.96891499962541,32.761213999800674],[-116.96878999995194,32.76124500009185],[-116.96859300030845,32.761276000372284],[-116.96789299980139,32.7613900003602],[-116.96779200041739,32.761484999860954],[-116.96759400005067,32.761672999719245],[-116.96754100034721,32.76174199968019],[-116.96751500040794,32.761790999893684],[-116.9674989996161,32.76182199998397],[-116.96747100002699,32.761921999884905],[-116.96776599957978,32.76196899965599],[-116.96792600031169,32.761977999689684],[-116.96794399985502,32.76198000003283],[-116.9680900003432,32.7619749999304],[-116.96825500019966,32.76195299992957],[-116.96879800034786,32.76183499996988],[-116.96892600039436,32.76181900021937],[-116.96901500008285,32.761815000281295],[-116.96929000044244,32.761811999761086],[-116.96960400026181,32.761811000343044],[-116.96974999985169,32.761805000057635],[-116.96988299992107,32.76185300006345],[-116.96995099969313,32.76189099982945],[-116.97000599994473,32.761941000132865],[-116.97004299975463,32.761995999754404],[-116.97016800032642,32.76226500011954],[-116.97020000011348,32.76233300020952],[-116.9702029995882,32.76238700017733],[-116.97016099975541,32.7627030002556],[-116.97015599973254,32.76286100025184],[-116.97014900005985,32.76403099963554],[-116.97014800023493,32.76422900011349],[-116.97014800023493,32.76488799964657],[-116.97014700041004,32.76511800031941],[-116.97014599968679,32.7658070001549],[-116.97014599968679,32.766038000090155],[-116.96998900022628,32.76603499971222],[-116.96952100042114,32.76602499996255],[-116.96936499988722,32.766022999710366],[-116.96905899956545,32.76601600033797],[-116.96814100039683,32.766000999954464],[-116.96783599989998,32.76599600007786],[-116.96778900004433,32.76599399982495],[-116.96764799957903,32.76599100020093],[-116.96760099972335,32.76599200032745],[-116.9673770003157,32.76598799982146],[-116.96670799977076,32.76597599981321],[-116.96652799984571,32.76597300018857],[-116.96648600001292,32.7659680003104],[-116.96639999979918,32.765956999670976],[-116.96632100015648,32.76594099990583],[-116.96622700044514,32.76591099986636],[-116.96613000036076,32.76586100028173],[-116.9660969998505,32.76583600010115],[-116.96605599984261,32.7658070001549],[-116.96599300009342,32.76574400034322],[-116.9659429998647,32.7656740003323],[-116.96588299959025,32.765551000115],[-116.9658299998868,32.765478000311006],[-116.96576399976456,32.7654150002665],[-116.96567900027405,32.76535900035736],[-116.9655770001668,32.76531599989067],[-116.96548299955717,32.76529399996005],[-116.96510199979066,32.76519899999123],[-116.96469900028285,32.76509899999404],[-116.96451599998473,32.7650479998163],[-116.96438899976312,32.76500299967957],[-116.96398600025532,32.764865000226486],[-116.96389699966852,32.7648349998244],[-116.96346900004636,32.76468999987885],[-116.96323800006769,32.76461300031187],[-116.96316100007479,32.76459200034972],[-116.96299700004325,32.76454699998254],[-116.96250499994869,32.764418000365005],[-116.96248300020737,32.76441399978829],[-116.96235500016083,32.76439399992363],[-116.96233800044241,32.764392999779204],[-116.96223399978703,32.764392999779204],[-116.962061000433,32.764400000034605],[-116.96185399984543,32.764409999966794],[-116.96175900030919,32.76442999982787],[-116.96168599961594,32.7644590002227],[-116.96161899966877,32.76449799977503],[-116.96152300030761,32.7645740000545],[-116.96145399981232,32.76460999988589],[-116.96137699981946,32.76463499965536],[-116.96129099960572,32.76465699974882],[-116.96121600016096,32.76467700030975],[-116.96102399964202,32.76472900008534],[-116.96101000029662,32.76475200029603],[-116.96074400015787,32.76478699991546],[-116.96019599998678,32.76490300021762],[-116.96006899976517,32.764930000181664],[-116.95997199968079,32.76493699963937],[-116.9599020002589,32.764930000181664],[-116.95987499959641,32.76492900004321],[-116.95978000006018,32.7649080001556],[-116.95968799999866,32.764875000106436],[-116.95963199992217,32.76484499970772],[-116.95955800030234,32.76479199985995],[-116.95949399982989,32.76473000022603],[-116.95943500027867,32.76464799998593],[-116.9593940002708,32.7645580000408],[-116.95938599987485,32.764528000290674],[-116.95929800001132,32.76404000021619],[-116.95929399981334,32.763970000376176],[-116.95929100033864,32.76390300017567],[-116.95931399990485,32.763606999870056],[-116.95930200020929,32.76351799978223],[-116.95927600027001,32.76343800024696],[-116.95922799969114,32.76335100030253],[-116.95917300033787,32.763283000234644],[-116.95910600039068,32.76322299986501],[-116.95903000022273,32.763172000123355],[-116.9589309995902,32.76312500023188],[-116.95882299963516,32.76309299968084],[-116.9586720000224,32.76307399967867],[-116.95857400011313,32.76307399967867],[-116.95849399974718,32.7630860000781],[-116.95838900016523,32.763112999837716],[-116.95824500022516,32.76313400014872],[-116.95809899973698,32.76314199990618],[-116.95795300014711,32.763138000027546],[-116.95788399965183,32.76313199983156],[-116.95771100029778,32.76309600015788],[-116.95751799995395,32.763072000115585],[-116.9573559995722,32.76306300019242],[-116.95717700037041,32.7630659999151],[-116.95703400025526,32.7630780003156],[-116.95699900009518,32.763082000196945],[-116.95685699980493,32.76310000003841],[-116.95664599991775,32.76311199967891],[-116.95643400020563,32.763110000116626],[-116.95622400014337,32.76309299968084],[-116.95606199976166,32.76307099995626],[-116.95599700036263,32.76304900022629],[-116.95591100014892,32.763021000287374],[-116.95580999986656,32.7629740003162],[-116.95576800003377,32.76295599969384],[-116.9557489997672,32.762946999759],[-116.9555229998114,32.762838000308044],[-116.95532600016793,32.76272500007107],[-116.95501200034853,32.76252999976599],[-116.95493700000547,32.76248300029099],[-116.95479600043849,32.76241400014892],[-116.95466199964588,32.76236400011108],[-116.95449400031468,32.76232000029631],[-116.95434799982648,32.762296000044785],[-116.95416999955127,32.76228499970704],[-116.9539960003723,32.76228199995804],[-116.95356899967672,32.76227900020895],[-116.95351900034635,32.76227800004077],[-116.95342999975958,32.76227699987258],[-116.95065299999251,32.76224999985938],[-116.95038400037902,32.76224700010921],[-116.95005999961559,32.76224400035898],[-116.94958000011488,32.76223800010271],[-116.94931200032627,32.762235999765416],[-116.94907799997458,32.76223400018345],[-116.94871999977426,32.762230000264026],[-116.9483780003658,32.76222799992656],[-116.948144999839,32.76222600034441],[-116.94769700012534,32.76222199966924],[-116.94635300008606,32.76221100007774],[-116.9459060001973,32.76220800032624],[-116.94572999957188,32.762205999988275],[-116.94520200039061,32.762203000236624],[-116.9450269995901,32.76220200006759],[-116.94500700039694,32.762203000236624],[-116.94472700001444,32.762203000236624],[-116.94382999986391,32.762205999988275],[-116.94353199993809,32.76220800032624],[-116.94350400034898,32.76220800032624],[-116.94342200033321,32.76220800032624],[-116.94339499967074,32.76220800032624],[-116.94308000002646,32.76220800032624],[-116.94242600044848,32.76220999990879],[-116.94232900036408,32.762224000006846],[-116.94222200023397,32.762254999946364],[-116.94215000026396,32.762288999624005],[-116.94212299960147,32.762302000297105],[-116.94204599960857,32.76235200036975],[-116.94196799979076,32.76242199997107],[-116.9419140002624,32.76249100010693],[-116.94187900010229,32.7625489998842],[-116.94187099970637,32.762565000258945],[-116.94183999974423,32.76265100005203],[-116.94181999965275,32.76274599971817],[-116.94180600030737,32.762814000196194],[-116.94178899969062,32.76289700002048],[-116.94173699981206,32.76314599978465],[-116.94172099991856,32.7632300002124],[-116.94165700034445,32.76354199970435],[-116.94146499982551,32.76447699978582],[-116.94140200007634,32.7647900003354],[-116.94139100020567,32.7648399997662],[-116.94135900041864,32.76499199967629],[-116.94134900037288,32.76504500016039],[-116.9412659996339,32.76549799993215],[-116.94107200036343,32.76656700018541],[-116.94103700020335,32.76686000011911],[-116.94101899976167,32.76701200035709],[-116.94100299986815,32.76716300022215],[-116.94098299977666,32.76731800027748],[-116.94098299977666,32.76781199963747],[-116.94098399960158,32.76864199992175],[-116.94096600005822,32.76872300016384],[-116.94093500009609,32.76880200014246],[-116.94088300021755,32.76888699985951],[-116.94081399972227,32.7689630001687],[-116.94074299957715,32.76902000016915],[-116.94066300010954,32.76906699996981],[-116.9405690003982,32.76910599976951],[-116.94045100039742,32.76913700033406],[-116.9403390002444,32.7691479998252],[-116.94027499977202,32.76914699973419],[-116.94007999977833,32.769161000252026],[-116.93998900044006,32.76917099964946],[-116.93971499990536,32.76920200019137],[-116.93962500039198,32.76921299967448],[-116.93941600015464,32.76923299996716],[-116.93903299983998,32.769271999694084],[-116.93879799966332,32.76932700007408],[-116.93859500017204,32.769387000106505],[-116.93864399967752,32.76982900028227],[-116.93879099999064,32.77115499972568],[-116.93884000039444,32.77159800024925],[-116.93866499959395,32.771566999786494],[-116.93832800020837,32.77153199981146],[-116.93817099984955,32.77151799966652],[-116.93762900042454,32.771478000103485],[-116.9370920001241,32.77140700000405],[-116.93679000000031,32.77135000002149],[-116.93647629071958,32.771274311565016],[-116.93656,32.76215],[-116.94505,32.7622],[-116.94505,32.7586],[-116.94978,32.75856],[-116.94881,32.75645],[-116.94931,32.75496],[-116.95357,32.75499],[-116.95356001967637,32.75124737864019],[-116.95360700020989,32.75124699965377],[-116.95398200012862,32.75124900023798],[-116.9541069998021,32.75124999977451],[-116.95416141500958,32.75124999977451],[-116.95562300026882,32.75127430166718],[-116.95562300026882,32.75132400020192],[-116.9558469996765,32.751322999910705],[-116.95673799997927,32.75131999979243],[-116.95703500008018,32.75132100008375],[-116.95719099971578,32.75131999979243],[-116.95766000024415,32.75131999979243],[-116.95776700037429,32.75131999979243],[-116.95777004856353,32.75131883856356],[-116.95778,32.75313],[-116.96062,32.75343],[-116.9599502602813,32.75132081969186],[-116.9600050952717,32.75131945718944],[-116.96106646292245,32.751309000365296],[-116.96172900017194,32.751309000365296],[-116.96197500021925,32.751309000365296],[-116.96197509394102,32.75130004833556],[-116.96198,32.7513],[-116.96202782633705,32.74771302472089],[-116.9620279999227,32.747712000003915]]]}},{"type":"Feature","properties":{"GEOID":"06073009706","NAME":"Census Tract 97.06","BASENAME":"97.06","in_district_share":0.0045},"geometry":{"type":"MultiPolygon","coordinates":[[[[-117.04875699976989,32.777322999786136],[-117.0486530000128,32.777334999775135],[-117.04865700021078,32.77724499981808],[-117.04866999973126,32.77698000017127],[-117.04867499975413,32.77689199986315],[-117.04870200041663,32.7766790002678],[-117.04876000014295,32.77622099993939],[-117.04878400043239,32.77603999993313],[-117.04880455373268,32.77588437972497],[-117.04876,32.77732],[-117.04876763445967,32.7773218081615],[-117.04875699976989,32.777322999786136]]],[[[-117.0486660004316,32.77952500012805],[-117.04973799958601,32.77879799990505],[-117.05079000044557,32.778267000020385],[-117.05090900027126,32.778180000219336],[-117.0510020001577,32.7781289999839],[-117.05128300036507,32.77798299979985],[-117.0513718217018,32.77793858935043],[-117.05142,32.77795],[-117.04865517997503,32.780104291943736],[-117.0486660004316,32.77952500012805]]],[[[-117.04825458730359,32.780416425665656],[-117.04825,32.78042],[-117.04824896431474,32.78041944039587],[-117.04825458730359,32.780416425665656]]],[[[-117.04814699967451,32.78028200019024],[-117.04821815105208,32.78040279129427],[-117.04806528875969,32.78032019634596],[-117.04814699967451,32.78028200019024]]],[[[-117.04432899981688,32.780022000369264],[-117.04445699986343,32.77992500031989],[-117.04448700000064,32.77990300022389],[-117.04465600005504,32.779796000331764],[-117.04483599998008,32.779701999953275],[-117.04504000019462,32.779616999991546],[-117.045237999663,32.779553000162245],[-117.04525299973162,32.779617999964906],[-117.04526500032551,32.77966800012938],[-117.04527299982308,32.77977700011859],[-117.04526799980025,32.77982300030963],[-117.04526399960227,32.77988000015207],[-117.04526100012754,32.77989199979622],[-117.04525600010467,32.77991000001471],[-117.04524400040908,32.77996399989308],[-117.04524000021114,32.77998300006623],[-117.04523937829047,32.77998963301332],[-117.04435,32.78011],[-117.0443285818407,32.78002235030196],[-117.04432899981688,32.780022000369264]]],[[[-117.03995399956736,32.779563999876544],[-117.03995100009263,32.77947399990824],[-117.03995000026772,32.7794439998986],[-117.03996899963596,32.77944099997258],[-117.04002700026061,32.77943500012029],[-117.0400470003521,32.77943400014488],[-117.04014899956103,32.77942299965922],[-117.04045800025581,32.77939199965649],[-117.04056100018798,32.77938199989693],[-117.04073299971712,32.77935899969041],[-117.04113899959798,32.7793080001307],[-117.04124800027624,32.77928499990505],[-117.04136100025414,32.779261999673466],[-117.04141800015557,32.779246000034256],[-117.04157600033932,32.77920000030026],[-117.04176999960976,32.7791290003193],[-117.04187599991495,32.77907999983134],[-117.04195899975564,32.77904299983039],[-117.0421610003203,32.77893199973505],[-117.04232700000166,32.778821000256585],[-117.04248199981237,32.77870000004815],[-117.04262499992748,32.77856899982423],[-117.04276499966957,32.77841699968597],[-117.04297599955676,32.778139999874256],[-117.0432729996577,32.77775299989304],[-117.04335499967345,32.777644999685705],[-117.04360099972075,32.777322999786136],[-117.04368399956142,32.77721599981255],[-117.04369199995735,32.777445000354334],[-117.04369250977001,32.77745808548006],[-117.04219,32.77908],[-117.03995456815196,32.77958104506939],[-117.03995399956736,32.779563999876544]]],[[[-117.03892699972047,32.78174200035211],[-117.03893099991842,32.781583999885015],[-117.03894699981194,32.78137699991437],[-117.03965599964152,32.78138199968219],[-117.03988765392288,32.78137829338945],[-117.03894,32.78173],[-117.03900231130767,32.78174542359101],[-117.03892699972047,32.78174200035211]]],[[[-117.03984107342613,32.78195303797676],[-117.03995,32.78198],[-117.03983314368085,32.7820355067516],[-117.03984107342613,32.78195303797676]]],[[[-117.03748200029715,32.78326299964049],[-117.03752199958178,32.78309600020095],[-117.03831999999814,32.782568000109485],[-117.03901100028438,32.782111999774386],[-117.03967396659486,32.782111115867444],[-117.03755,32.78312],[-117.03748030937469,32.78327018599873],[-117.03748200029715,32.78326299964049]]],[[[-117.03491200021934,32.78659299992474],[-117.03501599997642,32.78647300036508],[-117.03507700007579,32.7864030000437],[-117.03520799959703,32.786345999849196],[-117.03626462495606,32.785890033040424],[-117.03626,32.7859],[-117.03438396757849,32.78715068828101],[-117.03491200021934,32.78659299992474]]],[[[-117.03192299984191,32.78878699993774],[-117.03196579702808,32.7887674392603],[-117.03150766103685,32.78957833996477],[-117.03192299984191,32.78878699993774]]],[[[-117.03225500010291,32.79030800035383],[-117.0321000002922,32.79051599978315],[-117.03167500014479,32.79051599978315],[-117.03156999966448,32.79067699979167],[-117.03146199970942,32.79084400010228],[-117.03132000031752,32.79075400021806],[-117.03142599972442,32.790605000058434],[-117.03100099957697,32.79054599983497],[-117.03101562759079,32.79051808806408],[-117.03235903854782,32.790167365508886],[-117.03225500010291,32.79030800035383]]],[[[-117.0375143069866,32.78882148626762],[-117.03752,32.78882],[-117.03751961051671,32.788828438804586],[-117.0375143069866,32.78882148626762]]],[[[-117.0373450000298,32.79096299996047],[-117.03742402834943,32.7908993857625],[-117.0374,32.79142],[-117.03739294810518,32.79141997073903],[-117.0373450000298,32.79096299996047]]]]}},{"type":"Feature","properties":{"GEOID":"06073013905","NAME":"Census Tract 139.05","BASENAME":"139.05","in_district_share":0.0754},"geometry":{"type":"MultiPolygon","coordinates":[[[[-116.99729699973597,32.714925000265005],[-116.99729699973597,32.71493900023544],[-116.99729599991106,32.714955000090924],[-116.99723855829059,32.71640662518552],[-116.99725992664881,32.71492508568219],[-116.99729699973597,32.714925000265005]]],[[[-116.99705700043476,32.728226000033764],[-116.99705300023679,32.72860000035632],[-116.99705300023679,32.72862799977986],[-116.99705300023679,32.72871300005422],[-116.99705400006171,32.72874299977604],[-116.99705300023679,32.728834000180456],[-116.99705300023679,32.7290320003076],[-116.99701600042688,32.72909799974851],[-116.99697299987086,32.72917799989836],[-116.99693600006093,32.72923399988494],[-116.99682599955777,32.7294019996337],[-116.99678999957277,32.72945900001631],[-116.99638899971477,32.730086000308106],[-116.9963700003465,32.73011600032363],[-116.99627999993481,32.730292000362354],[-116.99621999966035,32.730447000353394],[-116.99614900041357,32.73069600015022],[-116.99612799959885,32.730748999883694],[-116.99586800020617,32.73124400007873],[-116.99581799997746,32.73129700024209],[-116.99576299972587,32.731332999921534],[-116.99569499995381,32.73136000023833],[-116.99563200020461,32.73137200037651],[-116.99494799959108,32.731363000273035],[-116.99450800027336,32.731357999963286],[-116.9943149999295,32.731335999957125],[-116.99420699997445,32.731316999981786],[-116.99404299994293,32.731275000220876],[-116.99389399998003,32.73122599984501],[-116.99369499978839,32.73115899995065],[-116.99349899996982,32.73109800009327],[-116.99332599971746,32.731059000274094],[-116.99319699984603,32.73101299982598],[-116.99309700028692,32.730952999632976],[-116.99301299972302,32.730862999645545],[-116.992984000309,32.73080999997991],[-116.99292999988232,32.730693000093076],[-116.99287399980582,32.73060599990332],[-116.99279299961498,32.730533999942644],[-116.99269499970568,32.730484000145665],[-116.99251700032877,32.7304680000536],[-116.99209399983116,32.73048199985096],[-116.99198000002833,32.730497000171184],[-116.99192399995184,32.730520999922575],[-116.99187000042346,32.73056699986889],[-116.99182100001967,32.730634999976004],[-116.99180000010327,32.73069799968448],[-116.99178500003467,32.73078900036027],[-116.99176499994316,32.730928999997836],[-116.99121000009939,32.730928999997836],[-116.98964299957903,32.73093599986062],[-116.98951600025576,32.73093800014514],[-116.98946799967683,32.730944000242836],[-116.98942400019425,32.730961999777854],[-116.98938800020923,32.730989000207046],[-116.98936200026996,32.731024000247444],[-116.9893510003993,32.73105399994725],[-116.98931299986617,32.731228000123075],[-116.9892259998275,32.73118900036078],[-116.98896499971161,32.73107699978585],[-116.98887799967295,32.731041000003025],[-116.98888400041906,32.730893999920134],[-116.98889199991666,32.7307280002497],[-116.9889229998788,32.7300730002227],[-116.98891500038121,32.72979599963778],[-116.98891024377573,32.72957814818886],[-116.99108,32.72955],[-116.99109,32.72844],[-116.99207,32.72846],[-116.99208,32.72955],[-116.99515,32.72953],[-116.99519,32.72735],[-116.99706857970163,32.72739969787571],[-116.99705700043476,32.728226000033764]]]]}},{"type":"Feature","properties":{"GEOID":"06073013907","NAME":"Census Tract 139.07","BASENAME":"139.07","in_district_share":0.9986},"geometry":{"type":"Polygon","coordinates":[[[-117.00482700004433,32.71481600025832],[-117.00543100029189,32.71481299966684],[-117.0056299995852,32.714810999776354],[-117.00568900003475,32.71480999983111],[-117.00586599958675,32.714808999885804],[-117.00592599986122,32.714808999885804],[-117.006227999985,32.71480600004993],[-117.00713699983112,32.7147989996767],[-117.00743999977983,32.71479699978589],[-117.00752199979557,32.71479699978589],[-117.00756600017652,32.71479599984044],[-117.00794399957,32.71479599984044],[-117.00807099979158,32.71479599984044],[-117.00825800028765,32.71479499989503],[-117.00882200035227,32.71479300000412],[-117.00900999977492,32.714793999949556],[-117.00911500025522,32.71479300000412],[-117.00943099972443,32.71479300000412],[-117.00953700002961,32.71479300000412],[-117.0095439997023,32.71547400031938],[-117.00956700016685,32.717522999789566],[-117.00957499966447,32.71820700014447],[-117.00957600038767,32.718366000360625],[-117.00958200023544,32.7188430000639],[-117.00958399988528,32.71900399969844],[-117.00958999973307,32.71903199986811],[-117.0095930001061,32.71922399971495],[-117.00957899986241,32.71932299992314],[-117.00954899972517,32.7194179996914],[-117.00949900039477,32.71951300011421],[-117.00945699966367,32.71957000001703],[-117.00923599973075,32.719793999706404],[-117.00907599989716,32.71995800030992],[-117.00903099969132,32.72000799996386],[-117.00889900034515,32.72016199981015],[-117.00885599978912,32.72021399987489],[-117.0087899996669,32.72029199991515],[-117.00874299981125,32.7203509998421],[-117.00868500008492,32.72044899967296],[-117.00864400007703,32.720554000074046],[-117.00862399998555,32.72064800016269],[-117.00862200033573,32.72066299987013],[-117.00862099961249,32.72073299973137],[-117.00862599963537,32.7207670001408],[-117.00866199962037,32.72094199986458],[-117.008676999689,32.721012000262526],[-117.00869099993268,32.72109899998958],[-117.00871199984908,32.721218000121645],[-117.00874299981125,32.72135900030117],[-117.00876200007782,32.721445999689635],[-117.00876700010069,32.721692999949425],[-117.00876499955254,32.72173000035168],[-117.00876499955254,32.72175400019586],[-117.00873500031364,32.72201800032286],[-117.008648000275,32.722549000074864],[-117.00864300025214,32.722571999840355],[-117.00857799995478,32.72295999991944],[-117.00856200006127,32.72305899975889],[-117.00848400024346,32.723539000353355],[-117.00844800025845,32.7236240001893],[-117.00841999977106,32.72366400008409],[-117.00839600037993,32.72369999982288],[-117.00833399955734,32.723763999742516],[-117.00827199963305,32.72381000015235],[-117.00824499986886,32.72382299963956],[-117.00820399986097,32.723845999832186],[-117.00816399967802,32.723859999913685],[-117.00813600008891,32.723870999706264],[-117.0080359996315,32.72390899980376],[-117.00773900042888,32.72402399984103],[-117.00771699978925,32.72403500036913],[-117.00764399999431,32.72407199979959],[-117.00750500007715,32.724142999848326],[-117.00737100018286,32.7242270000246],[-117.0072129999991,32.72432699980737],[-117.00713900037925,32.72437600019651],[-117.00701399980748,32.72442999974595],[-117.00689199960874,32.72446599993121],[-117.00661999962216,32.72451299981538],[-117.00621999958908,32.724571999972504],[-117.00597699991485,32.724590999873904],[-117.00583700017275,32.72459400013639],[-117.00575000013413,32.72459199970947],[-117.0052489998187,32.724586999775696],[-117.00505399982505,32.724584000268656],[-117.00446999966893,32.72458100000583],[-117.00441299976752,32.72458100000583],[-117.00427600039849,32.72458199984158],[-117.00413999995607,32.72458100000583],[-117.00395099981019,32.72458299967725],[-117.00383899965718,32.72459800023428],[-117.00373900009807,32.72462100022705],[-117.00361400042458,32.72467100028937],[-117.00356800039384,32.724696999766586],[-117.00351999981494,32.72472499966014],[-117.0034389996241,32.724783999676966],[-117.00340000016435,32.724821000308125],[-117.00333599969193,32.72489800026506],[-117.00311999978186,32.72518599982861],[-117.00298099986469,32.72537200031186],[-117.00290399987182,32.72544200025507],[-117.00282699987889,32.72549299968251],[-117.00272700031981,32.72553800013104],[-117.00263400043337,32.725564000111135],[-117.00255200041761,32.72557600027383],[-117.00198400015503,32.7256379999549],[-117.00189499956824,32.7256609996794],[-117.00180599987982,32.72569799994655],[-117.00172700023707,32.72574700033796],[-117.00165100006912,32.72581799980865],[-117.00160000001549,32.72588800015744],[-117.00156300020554,32.725959000271565],[-117.00148200001469,32.72608399963256],[-117.0014269997631,32.726143000261565],[-117.00135599961801,32.72619899988743],[-117.00126100008177,32.72625200002726],[-117.00081900021587,32.72646000025731],[-117.00061199962833,32.7265580001757],[-117.00014200017338,32.72678199969268],[-116.99935100032803,32.72716199962374],[-116.99924500002284,32.72722399971337],[-116.99876200014907,32.72751100027346],[-116.99866400023977,32.72757099976035],[-116.99844300030684,32.72768499980769],[-116.99830100001664,32.727752000045946],[-116.99812000026665,32.72783500004565],[-116.99757799994335,32.728085000133355],[-116.99743599965312,32.7281510002753],[-116.99739999966812,32.72817300031177],[-116.99733100007111,32.72821599981773],[-116.99730599995678,32.728236000248735],[-116.99724999988027,32.72828299965693],[-116.99717999956009,32.72835899985339],[-116.99712500020682,32.728435999777595],[-116.99709500006958,32.72849500036154],[-116.99707199960505,32.72854300018018],[-116.99705300023679,32.72860000035632],[-116.99705700043476,32.728226000033764],[-116.99706857970163,32.72739969787571],[-116.99708,32.7274],[-116.99723855829059,32.71640662518552],[-116.99729599991106,32.714955000090924],[-116.99729699973597,32.71493900023544],[-116.99729699973597,32.714925000265005],[-116.9975610002249,32.71492199967721],[-116.99798100034948,32.71491799990111],[-116.99835299989515,32.71491000034832],[-116.99861800020904,32.7149059998158],[-116.99886199970818,32.714900000150486],[-116.9990972726886,32.714894570620224],[-116.99976729366378,32.71488529697351],[-116.99984000004959,32.71488500022952],[-116.99992847574948,32.714883066079594],[-117.00469750700589,32.71481705872656],[-117.00482700004433,32.71481600025832]]]}},{"type":"Feature","properties":{"GEOID":"06073013908","NAME":"Census Tract 139.08","BASENAME":"139.08","in_district_share":0.2045},"geometry":{"type":"MultiPolygon","coordinates":[[[[-117.01266799979898,32.712197000273484],[-117.01267799984474,32.71271200004589],[-117.01271100035501,32.714256999663135],[-117.01272200022566,32.714771999635424],[-117.01261000007268,32.714771999635424],[-117.01227500033691,32.71477400028257],[-117.01216400000884,32.7147760001739],[-117.0118040001587,32.71477800006518],[-117.01072500043331,32.71478499968429],[-117.0103660004081,32.7147880002767],[-117.01019999982843,32.71478900022218],[-117.00970199988605,32.71479100011318],[-117.00953700002961,32.71479300000412],[-117.00943099972443,32.71479300000412],[-117.00911500025522,32.71479300000412],[-117.00900999977492,32.714793999949556],[-117.00882200035227,32.71479300000412],[-117.00825800028765,32.71479499989503],[-117.00807099979158,32.71479599984044],[-117.00794399957,32.71479599984044],[-117.00756600017652,32.71479599984044],[-117.00752199979557,32.71479699978589],[-117.00743999977983,32.71479699978589],[-117.00713699983112,32.7147989996767],[-117.006227999985,32.71480600004993],[-117.00592599986122,32.714808999885804],[-117.00586599958675,32.714808999885804],[-117.00568900003475,32.71480999983111],[-117.0056299995852,32.714810999776354],[-117.00543100029189,32.71481299966684],[-117.00482700004433,32.71481600025832],[-117.00469750700589,32.71481705872656],[-117.00593,32.7148],[-117.00609,32.70954],[-117.00827,32.70958],[-117.00817,32.71219],[-117.0096,32.71219],[-117.00957,32.71353],[-117.01032,32.71353],[-117.01035,32.71219],[-117.01266741294104,32.71219],[-117.01266799979898,32.712197000273484]]],[[[-116.99886199970818,32.714900000150486],[-116.99861800020904,32.7149059998158],[-116.99835299989515,32.71491000034832],[-116.99798100034948,32.71491799990111],[-116.9975610002249,32.71492199967721],[-116.99729699973597,32.714925000265005],[-116.99729726603296,32.71491948420716],[-116.9990972726886,32.714894570620224],[-116.99886199970818,32.714900000150486]]],[[[-116.99984000004959,32.71488500022952],[-116.99976729366378,32.71488529697351],[-116.99992847574948,32.714883066079594],[-116.99984000004959,32.71488500022952]]]]}},{"type":"Feature","properties":{"GEOID":"06073014001","NAME":"Census Tract 140.01","BASENAME":"140.01","in_district_share":1.0},"geometry":{"type":"Polygon","coordinates":[[[-117.03394100044898,32.73201000035922],[-117.0336059998149,32.73249199986454],[-117.03274999967223,32.733733999647896],[-117.03243599985286,32.73420600011006],[-117.03221099972198,32.73454700032801],[-117.0320650001321,32.73479000016812],[-117.03186699976537,32.73511800031337],[-117.03185199969677,32.735143999766436],[-117.03158800010611,32.7356019998158],[-117.03135799995236,32.736134999683514],[-117.03135399975439,32.73614499976681],[-117.03122999990586,32.73650800036878],[-117.03119999976862,32.73659500008731],[-117.03111199990505,32.7369819998907],[-117.03111000025524,32.736994999724146],[-117.0310669996992,32.737421999824235],[-117.03100700032307,32.738498000113026],[-117.03098600040668,32.73889499973919],[-117.0309810003838,32.739000000328566],[-117.03093000033017,32.73900199967649],[-117.03077799999421,32.739008999660896],[-117.0307279997655,32.73901200019376],[-117.03047199967249,32.73901200019376],[-117.02970500011659,32.73901299986758],[-117.02944999984847,32.73901400029703],[-117.02943300013001,32.73959900025252],[-117.02941800006141,32.740162999712176],[-117.0293829999013,32.74135399974422],[-117.02936600018288,32.741939000205164],[-117.02907800030277,32.74193599977086],[-117.02821799996217,32.74192800037531],[-117.02793099990699,32.74192600033739],[-117.02760700004188,32.74192900001644],[-117.02663799992133,32.74193700016748],[-117.02631499988112,32.74194199988377],[-117.02598000014537,32.74193700016748],[-117.02497699968961,32.74192299990265],[-117.02464299977876,32.7419200002234],[-117.02433399998228,32.74191499975035],[-117.02358599979466,32.741903999917476],[-117.02340900024265,32.741889000005905],[-117.02339199962591,32.741888000364284],[-117.02310399974581,32.74184699993772],[-117.02310899976868,32.74190899963561],[-117.02309100022534,32.74216499963759],[-117.02305199986729,32.74311900023914],[-117.0230400001717,32.74343899993679],[-117.02269899968987,32.7435270000677],[-117.02253600038156,32.74357700010337],[-117.02240199958895,32.743619999733816],[-117.02213899982321,32.74371500005625],[-117.02187600005749,32.743822999870254],[-117.02161900013952,32.743941000273],[-117.0213420001301,32.74408499963065],[-117.02111199997633,32.744217000348506],[-117.0210750001664,32.744241000183266],[-117.02080499982968,32.74441799989832],[-117.0206790003313,32.74450900016562],[-117.02055700013256,32.744608000251255],[-117.02019300008448,32.7449060002113],[-117.02007199971065,32.74500699982456],[-117.0199570000829,32.745100999818085],[-117.01977200013499,32.7452539997803],[-117.01961099957822,32.745382000356756],[-117.01949599995048,32.74547599995463],[-117.01931400037559,32.745280999657474],[-117.01876899967924,32.74469500037305],[-117.01858799992928,32.744501999857754],[-117.01798500040492,32.74392999993472],[-117.01796399959021,32.74391199999639],[-117.01706800016291,32.74321400034019],[-117.01698199994915,32.74314699963524],[-117.01683899983402,32.743034000102696],[-117.0167879997804,32.742993999832635],[-117.0166959997189,32.74292099967121],[-117.01646100044057,32.74273500029389],[-117.01515800040916,32.74169899989944],[-117.01500199987525,32.741556999754245],[-117.01496599989025,32.74151700033225],[-117.01489100044547,32.74143600027664],[-117.01486399978297,32.74140600029334],[-117.01475800037608,32.74126799978667],[-117.01465000042104,32.74109900008503],[-117.01456000000935,32.74092199982146],[-117.01449300006222,32.7407530002192],[-117.01444600020655,32.74059199981268],[-117.01442799976489,32.740521999676595],[-117.01440199982561,32.74035900029089],[-117.01439199977986,32.74023500020615],[-117.01439299960478,32.74005099983553],[-117.01441000022152,32.73986200000795],[-117.01442199991708,32.73973799998723],[-117.01444600020655,32.73953399994333],[-117.01447399979563,32.7392969997282],[-117.01448700021443,32.73913299994039],[-117.01448399984137,32.73905699986267],[-117.01447999964343,32.73891999992668],[-117.01447499962053,32.73871499984428],[-117.01447399979563,32.738304000094054],[-117.0144710003209,32.73707600003841],[-117.0144710003209,32.73666699968598],[-117.01446999959768,32.736254999853486],[-117.01446899977276,32.735794000251715],[-117.01448200019155,32.735025000086054],[-117.01448899986427,32.73461699986792],[-117.01487899985159,32.734619999793],[-117.01560000027506,32.734625999642844],[-117.01596900034598,32.73462799984455],[-117.0159910000873,32.73462799984455],[-117.01604999963851,32.73462799984455],[-117.01625200020321,32.73462799984455],[-117.01644100034909,32.73462799984455],[-117.0164970004256,32.73462799984455],[-117.01666599958166,32.73462799984455],[-117.0167230003814,32.73462799984455],[-117.01732300043102,32.73462900032328],[-117.01769400015176,32.734630000046266],[-117.01776100009896,32.73464100002136],[-117.01786099965804,32.73465100027228],[-117.01794199984889,32.7346929999538],[-117.0180470003292,32.73465499991893],[-117.01815699993406,32.73463299997091],[-117.01859200012723,32.73462100027175],[-117.01908800041979,32.73462799984455],[-117.01967800042364,32.73463099976926],[-117.01970099998988,32.73464300022273],[-117.01988699976272,32.734637000374036],[-117.02048099996458,32.734637000374036],[-117.02068000015619,32.73463899981988],[-117.02092700002842,32.734640000298434],[-117.02166799964503,32.73464300022273],[-117.02191600024044,32.734644999668454],[-117.02219700044786,32.73464699986979],[-117.02304199982152,32.734652999717824],[-117.02332399985386,32.73465499991893],[-117.0233280000518,32.73443899985062],[-117.02334200029549,32.73379200001548],[-117.02334700031838,32.73357699985752],[-117.02334800014329,32.733507999992135],[-117.02335200034125,32.73330499978274],[-117.02335399999107,32.73323700020109],[-117.02335900001394,32.73308300026783],[-117.02336099966375,32.73295699964357],[-117.0233640000368,32.732826999868436],[-117.02339199962591,32.73211700025028],[-117.02340400021978,32.731837999707174],[-117.02342099993821,32.73126799962907],[-117.0234750003649,32.729562999851524],[-117.02349100025842,32.72902299996786],[-117.02349299990824,32.72899499991273],[-117.02368700007702,32.728997000240796],[-117.0242700004082,32.72900299971343],[-117.02446500040186,32.72900599982745],[-117.02474099968806,32.729005000041376],[-117.0255730004396,32.729005000041376],[-117.02585000044904,32.729005000041376],[-117.02607499968161,32.72900199992733],[-117.02675199972414,32.72899400012648],[-117.02697799967994,32.72899300034027],[-117.02722899975012,32.72899100001205],[-117.02798500033367,32.728990000225814],[-117.02823700022874,32.728990000225814],[-117.02829300030523,32.728990000225814],[-117.02846300018454,32.728990000225814],[-117.02852000008598,32.72899100001205],[-117.02858000036039,32.728990000225814],[-117.02876100011036,32.72898899968385],[-117.02882200020973,32.72898899968385],[-117.02891300044634,32.72898899968385],[-117.02918600025781,32.72898899968385],[-117.02927699959608,32.72898899968385],[-117.02951299959766,32.72898799989753],[-117.03022399997536,32.72898600032491],[-117.03046099980183,32.72898700011125],[-117.03047500004554,32.72955699966088],[-117.03052000025136,32.73126799962907],[-117.03053500031999,32.73183999997151],[-117.03078600039017,32.73183999997151],[-117.03153899970235,32.7318420002358],[-117.0317899997725,32.73184299999006],[-117.03199999983478,32.7318420002358],[-117.03263300039467,32.7318420002358],[-117.0328440002819,32.73184399974429],[-117.03290700003106,32.73184399974429],[-117.03309799982678,32.73184399974429],[-117.03316200029919,32.73184500025427],[-117.03327699992693,32.73184500025427],[-117.03362500008146,32.73184500025427],[-117.03374100043241,32.7318469997627],[-117.03379199958772,32.73186199985327],[-117.03394700029673,32.731907000109686],[-117.03399900017527,32.73192399969687],[-117.03394100044898,32.73201000035922]]]}},{"type":"Feature","properties":{"GEOID":"06073013505","NAME":"Census Tract 135.05","BASENAME":"135.05","in_district_share":0.3271},"geometry":{"type":"Polygon","coordinates":[[[-116.97161899959754,32.73646000030529],[-116.97162500034361,32.73648600012252],[-116.97164200006203,32.73656799984501],[-116.97164799990985,32.73659599978832],[-116.97170399998633,32.73680999976579],[-116.97176699973552,32.736994999724146],[-116.97178099997923,32.73703499966466],[-116.97217099996655,32.73793499962452],[-116.9722510003325,32.738151999971],[-116.97226700022603,32.738197000074244],[-116.97234699969364,32.738462999985025],[-116.9723700001582,32.73855400028925],[-116.9723910000746,32.73864999964592],[-116.97242899970944,32.73882400010529],[-116.97244700015109,32.73894300000238],[-116.9724620002197,32.739042000227414],[-116.97248899998388,32.73930999997951],[-116.97249200035694,32.73933000018807],[-116.9725030002276,32.73963199984494],[-116.97249300018184,32.73993399998957],[-116.97247499974017,32.74011900026319],[-116.97244999962581,32.74038899987107],[-116.97242899970944,32.74061199973351],[-116.97236599996022,32.741284000206804],[-116.97235300043977,32.74142600003146],[-116.97235199971654,32.7415090001435],[-116.97235500008959,32.741692000126406],[-116.97235599991451,32.74172800014073],[-116.97238000020393,32.74194700035532],[-116.97242100021181,32.74216399999911],[-116.97243999958009,32.7422379996628],[-116.97245899984668,32.742307999961966],[-116.97249300018184,32.74241500033457],[-116.97255000008326,32.742639999682126],[-116.97260500033484,32.742852999870784],[-116.97266399988605,32.74299599984654],[-116.97275299957451,32.74315800007019],[-116.97283200011557,32.74327100020104],[-116.97284299998623,32.743287999887364],[-116.97294599991837,32.743412000257],[-116.97297600005561,32.743448999956044],[-116.97299000029932,32.74345200033941],[-116.97355900038679,32.74387699972821],[-116.9737569998552,32.744022999935716],[-116.97418600020059,32.74430899968],[-116.97433000014065,32.7444049996367],[-116.9744110003315,32.74445899989745],[-116.97465700037878,32.744620999727715],[-116.97473900039455,32.744674999857544],[-116.97361100026534,32.7446640003654],[-116.97248599961084,32.74465399972701],[-116.97022699987764,32.74463599993494],[-116.96909899974843,32.74462800002623],[-116.96742900019423,32.744573999867924],[-116.96700900006965,32.744573999867924],[-116.9662319995697,32.744635000324195],[-116.96621599967617,32.74463599993494],[-116.96562099964945,32.74470799983683],[-116.9649720000943,32.7448150003495],[-116.96433400040985,32.74494699998588],[-116.96395299974506,32.74504100004265],[-116.96281200009534,32.745322000014994],[-116.96243200015375,32.74541700003372],[-116.96234400029017,32.745441000300794],[-116.9621020597356,32.745510914432934],[-116.96221,32.73665],[-116.9716125340363,32.73641493664909],[-116.97161899959754,32.73646000030529]]]}},{"type":"Feature","properties":{"GEOID":"06073013802","NAME":"Census Tract 138.02","BASENAME":"138.02","in_district_share":1.0},"geometry":{"type":"Polygon","coordinates":[[[-117.0144999997349,32.73089300015523],[-117.0144999997349,32.731025000010874],[-117.01449800008508,32.73130100003923],[-117.01449499971203,32.73212900028654],[-117.01449499971203,32.732407000170895],[-117.01449399988711,32.73256399975507],[-117.01449300006222,32.733034999871116],[-117.01449300006222,32.73319300035529],[-117.01449200023731,32.733476999870966],[-117.01448899986427,32.734331999724304],[-117.01448899986427,32.73461699986792],[-117.01448200019155,32.735025000086054],[-117.01446899977276,32.735794000251715],[-117.01446999959768,32.736254999853486],[-117.0144710003209,32.73666699968598],[-117.0144710003209,32.73707600003841],[-117.01447399979563,32.738304000094054],[-117.01447499962053,32.73871499984428],[-117.01412300016635,32.73871499984428],[-117.01306700000717,32.738719999741285],[-117.01271600037788,32.738723000283876],[-117.01248899969883,32.738723000283876],[-117.01181000000649,32.738724999638066],[-117.01158400005069,32.73872699974779],[-117.01131100023922,32.738728000180494],[-117.01049399955629,32.738730999967196],[-117.0102890004152,32.73873300007678],[-117.01022199956975,32.73873300007678],[-117.00982099971174,32.73872899985751],[-117.00937700019605,32.73872600007075],[-117.00861899996265,32.738719999741285],[-117.00855700003838,32.738719999741285],[-117.0082189999296,32.738716000277066],[-117.0081059999517,32.738714000167036],[-117.00776799984288,32.738710999624146],[-117.00765599968987,32.738709999946934],[-117.00749300038157,32.738710999624146],[-117.00744399997778,32.73871200005698],[-117.00700499958664,32.73870799983678],[-117.00684300010326,32.73870700015952],[-117.0067760001561,32.73870599972663],[-117.00657699996448,32.73870599972663],[-117.00651099984223,32.73870599972663],[-117.00634799963562,32.7387050000493],[-117.00594799960254,32.738704000372024],[-117.00585999973897,32.738702999939086],[-117.00569800025559,32.738702999939086],[-117.00569800025559,32.738629000362195],[-117.00569999990542,32.73840800018792],[-117.00570099973031,32.73833500004754],[-117.00570300027844,32.738199999878816],[-117.00570800030134,32.73788800001611],[-117.00572500001977,32.73780000036111],[-117.00573000004265,32.73777900012145],[-117.00577000022561,32.737675000049165],[-117.00580299983758,32.737621000210765],[-117.0058530000663,32.737555000279926],[-117.00587499980762,32.73752900001899],[-117.00595099997557,32.73745700036109],[-117.00618699997713,32.737281999806264],[-117.00626099959696,32.737229000179255],[-117.00630300032809,32.737195999697],[-117.00633400029022,32.737167999942244],[-117.00638100014591,32.73711000026033],[-117.00639000036672,32.73710000028527],[-117.00642999965139,32.73702499968117],[-117.00645300011591,32.736937999626754],[-117.00645499976574,32.736778000338504],[-117.00645800013879,32.73666199967373],[-117.00645800013879,32.73655900026618],[-117.00646099961352,32.73625700001864],[-117.00646300016166,32.7361560003105],[-117.0064799998801,32.73507099997503],[-117.00647400003231,32.73487199993977],[-117.00644700026812,32.734695000154005],[-117.00644700026812,32.73468199998512],[-117.00644700026812,32.73464699986979],[-117.00644700026812,32.734635999895445],[-117.00644399989507,32.73433900007546],[-117.00643600039747,32.73344799996721],[-117.00643399984934,32.73315199970653],[-117.00643399984934,32.73283700032288],[-117.00643499967425,32.73252799981711],[-117.00642899982647,32.731892999780435],[-117.00642700017663,32.73157999999606],[-117.00643499967425,32.73154699968918],[-117.00644700026812,32.731505000036634],[-117.00648300025313,32.731386999791276],[-117.00652400026102,32.73128700037049],[-117.00654799965214,32.73123100016221],[-117.00655600004808,32.73121699972678],[-117.00680899976805,32.730761999870516],[-117.0068759997152,32.730651999805765],[-117.00697299979959,32.730534999711615],[-117.00699999956377,32.73050499983709],[-117.00703300007406,32.730529000342095],[-117.00704999979249,32.73051099996399],[-117.00716199994547,32.73041100031614],[-117.00728900016708,32.73032499962244],[-117.00741300001565,32.73026000010638],[-117.0075529997577,32.73020499978123],[-117.00769599987288,32.73016600032701],[-117.00782700029244,32.73014400002673],[-117.00797299988228,32.730133000252366],[-117.00811900037048,32.73013700010175],[-117.00912500030095,32.73027700000764],[-117.00923800027888,32.730293000134],[-117.00996600037502,32.730396999751925],[-117.0100290001242,32.73037600003505],[-117.01002800029929,32.73034500033598],[-117.01007900035292,32.73037600003505],[-117.01027299962335,32.73037600003505],[-117.01034700014152,32.73037500026429],[-117.01130100019348,32.73037500026429],[-117.01162000003569,32.73037500026429],[-117.0116340002794,32.73037299996715],[-117.0117320001887,32.73037299996715],[-117.0120710001224,32.73037299996715],[-117.01218499992522,32.73037399973788],[-117.0122950004284,32.73037299996715],[-117.01262699979111,32.73037299996715],[-117.01273800011919,32.73037299996715],[-117.01286000031791,32.73037200019635],[-117.01323000021378,32.73037200019635],[-117.01335300023744,32.73037200019635],[-117.01358199966796,32.73036999989913],[-117.01427100030436,32.73036800035751],[-117.01450099955981,32.73036800035751],[-117.0144999997349,32.73049899970985],[-117.0144999997349,32.73089300015523]]]}},{"type":"Feature","properties":{"GEOID":"06073015407","NAME":"Census Tract 154.07","BASENAME":"154.07","in_district_share":1.0},"geometry":{"type":"Polygon","coordinates":[[[-116.95364900004267,32.7876619997827],[-116.9534819996381,32.78766099989976],[-116.95298100022099,32.78766099989976],[-116.95281499964132,32.78766099989976],[-116.95244399992056,32.78766099989976],[-116.951334000233,32.78766099989976],[-116.95096500016206,32.78766099989976],[-116.9504110001432,32.78766000001681],[-116.94874900008658,32.78765700036783],[-116.94819599989265,32.78765700036783],[-116.9479399997996,32.78765700036783],[-116.94717499989352,32.787658000250815],[-116.94692100034861,32.787659000133836],[-116.9467449997232,32.787658000250815],[-116.94621900019176,32.78766000001681],[-116.94604400028956,32.78766099989976],[-116.94584000007508,32.78766099989976],[-116.94562300034009,32.78766099989976],[-116.94522999997972,32.787662999665635],[-116.9450269995901,32.787664000303764],[-116.9449410002747,32.787664000303764],[-116.94468600000657,32.787664000303764],[-116.94460099961775,32.787664000303764],[-116.9444359997613,32.787664000303764],[-116.94415399972901,32.787664000303764],[-116.9428149997126,32.787666000069606],[-116.94236899964875,32.787667999835364],[-116.94236799982384,32.787502000242874],[-116.94236799982384,32.78700500025201],[-116.94236799982384,32.78684099996176],[-116.94236799982384,32.78671399997129],[-116.94236699999892,32.78660899975308],[-116.94236699999892,32.78633600011603],[-116.94236699999892,32.78621099995834],[-116.94237500039485,32.7861260001737],[-116.94238899974022,32.7860710003586],[-116.94239999961088,32.7860330003429],[-116.94255000029702,32.78567600013814],[-116.94260600037353,32.78554500036798],[-116.94268199964318,32.78535100012329],[-116.94277500042793,32.785117999893025],[-116.94279100032146,32.78507399999821],[-116.94278999959822,32.78474800013393],[-116.94278999959822,32.784540000054875],[-116.94278899977333,32.78443600021059],[-116.94278899977333,32.78425299970284],[-116.94278899977333,32.78412900031691],[-116.94289500007852,32.78404000035872],[-116.94287199961398,32.784024999992134],[-116.94284599967473,32.784012000226205],[-116.94277399970473,32.78391400007053],[-116.94273299969683,32.78384400000111],[-116.94270299955961,32.78379100013848],[-116.9427519999634,32.78377399987666],[-116.9430480002394,32.7836560001463],[-116.94355299985446,32.783455999977086],[-116.9440840003071,32.78324699996553],[-116.94434000040015,32.78314599992129],[-116.94443199956336,32.78311900019665],[-116.94446400024874,32.78310900010072],[-116.94458999974711,32.78308099967514],[-116.94464199962562,32.783074000133816],[-116.94471899961854,32.7830649999675],[-116.94486500010672,32.78306000029426],[-116.94501099969659,32.783071000330246],[-116.94502999996315,32.783074000133816],[-116.9451310002455,32.78309800006945],[-116.94520999988822,32.78306400003282],[-116.94524599987322,32.78305100012648],[-116.94397200015412,32.78175299979579],[-116.94296100020078,32.78072399987932],[-116.94275799981119,32.780610999690985],[-116.94263200031281,32.78054699982145],[-116.94307500000359,32.78008899976545],[-116.94315600019443,32.78000900001842],[-116.94320800007299,32.779950000319346],[-116.94325300027883,32.779910999984764],[-116.94328800043891,32.77987099966258],[-116.94332699989866,32.77983200004864],[-116.94336299988369,32.779795000360394],[-116.94339999969358,32.779757999901435],[-116.94342900000592,32.779719000237975],[-116.94346199961788,32.77967999980213],[-116.9435059999988,32.779637000211956],[-116.9435550004026,32.77959699976659],[-116.94359899988522,32.77955800003255],[-116.94363300022042,32.77951499962819],[-116.94366599983239,32.77947699983316],[-116.94369900034266,32.77943800004651],[-116.94374000035056,32.77939700029109],[-116.94377799998537,32.77935899969041],[-116.94381399997037,32.779321999805425],[-116.9438580003513,32.779281999973726],[-116.94390699985681,32.77923400030298],[-116.94394500038996,32.77920000030026],[-116.94398600039784,32.77916200037068],[-116.94403099970536,32.779119999753846],[-116.94410600004842,32.77904799972931],[-116.94415100025427,32.77900399985346],[-116.94419300008707,32.778961999917385],[-116.94423099972191,32.77892299990501],[-116.94431100008786,32.778843999846885],[-116.94435299992065,32.77881500036249],[-116.94446500007363,32.778706999933604],[-116.94462800028025,32.77889199972803],[-116.94463599977786,32.778900000335085],[-116.94467000011305,32.7789339996972],[-116.94477200022028,32.779034999991424],[-116.9448070003804,32.77907100001627],[-116.94488000017532,32.77913300023465],[-116.94510199993319,32.779321999805425],[-116.94517700027626,32.77938499982488],[-116.94524900024629,32.77943400014488],[-116.94546699980619,32.77958300013519],[-116.94553999960111,32.77963300031932],[-116.94564199970836,32.779691000256015],[-116.94580800028803,32.779786999833775],[-116.94595300005295,32.779859999986215],[-116.94605900035818,32.77991299992492],[-116.94611399971144,32.77993599998821],[-116.94628100011603,32.780008000049456],[-116.94633700019251,32.7800320000569],[-116.94644099994959,32.78007100033845],[-116.94670200006549,32.780154999899146],[-116.9467299996546,32.780165000327045],[-116.94702400028076,32.78024399996757],[-116.94730799996292,32.78030400019253],[-116.94759599984299,32.78035100007615],[-116.94783900041557,32.780376999920804],[-116.94788600027123,32.780382999709566],[-116.94810899985397,32.78039500004115],[-116.94819599989265,32.78039899989959],[-116.94825199996912,32.78040299975785],[-116.94865799984998,32.78040199979331],[-116.9486879999872,32.78040199979331],[-116.94938900031917,32.780399999864144],[-116.94957099989406,32.780399999864144],[-116.94961799974972,32.780399999864144],[-116.94980000022292,32.78039899989959],[-116.94990099960692,32.78039899989959],[-116.9503900002268,32.78039799993501],[-116.95095599994121,32.780396000005766],[-116.95149599971641,32.780394000076534],[-116.95311900031327,32.7803890002532],[-116.95365999991333,32.7803890002532],[-116.95365999991333,32.78055500027968],[-116.95365999991333,32.78105300001145],[-116.95365999991333,32.781219000309605],[-116.95365999991333,32.78135200031588],[-116.95366099973825,32.78175099989706],[-116.95366199956317,32.78188399986326],[-116.95366199956317,32.7823829996508],[-116.9536649999362,32.783883000122074],[-116.95366599976111,32.78438299994547],[-116.95366699958605,32.78503800013679],[-116.953670999784,32.78700500025201],[-116.95367199960889,32.78717000012842],[-116.95364900004267,32.7876619997827]]]}}]}