{"type":"FeatureCollection","features":[{"type":"Feature","properties":{"ZCTA5CE10":"92020","GEOID10":"92020","in_district_share":0.8169},"geometry":{"type":"Polygon","coordinates":[[[-116.955768,32.762956],[-116.95581,32.762974],[-116.955911,32.763021],[-116.955997,32.763049],[-116.956062,32.763071],[-116.95606,32.763203],[-116.956177,32.763236],[-116.956911,32.76345],[-116.95709,32.763502],[-116.957088,32.763571],[-116.957086,32.763638],[-116.957083,32.763744],[-116.957013,32.763812],[-116.956966,32.76386],[-116.956886,32.76394],[-116.956719,32.764219],[-116.956656,32.764412],[-116.95664,32.764464],[-116.956507,32.765333],[-116.956508,32.765402],[-116.956525,32.765469],[-116.956565,32.765544],[-116.957036,32.7661],[-116.95707,32.766119],[-116.957631,32.766432],[-116.958062,32.766226],[-116.958399,32.766065],[-116.95846,32.766038],[-116.958595,32.76599],[-116.958735,32.765956],[-116.958912,32.765934],[-116.959439,32.765925],[-116.959917,32.765918],[-116.959632,32.766202],[-116.959393,32.766442],[-116.95923,32.766631],[-116.959092,32.766818],[-116.958969,32.767011],[-116.958894,32.767149],[-116.958855,32.767224],[-116.95875,32.767437],[-116.958713,32.767508],[-116.958969,32.767609],[-116.959736,32.767915],[-116.959993,32.768018],[-116.960151,32.768084],[-116.960247,32.768124],[-116.960358,32.768148],[-116.960519,32.768168],[-116.960655,32.768169],[-116.960679,32.76817],[-116.960827,32.768156],[-116.960852,32.768151],[-116.960899,32.768138],[-116.96096,32.768123],[-116.961077,32.768074],[-116.961105,32.768056],[-116.96117,32.768019],[-116.961187,32.768008],[-116.96124,32.767977],[-116.961258,32.767967],[-116.961301,32.768031],[-116.961893,32.768034],[-116.962224,32.768035],[-116.962228,32.768212],[-116.962237,32.768717],[-116.96226,32.769798],[-116.961777,32.769947],[-116.961784,32.77053],[-116.96173,32.770582],[-116.961726,32.771187],[-116.959847,32.771198],[-116.959695,32.771199],[-116.958803,32.7712],[-116.958724,32.771202],[-116.958674,32.771204],[-116.958361,32.771206],[-116.958431,32.772222],[-116.958908,32.772219],[-116.958936,32.772219],[-116.959499,32.772218],[-116.959691,32.772217],[-116.959685,32.772579],[-116.959644,32.772578],[-116.958854,32.77258],[-116.958846,32.772614],[-116.958765,32.772617],[-116.958748,32.77262],[-116.958702,32.772632],[-116.958633,32.772668],[-116.958521,32.772734],[-116.958489,32.772754],[-116.958387,32.772802],[-116.958382,32.772823],[-116.958406,32.772807],[-116.958423,32.772955],[-116.958482,32.773097],[-116.95852,32.773182],[-116.958633,32.773394],[-116.958948,32.773985],[-116.959006,32.774122],[-116.959054,32.774282],[-116.959068,32.774334],[-116.959098,32.774497],[-116.959114,32.774675],[-116.959109,32.774867],[-116.959082,32.775058],[-116.959055,32.775162],[-116.959038,32.775233],[-116.95897,32.775416],[-116.958895,32.775568],[-116.958797,32.775728],[-116.958827,32.775722],[-116.958917,32.775705],[-116.958948,32.7757],[-116.959032,32.775684],[-116.959037,32.775682],[-116.959114,32.775656],[-116.959241,32.775589],[-116.95925,32.775585],[-116.959288,32.775575],[-116.959293,32.775574],[-116.959338,32.775579],[-116.959376,32.775597],[-116.959465,32.775694],[-116.959517,32.775686],[-116.95971,32.775664],[-116.959831,32.775374],[-116.959875,32.775373],[-116.959925,32.775373],[-116.95994,32.775343],[-116.95997,32.775307],[-116.959998,32.77528],[-116.960034,32.77525],[-116.960075,32.775224],[-116.960115,32.775203],[-116.960154,32.775188],[-116.960188,32.775177],[-116.960217,32.775175],[-116.960254,32.775169],[-116.960277,32.775162],[-116.960851,32.774606],[-116.961271,32.774669],[-116.961408,32.774739],[-116.961476,32.774764],[-116.961515,32.774775],[-116.961577,32.774787],[-116.961629,32.774792],[-116.961694,32.774792],[-116.961747,32.774787],[-116.961806,32.774778],[-116.961863,32.774764],[-116.961919,32.774741],[-116.961976,32.774716],[-116.962022,32.774687],[-116.962069,32.774653],[-116.96211,32.774614],[-116.962137,32.774583],[-116.962299,32.774395],[-116.962298,32.774352],[-116.9623,32.774207],[-116.962445,32.774095],[-116.962834,32.77395],[-116.962966,32.773903],[-116.963053,32.773818],[-116.963131,32.773652],[-116.963367,32.77336],[-116.963633,32.773296],[-116.963936,32.773384],[-116.963981,32.773414],[-116.963978,32.773182],[-116.963978,32.773158],[-116.965693,32.773174],[-116.967738,32.773193],[-116.968741,32.773213],[-116.968754,32.773447],[-116.968759,32.773202],[-116.969327,32.773199],[-116.971843,32.773183],[-116.973372,32.773173],[-116.973369,32.773344],[-116.973381,32.773695],[-116.973664,32.773701],[-116.973852,32.773698],[-116.974183,32.773695],[-116.974183,32.773379],[-116.974338,32.773379],[-116.97432,32.773334],[-116.974317,32.773286],[-116.974314,32.773226],[-116.975048,32.773239],[-116.97566,32.773246],[-116.975476,32.773863],[-116.975429,32.773994],[-116.975204,32.7742],[-116.974139,32.775168],[-116.974076,32.775192],[-116.974076,32.7754],[-116.974092,32.775508],[-116.974111,32.775561],[-116.974132,32.775597],[-116.974227,32.7757],[-116.97426,32.775728],[-116.974317,32.775764],[-116.974628,32.775835],[-116.974798,32.775966],[-116.97477,32.776056],[-116.974926,32.776115],[-116.975032,32.776157],[-116.975181,32.776258],[-116.975266,32.7763],[-116.975365,32.776306],[-116.975443,32.776306],[-116.975493,32.776288],[-116.975706,32.776235],[-116.975762,32.776235],[-116.975812,32.776246],[-116.975855,32.77627],[-116.975897,32.776312],[-116.97594,32.776485],[-116.975975,32.776556],[-116.976003,32.776622],[-116.976088,32.776687],[-116.976188,32.77673],[-116.976311,32.77674],[-116.9764,32.776729],[-116.976485,32.776723],[-116.976569,32.77675],[-116.976627,32.776795],[-116.976826,32.777242],[-116.976957,32.777404],[-116.977003,32.777522],[-116.977088,32.777575],[-116.977215,32.777677],[-116.977448,32.777768],[-116.977598,32.777826],[-116.97745,32.778226],[-116.978566,32.778261],[-116.979631,32.778011],[-116.980421,32.778101],[-116.980508,32.778135],[-116.980791,32.778248],[-116.980885,32.777971],[-116.981114,32.777863],[-116.981133,32.777884],[-116.981511,32.778092],[-116.981522,32.778098],[-116.981391,32.778303],[-116.981364,32.778379],[-116.981118,32.77908],[-116.98166,32.779078],[-116.981669,32.779425],[-116.9817,32.779425],[-116.98174,32.77896],[-116.982085,32.779008],[-116.982234,32.779027],[-116.98234,32.779173],[-116.98253,32.779041],[-116.982557,32.779023],[-116.982765,32.779035],[-116.982724,32.778979],[-116.982631,32.778911],[-116.982607,32.778889],[-116.982584,32.778883],[-116.982674,32.778588],[-116.982682,32.778554],[-116.982889,32.778557],[-116.982929,32.77856],[-116.98297,32.778566],[-116.983064,32.778596],[-116.983047,32.77862],[-116.98303,32.778672],[-116.983112,32.778693],[-116.983151,32.77871],[-116.983175,32.77874],[-116.98319,32.778765],[-116.983198,32.7788],[-116.983217,32.77884],[-116.983235,32.778874],[-116.983269,32.778903],[-116.983298,32.778948],[-116.983331,32.778968],[-116.983392,32.779002],[-116.983466,32.779027],[-116.983536,32.779046],[-116.983604,32.779054],[-116.983664,32.779055],[-116.983702,32.779052],[-116.98376,32.779044],[-116.983828,32.779021],[-116.983946,32.778944],[-116.984001,32.778917],[-116.984045,32.77891],[-116.984088,32.778912],[-116.984137,32.778921],[-116.984297,32.77896],[-116.984357,32.778968],[-116.984423,32.778968],[-116.984492,32.778965],[-116.984535,32.778956],[-116.984773,32.778922],[-116.984805,32.778906],[-116.984834,32.778993],[-116.984903,32.779047],[-116.985033,32.779208],[-116.985169,32.779178],[-116.985456,32.779129],[-116.98565,32.779105],[-116.986081,32.779079],[-116.986459,32.779086],[-116.988089,32.779118],[-116.988123,32.779203],[-116.988225,32.779459],[-116.98826,32.779545],[-116.988249,32.779592],[-116.98822,32.779735],[-116.98821,32.779783],[-116.98833,32.779818],[-116.988693,32.779922],[-116.988815,32.779958],[-116.989142,32.780081],[-116.98934,32.780156],[-116.990032,32.78063],[-116.990322,32.780828],[-116.99017,32.780962],[-116.989714,32.781367],[-116.989563,32.781502],[-116.988738,32.782228],[-116.987847,32.78257],[-116.987056,32.782875],[-116.987557,32.78394],[-116.986092,32.78465],[-116.984441,32.785652],[-116.985016,32.785663],[-116.986205,32.785687],[-116.986234,32.785814],[-116.986326,32.786206],[-116.986347,32.786537],[-116.986335,32.786583],[-116.985582,32.786478],[-116.985616,32.787035],[-116.9856,32.787045],[-116.98436,32.787952],[-116.984823,32.788658],[-116.986529,32.788176],[-116.98732,32.787953],[-116.987491,32.788489],[-116.987504,32.788522],[-116.987743,32.789217],[-116.987857,32.789547],[-116.985961,32.790056],[-116.985645,32.790143],[-116.985688,32.790512],[-116.985757,32.790528],[-116.985739,32.790865],[-116.986026,32.790895],[-116.986311,32.79097],[-116.986825,32.790946],[-116.987958,32.790896],[-116.988352,32.792382],[-116.987289,32.793626],[-116.986775,32.794229],[-116.98666,32.794353],[-116.986945,32.794732],[-116.987207,32.79486],[-116.987635,32.795069],[-116.98748,32.795437],[-116.987462,32.795483],[-116.987699,32.795538],[-116.987739,32.795248],[-116.988094,32.795274],[-116.988132,32.795278],[-116.98817,32.795924],[-116.9891,32.795879],[-116.989398,32.795737],[-116.989764,32.795563],[-116.989986,32.795463],[-116.990208,32.795367],[-116.990271,32.795341],[-116.990568,32.795234],[-116.990909,32.795234],[-116.990973,32.795235],[-116.991187,32.795154],[-116.99204,32.795066],[-116.993675,32.795031],[-116.994735,32.79501],[-116.997122,32.794989],[-116.997134,32.795222],[-116.997503,32.79525],[-116.997489,32.795013],[-116.997971,32.795001],[-116.998139,32.794997],[-116.998645,32.794989],[-116.998814,32.794987],[-116.998891,32.794981],[-116.999123,32.79497],[-116.999201,32.794966],[-116.999239,32.795941],[-116.999263,32.796543],[-117.000833,32.795413],[-117.001228,32.795381],[-117.002203,32.795303],[-117.002557,32.795256],[-117.002629,32.795247],[-117.00291,32.795077],[-117.003095,32.794792],[-117.003251,32.794707],[-117.003407,32.794705],[-117.003765,32.794703],[-117.003851,32.794683],[-117.004112,32.794629],[-117.004199,32.794611],[-117.004369,32.794548],[-117.004709,32.794424],[-117.004792,32.794397],[-117.004885,32.794381],[-117.004888,32.794381],[-117.004969,32.794378],[-117.005066,32.794386],[-117.005174,32.794387],[-117.005303,32.79439],[-117.005499,32.794373],[-117.005608,32.794364],[-117.00566,32.794345],[-117.005665,32.794344],[-117.005825,32.794314],[-117.00588,32.794306],[-117.005878,32.794315],[-117.005847,32.794477],[-117.005823,32.794611],[-117.005777,32.794894],[-117.005763,32.794995],[-117.005741,32.795169],[-117.005702,32.795462],[-117.005681,32.795665],[-117.005673,32.795747],[-117.00565,32.796032],[-117.005623,32.796604],[-117.005617,32.79697],[-117.005616,32.797165],[-117.005616,32.797667],[-117.005615,32.79835],[-117.005615,32.798627],[-117.005612,32.800404],[-117.005611,32.801089],[-117.00561,32.801388],[-117.005609,32.802287],[-117.005609,32.802588],[-117.005607,32.803127],[-117.005606,32.803629],[-117.005603,32.804747],[-117.005603,32.805288],[-117.005602,32.805684],[-117.005599,32.806877],[-117.005599,32.807173],[-117.005597,32.807276],[-117.005593,32.807464],[-117.005577,32.807702],[-117.005574,32.807756],[-117.005543,32.808046],[-117.005501,32.808336],[-117.00548,32.808444],[-117.005415,32.808767],[-117.005364,32.808965],[-117.005342,32.809052],[-117.005244,32.809375],[-117.005226,32.809433],[-117.005213939623,32.80946630961265],[-116.99894,32.80951],[-116.9971,32.80807],[-116.9967,32.80945],[-116.99879,32.81104],[-116.99781,32.81219],[-116.99842,32.81411],[-116.99441,32.81128],[-116.9935,32.80916],[-116.99421,32.80863],[-116.99245,32.80849],[-116.99124,32.80946],[-116.99126,32.81353],[-116.99002,32.81352],[-116.98995,32.8149],[-116.98873,32.81457],[-116.99033,32.81854],[-116.98855,32.82017],[-116.98845,32.8181],[-116.96489,32.81858],[-116.96426159068295,32.82685681218905],[-116.964197,32.826768],[-116.96408,32.826685],[-116.9638,32.826663],[-116.96364,32.826624],[-116.963461,32.826581],[-116.963452,32.826579],[-116.963077,32.82652],[-116.962897,32.826434],[-116.96281,32.826394],[-116.962715,32.826378],[-116.962329,32.826612],[-116.962328,32.827201],[-116.962328,32.827498],[-116.962327,32.828578],[-116.96232704966637,32.8285974195487],[-116.9617,32.8286],[-116.96173,32.82967],[-116.96172310034488,32.829669982653286],[-116.96172,32.829545],[-116.961717,32.82941],[-116.961676,32.827712],[-116.961656,32.826886],[-116.961654,32.826833],[-116.961654,32.826832],[-116.961646,32.826679],[-116.961644,32.826628],[-116.961628,32.826327],[-116.961628,32.826324],[-116.96158,32.82579],[-116.961533,32.825428],[-116.961515,32.825285],[-116.96149,32.82513],[-116.96146,32.824954],[-116.961436,32.824804],[-116.961358,32.824421],[-116.961329,32.824275],[-116.961202,32.82375],[-116.960855,32.822319],[-116.960686,32.821619],[-116.960681,32.821599],[-116.960666,32.82154],[-116.960662,32.821521],[-116.960616,32.821038],[-116.960598,32.820843],[-116.960555,32.820522],[-116.960508,32.820043],[-116.960482,32.819592],[-116.960481,32.819563],[-116.960473,32.819109],[-116.960476,32.818876],[-116.960496,32.818409],[-116.960509,32.818243],[-116.960533,32.81797],[-116.96059,32.817505],[-116.960669,32.817029],[-116.96075,32.816636],[-116.960847,32.816233],[-116.960971,32.815791],[-116.961002,32.815694],[-116.961117,32.815341],[-116.961288,32.814877],[-116.96131,32.814811],[-116.961378,32.814572],[-116.961414,32.814451],[-116.961503,32.814073],[-116.961572,32.813707],[-116.961581,32.81364],[-116.961624,32.813325],[-116.961642,32.813125],[-116.9617,32.812528],[-116.96171,32.81243],[-116.96172,32.81233],[-116.961732,32.812147],[-116.961771,32.811597],[-116.961776,32.811535],[-116.961783,32.811416],[-116.961792,32.811247],[-116.961823,32.810741],[-116.961833,32.810573],[-116.961866,32.809995],[-116.961877,32.809804],[-116.961899,32.809426],[-116.961924,32.808259],[-116.961937,32.807681],[-116.961955,32.807063],[-116.961988,32.806012],[-116.962014,32.805807],[-116.962057,32.805591],[-116.962112,32.80539],[-116.962167,32.805231],[-116.962186,32.805179],[-116.96227,32.804985],[-116.962369,32.804793],[-116.96244,32.804679],[-116.962421,32.80451],[-116.962418,32.804473],[-116.962416,32.804427],[-116.962405,32.804091],[-116.962404,32.804001],[-116.962404,32.803832],[-116.962403,32.803717],[-116.962402,32.803375],[-116.962402,32.803261],[-116.962401,32.80323],[-116.962401,32.803142],[-116.962401,32.803113],[-116.962254,32.803117],[-116.961544,32.803117],[-116.958974,32.803117],[-116.958118,32.803118],[-116.957855,32.803119],[-116.957069,32.803123],[-116.956807,32.803127],[-116.956596,32.803128],[-116.955962,32.803133],[-116.953292,32.803147],[-116.95296,32.80315],[-116.950981,32.803159],[-116.950978,32.803159],[-116.950978,32.803119],[-116.950979,32.802999],[-116.95098,32.802961],[-116.950979,32.802908],[-116.950978,32.802749],[-116.950978,32.802697],[-116.951933,32.802742],[-116.952055,32.802747],[-116.952772,32.801921],[-116.952751,32.801036],[-116.952496,32.800543],[-116.952588,32.800553],[-116.952691,32.800552],[-116.952745,32.798592],[-116.950971,32.798634],[-116.950971,32.798347],[-116.950971,32.79816],[-116.95097,32.797989],[-116.950967,32.797475],[-116.950967,32.797305],[-116.951113,32.797258],[-116.951554,32.79712],[-116.951701,32.797076],[-116.951696,32.797395],[-116.951823,32.797466],[-116.952483,32.797483],[-116.953179,32.797501],[-116.953165,32.795428],[-116.952742,32.795397],[-116.95256,32.795384],[-116.952006,32.795345],[-116.951978,32.79557],[-116.951724,32.795546],[-116.951712,32.795633],[-116.951562,32.795628],[-116.951112,32.795613],[-116.950963,32.795609],[-116.950962,32.795471],[-116.950961,32.795059],[-116.950961,32.794922],[-116.950636,32.794921],[-116.950278,32.79492],[-116.949661,32.794919],[-116.949337,32.794919],[-116.949155,32.794919],[-116.948611,32.794919],[-116.94843,32.79492],[-116.948384,32.794919],[-116.948247,32.794918],[-116.948202,32.794918],[-116.947478,32.794916],[-116.94531,32.794916],[-116.944587,32.794917],[-116.944587,32.794655],[-116.944588,32.79387],[-116.944589,32.793609],[-116.944589,32.793436],[-116.944591,32.792924],[-116.944592,32.792754],[-116.944592,32.792608],[-116.944592,32.79217],[-116.944593,32.792025],[-116.944593,32.791882],[-116.944593,32.791452],[-116.944594,32.791311],[-116.94514,32.79131],[-116.94678,32.791309],[-116.947327,32.791309],[-116.9475,32.791309],[-116.948022,32.791309],[-116.948196,32.79131],[-116.948196,32.790759],[-116.948197,32.789548],[-116.948197,32.789109],[-116.948197,32.789057],[-116.947418,32.78868],[-116.947377,32.788701],[-116.946835,32.788709],[-116.946726,32.788702],[-116.946709,32.788701],[-116.946666,32.788696],[-116.946621,32.788669],[-116.946576,32.788637],[-116.946538,32.788588],[-116.946537,32.788586],[-116.945786,32.788601],[-116.944599,32.788224],[-116.944599,32.788112],[-116.9446,32.787775],[-116.944601,32.787664],[-116.944436,32.787664],[-116.944433,32.786922],[-116.944752,32.786924],[-116.945049,32.786921],[-116.945049,32.786242],[-116.945096,32.786261],[-116.945115,32.786272],[-116.945163,32.786299],[-116.945219,32.78633],[-116.945322,32.786372],[-116.945336,32.786379],[-116.945374,32.786391],[-116.9455,32.78642],[-116.946007,32.786479],[-116.946238,32.786508],[-116.946238,32.786016],[-116.946237,32.785992],[-116.946237,32.785546],[-116.945139,32.785545],[-116.944625,32.785546],[-116.944544,32.785345],[-116.944424,32.785046],[-116.944304,32.784746],[-116.944225,32.784546],[-116.944113,32.784338],[-116.94406,32.784325],[-116.943814,32.784267],[-116.943211,32.784126],[-116.942894,32.784053],[-116.942789,32.784027],[-116.942809,32.784025],[-116.942872,32.784025],[-116.942893,32.784026],[-116.942844,32.783988],[-116.942833,32.78398],[-116.942774,32.783914],[-116.942733,32.783844],[-116.942703,32.783791],[-116.942517,32.783841],[-116.942449,32.783852],[-116.942358,32.783869],[-116.942255,32.783881],[-116.942095,32.783888],[-116.941982,32.783876],[-116.941874,32.783847],[-116.941787,32.78381],[-116.941694,32.783755],[-116.94147,32.783622],[-116.940731,32.783185],[-116.940616,32.783133],[-116.940602,32.783128],[-116.940481,32.783087],[-116.940323,32.783051],[-116.9394,32.78291],[-116.939306,32.78289],[-116.939217,32.782855],[-116.939139,32.782807],[-116.938035,32.781898],[-116.937767,32.781678],[-116.93771,32.781612],[-116.937668,32.781537],[-116.937648,32.781477],[-116.9376,32.781137],[-116.937579,32.781094],[-116.937573,32.781087],[-116.937521,32.781018],[-116.937467,32.780967],[-116.937459,32.780962],[-116.937389,32.780917],[-116.937302,32.78088],[-116.93724,32.780864],[-116.93698,32.780805],[-116.936815,32.780768],[-116.936536,32.781363],[-116.936525,32.781389],[-116.936431,32.782016],[-116.936405,32.781635],[-116.935671,32.781284],[-116.934557,32.781294],[-116.93456,32.781091],[-116.934,32.781091],[-116.933648,32.781088],[-116.933182,32.781084],[-116.932381,32.781084],[-116.932321,32.781083],[-116.932148,32.781083],[-116.932155,32.781035],[-116.932146,32.779008],[-116.932141,32.778216],[-116.932145,32.776767],[-116.9288,32.776817],[-116.92844,32.775499],[-116.929582,32.774973],[-116.929776,32.774884],[-116.930163,32.774706],[-116.93021,32.774696],[-116.930259,32.774699],[-116.93028,32.774518],[-116.930284,32.77449],[-116.930312,32.774426],[-116.932215,32.77445],[-116.932222,32.773681],[-116.931697,32.773064],[-116.931518,32.773082],[-116.929697,32.773086],[-116.929618,32.773084],[-116.92961801858505,32.77306183733808],[-116.93646,32.77305],[-116.93654095530727,32.764225871508174],[-116.936549,32.763989],[-116.936547,32.763649],[-116.936547,32.76356699999947],[-116.93655122912205,32.76310602569631],[-116.93656927993482,32.762150054652146],[-116.94505,32.7622],[-116.94505,32.7586],[-116.94566662510778,32.758594785411354],[-116.945667,32.758631],[-116.949317,32.758857],[-116.949343,32.758595],[-116.949759,32.758595],[-116.950934,32.758596],[-116.95358,32.758595],[-116.953531,32.756871],[-116.953661,32.756875],[-116.953782,32.756864],[-116.954071,32.756843],[-116.954227,32.75683],[-116.954296,32.756825],[-116.954432,32.75683],[-116.95457,32.756851],[-116.954693,32.756884],[-116.954709,32.75689],[-116.954839,32.756946],[-116.954857,32.756954],[-116.954968,32.757019],[-116.955354,32.75725],[-116.955483,32.757327],[-116.955624,32.75741],[-116.956049,32.757665],[-116.956084,32.757686],[-116.956198,32.757738],[-116.956296,32.757771],[-116.956422,32.7578],[-116.95655,32.757814],[-116.956968,32.757815],[-116.957826,32.75782],[-116.959306,32.757823],[-116.959683,32.757824],[-116.959689,32.757973],[-116.957966,32.757973],[-116.957895,32.758608],[-116.956738,32.758608],[-116.956738,32.75972],[-116.957659,32.75968],[-116.958051,32.759919],[-116.95805,32.759988],[-116.958035,32.760041],[-116.958,32.760103],[-116.957947,32.760155],[-116.957887,32.7602],[-116.95786,32.760234],[-116.95784,32.760286],[-116.957835,32.760304],[-116.957802,32.760364],[-116.957753,32.760415],[-116.95775,32.760463],[-116.957702,32.760554],[-116.957678,32.760648],[-116.957675,32.760731],[-116.957687,32.760812],[-116.957714,32.760889],[-116.957715,32.760891],[-116.957758,32.760965],[-116.957825,32.761043],[-116.957896,32.7611],[-116.957935,32.761124],[-116.957991,32.761153],[-116.95807,32.761182],[-116.957187,32.760904],[-116.957112,32.760868],[-116.957011,32.760799],[-116.956927,32.760715],[-116.956877,32.760644],[-116.95687,32.76063],[-116.956828,32.760545],[-116.956777,32.760459],[-116.956701,32.760369],[-116.95661,32.760291],[-116.956518,32.760234],[-116.955487,32.759831],[-116.955451,32.759822],[-116.95537,32.759815],[-116.95529,32.759825],[-116.955215,32.759851],[-116.955162,32.759883],[-116.955108,32.759934],[-116.95507,32.759994],[-116.955066,32.760004],[-116.955039,32.760083],[-116.95503,32.760165],[-116.955039,32.760247],[-116.955065,32.760326],[-116.955174,32.760518],[-116.955207,32.760595],[-116.955225,32.760687],[-116.95522,32.76093],[-116.955228,32.761026],[-116.955251,32.761106],[-116.955288,32.761182],[-116.955347,32.761264],[-116.955423,32.761335],[-116.955499,32.761387],[-116.955725,32.761597],[-116.955761,32.761637],[-116.955766,32.761645],[-116.955797,32.761699],[-116.955816,32.761766],[-116.955817,32.761834],[-116.955806,32.761888],[-116.955776,32.761954],[-116.955732,32.762009],[-116.955701,32.762082],[-116.955688,32.76215],[-116.955689,32.762232],[-116.955748,32.76246],[-116.955756,32.762553],[-116.955749,32.762947],[-116.955768,32.762956]]]}},{"type":"Feature","properties":{"ZCTA5CE10":"91978","GEOID10":"91978","in_district_share":0.0509},"geometry":{"type":"Polygon","coordinates":[[[-116.971619,32.73646],[-116.97162,32.736462],[-116.971625,32.736486],[-116.971642,32.736568],[-116.971648,32.736596],[-116.971704,32.73681],[-116.971767,32.736995],[-116.971781,32.737035],[-116.972171,32.737935],[-116.972251,32.738152],[-116.972267,32.738197],[-116.972347,32.738463],[-116.97237,32.738554],[-116.972391,32.73865],[-116.972429,32.738824],[-116.972447,32.738943],[-116.972462,32.739042],[-116.972489,32.73931],[-116.972492,32.73933],[-116.972503,32.739632],[-116.972493,32.739934],[-116.972475,32.740119],[-116.97245,32.740389],[-116.972429,32.740612],[-116.972366,32.741284],[-116.972353,32.741426],[-116.972352,32.741509],[-116.972355,32.741692],[-116.972356,32.741728],[-116.97238,32.741947],[-116.972421,32.742164],[-116.97244,32.742238],[-116.972459,32.742308],[-116.972493,32.742415],[-116.97255,32.74264],[-116.972605,32.742853],[-116.972664,32.742996],[-116.972753,32.743158],[-116.972832,32.743271],[-116.972843,32.743288],[-116.972946,32.743412],[-116.972977,32.74345],[-116.972982,32.743451],[-116.973757,32.744023],[-116.974186,32.744309],[-116.97433,32.744405],[-116.974411,32.744459],[-116.974657,32.744621],[-116.974739,32.744675],[-116.973611,32.744664],[-116.972486,32.744654],[-116.970227,32.744636],[-116.969099,32.744628],[-116.967429,32.744574],[-116.967009,32.744574],[-116.966232,32.744635],[-116.966216,32.744636],[-116.965621,32.744708],[-116.964972,32.744815],[-116.964334,32.744947],[-116.963953,32.745041],[-116.962812,32.745322],[-116.962432,32.745417],[-116.962344,32.745441],[-116.96210205973726,32.74551091429645],[-116.96221,32.73665],[-116.97161253438753,32.73641493664031],[-116.971619,32.73646]]]}},{"type":"Feature","properties":{"ZCTA5CE10":"92040","GEOID10":"92040","in_district_share":0.0581},"geometry":{"type":"MultiPolygon","coordinates":[[[[-116.867808,32.874154],[-116.867912,32.874152],[-116.8683461426306,32.87414492466378],[-116.86897,32.87448],[-116.86939665328147,32.87412780421641],[-116.869446,32.874127],[-116.870475023972,32.87323762564083],[-116.87155696508198,32.872344499738425],[-116.872122,32.872116],[-116.872563,32.871688],[-116.87262191904563,32.8716310256508],[-116.87441,32.87722],[-116.87839,32.87523],[-116.87933,32.87228],[-116.87974807996467,32.87190756195287],[-116.88016,32.872022],[-116.881322,32.870583],[-116.88256,32.87011],[-116.884007,32.869215],[-116.884555,32.868704],[-116.885172,32.86813],[-116.886106,32.86797],[-116.886577,32.867622],[-116.88699827874143,32.867032209761994],[-116.88779,32.86656],[-116.88499523864911,32.86726432493722],[-116.884638,32.867007],[-116.88435561343263,32.867425520808304],[-116.88283,32.86781],[-116.88159,32.86523],[-116.8815596990108,32.865218399315],[-116.881531,32.865156],[-116.879255,32.863821],[-116.87889455650654,32.8641980537927],[-116.87506,32.86273],[-116.87619,32.85707],[-116.88368,32.85371],[-116.88159,32.85036],[-116.88284,32.84981],[-116.8798272074182,32.8451850991069],[-116.88015,32.845106],[-116.880966,32.844901],[-116.881336,32.844809],[-116.881736,32.844683],[-116.88178,32.844766],[-116.881915,32.845014],[-116.881921,32.845025],[-116.88196,32.845099],[-116.882011,32.845197],[-116.882166,32.845494],[-116.882218,32.845593],[-116.88229,32.845732],[-116.882506,32.846148],[-116.882578,32.846289],[-116.882615,32.846359],[-116.882726,32.846573],[-116.882763,32.846646],[-116.88284,32.846795],[-116.883005,32.847111],[-116.883086,32.84723],[-116.883088,32.847233],[-116.88318,32.847342],[-116.883198,32.847361],[-116.883277,32.847437],[-116.883315,32.847475],[-116.883432,32.84757],[-116.883538,32.847641],[-116.883572,32.847664],[-116.883633,32.847699],[-116.883676,32.847724],[-116.883766,32.847769],[-116.883962,32.847871],[-116.884178,32.84796],[-116.884181,32.847961],[-116.884322,32.848009],[-116.884419,32.848035],[-116.88447,32.848048],[-116.88454,32.848067],[-116.884762,32.848109],[-116.884925,32.848126],[-116.884972,32.848133],[-116.885079,32.84814],[-116.885115,32.84814],[-116.88516,32.848141],[-116.885224,32.848141],[-116.885261,32.848142],[-116.885473,32.848132],[-116.885615,32.84812],[-116.886426,32.848053],[-116.886654,32.848046],[-116.886677,32.848045],[-116.886881,32.848053],[-116.887032,32.848064],[-116.887273,32.848098],[-116.887495,32.848141],[-116.887729,32.848201],[-116.887775,32.848213],[-116.888033,32.848297],[-116.888269,32.848391],[-116.888428,32.848463],[-116.888667,32.848575],[-116.889392,32.848032],[-116.891387,32.847856],[-116.891717,32.846423],[-116.891435,32.846016],[-116.891484,32.845989],[-116.891605,32.84593],[-116.891936,32.845632],[-116.89246,32.84534],[-116.892888,32.843457],[-116.892362,32.843476],[-116.891512,32.84279],[-116.891681,32.842137],[-116.892251,32.842404],[-116.892257,32.842565],[-116.892485,32.842561],[-116.892713,32.842559],[-116.893165,32.842494],[-116.893392,32.842462],[-116.893399,32.842185],[-116.893423,32.841355],[-116.893431,32.84108],[-116.893311,32.84096],[-116.893018,32.840667],[-116.892942,32.840612],[-116.892805,32.840514],[-116.892973,32.840462],[-116.893094,32.84042],[-116.893275,32.840359],[-116.893542,32.840257],[-116.893876,32.840114],[-116.89394,32.840082],[-116.894214,32.839949],[-116.894458,32.839817],[-116.894491,32.839796],[-116.894764,32.839634],[-116.895045,32.839447],[-116.895281,32.839272],[-116.895536,32.839085],[-116.895656,32.838994],[-116.89602,32.838724],[-116.896141,32.838636],[-116.896226,32.838572],[-116.896482,32.838382],[-116.896568,32.838319],[-116.896832,32.838122],[-116.897628,32.837533],[-116.897893,32.837338],[-116.897917,32.837322],[-116.898087,32.837218],[-116.898129,32.837195],[-116.898685,32.836891],[-116.898885,32.836783],[-116.899109,32.836677],[-116.899211,32.836632],[-116.89934,32.836577],[-116.900067,32.836287],[-116.900212,32.836229],[-116.900547,32.836096],[-116.900723,32.836025],[-116.901253,32.835814],[-116.90143,32.835744],[-116.901546,32.835696],[-116.901583,32.835678],[-116.901875,32.835545],[-116.902032,32.835462],[-116.90218,32.835386],[-116.902331,32.835302],[-116.902569,32.835158],[-116.902624,32.835127],[-116.902918,32.834932],[-116.9032,32.834724],[-116.903469,32.834505],[-116.903644,32.834345],[-116.903725,32.834274],[-116.903967,32.834032],[-116.904023,32.833973],[-116.904125,32.833868],[-116.904276,32.833699],[-116.905187,32.832684],[-116.905221,32.832648],[-116.905278,32.832584],[-116.905491,32.832348],[-116.905728,32.83209],[-116.906441,32.831319],[-116.906679,32.831063],[-116.906768,32.830965],[-116.907038,32.830674],[-116.907128,32.830577],[-116.90783,32.830973],[-116.908338,32.831261],[-116.908755,32.831426],[-116.909111,32.831548],[-116.909395,32.831579],[-116.909649,32.831572],[-116.910111,32.831467],[-116.910156,32.831457],[-116.910393,32.831431],[-116.910657,32.831474],[-116.910873,32.83161],[-116.910916,32.831569],[-116.910998,32.831494],[-116.910999,32.831491],[-116.911316,32.831811],[-116.911317,32.831811],[-116.911367,32.831763],[-116.912788,32.833372],[-116.914469,32.834851],[-116.914471,32.834852],[-116.917009,32.832773],[-116.918533,32.831524],[-116.919005,32.831139],[-116.919015,32.831153],[-116.919049,32.831187],[-116.919089,32.831229],[-116.91919,32.831332],[-116.919238,32.831381],[-116.919463,32.83119],[-116.920141,32.830624],[-116.92022712467616,32.83055273754672],[-116.91065,32.83878],[-116.91061,32.85113],[-116.90749,32.85115],[-116.9075,32.84987],[-116.90535,32.84986],[-116.90534,32.85113],[-116.90303,32.85113],[-116.90357,32.84756],[-116.89879,32.84712],[-116.89878,32.8512],[-116.89343,32.8512],[-116.89567,32.85166],[-116.89567,32.85751],[-116.89342,32.8575],[-116.89338,32.86614],[-116.89454,32.8666],[-116.89338,32.86768],[-116.89596,32.86579],[-116.89598,32.87065],[-116.90229,32.87168],[-116.91263,32.87036],[-116.91505,32.87239],[-116.91628,32.87238],[-116.91443,32.87387],[-116.91388,32.87582],[-116.90996,32.87506],[-116.9105,32.87316],[-116.90915,32.87289],[-116.90858,32.87479],[-116.89335,32.87163],[-116.89329,32.88568],[-116.88718,32.88725],[-116.88717,32.87489],[-116.87969,32.87967],[-116.87932,32.8792],[-116.87709,32.88075],[-116.87661,32.88],[-116.87631,32.88161],[-116.87478,32.88249],[-116.87259,32.88294],[-116.8705,32.88135],[-116.87086,32.88497],[-116.86852,32.8856],[-116.86826,32.8848],[-116.86353,32.88472],[-116.86248,32.88343],[-116.85911,32.88809],[-116.85953,32.88892],[-116.85735,32.89051],[-116.8584,32.88744],[-116.86231,32.88345],[-116.86095,32.88212],[-116.86377,32.87955],[-116.86806,32.87822],[-116.86623139708333,32.87321038992619],[-116.867808,32.874154]]],[[[-116.920959,32.830669],[-116.921339,32.830359],[-116.922296,32.831125],[-116.922791,32.830391],[-116.921999,32.829061],[-116.922166,32.828921],[-116.922366,32.828753],[-116.922439,32.828691],[-116.92266,32.828507],[-116.922845,32.828809],[-116.923602,32.828609],[-116.924821,32.829489],[-116.926211,32.828315],[-116.927622,32.827121],[-116.928411,32.826454],[-116.930286,32.825982],[-116.93020113043478,32.82586],[-116.93113398984035,32.82586],[-116.931155,32.826518],[-116.93116859236305,32.826518175008964],[-116.93121,32.82969],[-116.92897,32.83032],[-116.92619,32.82834],[-116.92263,32.83138],[-116.92095817914826,32.830677243447276],[-116.920959,32.830669]]],[[[-116.933843,32.824348],[-116.93461,32.82435161111111],[-116.93461,32.82497],[-116.9335,32.82497],[-116.93349292054856,32.82434700827351],[-116.933843,32.824348]]]]}},{"type":"Feature","properties":{"ZCTA5CE10":"91942","GEOID10":"91942","in_district_share":0.9732},"geometry":{"type":"Polygon","coordinates":[[[-117.035249,32.759036],[-117.035777,32.758685],[-117.035953,32.75857],[-117.035973,32.758556],[-117.036033,32.758516],[-117.036054,32.758503],[-117.036276,32.758355],[-117.036946,32.757914],[-117.037169,32.757768],[-117.037185,32.757756],[-117.037236,32.757723],[-117.037253,32.757712],[-117.0372,32.757648],[-117.037044,32.757455],[-117.036993,32.757392],[-117.037501,32.757051],[-117.03758,32.756993],[-117.039085,32.7559],[-117.0393,32.755739],[-117.039488,32.7556],[-117.039524,32.755555],[-117.039541,32.755495],[-117.03956,32.755473],[-117.039588,32.755465],[-117.039613,32.75547],[-117.039878,32.75553],[-117.039896,32.755593],[-117.039908,32.755609],[-117.040064,32.755814],[-117.040116,32.755883],[-117.040117,32.755882],[-117.04012,32.755879],[-117.040122,32.75588],[-117.040262,32.75583],[-117.040268,32.755828],[-117.040538,32.755746],[-117.040717,32.755702],[-117.040869,32.755667],[-117.041299,32.755563],[-117.042589,32.755255],[-117.04302,32.755152],[-117.043055,32.755013],[-117.043163,32.754596],[-117.043199,32.754458],[-117.043927,32.754356],[-117.045506,32.754136],[-117.04562,32.754132],[-117.045748,32.75414],[-117.045873,32.754164],[-117.046106,32.754235],[-117.04681,32.754452],[-117.046988,32.754534],[-117.047466,32.754758],[-117.047522,32.754783],[-117.047567,32.754804],[-117.047714,32.754817],[-117.047815,32.754844],[-117.047848,32.754848],[-117.047945,32.754853],[-117.047996,32.754848],[-117.048608,32.7548],[-117.048852,32.754779],[-117.049039,32.754764],[-117.049138,32.754755],[-117.049136,32.754841],[-117.049132,32.7551],[-117.049132,32.755187],[-117.04914191650131,32.755186206679895],[-117.04914,32.75565],[-117.05244625540045,32.75574120704553],[-117.053019,32.755789],[-117.053481,32.755827],[-117.05348837335376,32.75582762975263],[-117.05328,32.76321],[-117.0511,32.76319],[-117.05108,32.76601],[-117.05077461422934,32.76601333754941],[-117.050051,32.766012],[-117.04843,32.76601],[-117.046784,32.766004],[-117.046564,32.766005],[-117.046189,32.766008],[-117.045904,32.766005],[-117.045685,32.766005],[-117.045664,32.766005],[-117.045604,32.766005],[-117.045584,32.766006],[-117.045584,32.766075],[-117.045586,32.766334],[-117.045598,32.767318],[-117.04560096514041,32.76756015313322],[-117.0403,32.76765],[-117.0397705964488,32.76883568894526],[-117.039247,32.768844],[-117.038953,32.768849],[-117.038957,32.768999],[-117.038971,32.769449],[-117.038976,32.7696],[-117.038976,32.769609],[-117.038976,32.769638],[-117.038977,32.769649],[-117.038982,32.769916],[-117.038992,32.770355],[-117.03909223247233,32.770355],[-117.03909,32.77036],[-117.03990875559104,32.77137845207666],[-117.039909,32.77138],[-117.0399099885813,32.771379985796244],[-117.03991,32.77138],[-117.03991028547338,32.77137998153056],[-117.040257,32.771375],[-117.040357,32.771374],[-117.04035809218495,32.77135100950702],[-117.04701429230285,32.77092036927436],[-117.047014,32.770923],[-117.0470070893064,32.77098236108607],[-117.04649064023721,32.773476907533485],[-117.046485,32.773488],[-117.04662259207713,32.773532812098516],[-117.04860466455696,32.77432228164557],[-117.048606,32.774355],[-117.048621,32.774651],[-117.048626,32.77475],[-117.048646,32.77485],[-117.048676,32.774993],[-117.048708,32.775153],[-117.048719,32.775206],[-117.048729,32.775254],[-117.048747,32.775303],[-117.048801,32.77545],[-117.04881674832215,32.77549144295301],[-117.0488045537669,32.77588437862198],[-117.048784,32.77604],[-117.048702,32.776679],[-117.048675,32.776892],[-117.04867,32.77698],[-117.048657,32.777245],[-117.048653,32.777335],[-117.04876843011874,32.77732199660707],[-117.05137182142857,32.77793858928571],[-117.051283,32.777983],[-117.051002,32.778129],[-117.050909,32.77818],[-117.05079,32.778267],[-117.049738,32.778798],[-117.048666,32.779525],[-117.04865517989063,32.780104292009504],[-117.04825458558135,32.78041642700759],[-117.04824896470801,32.780419440608355],[-117.048218151029,32.7804027912818],[-117.048147,32.780282],[-117.04806528879209,32.78032019636346],[-117.04701,32.77975],[-117.04557158630138,32.77994467253064],[-117.045261,32.779892],[-117.045264,32.77988],[-117.045268,32.779823],[-117.045273,32.779777],[-117.045265,32.779668],[-117.045253,32.779618],[-117.045238,32.779553],[-117.04504,32.779617],[-117.045031,32.77962],[-117.044836,32.779702],[-117.044656,32.779796],[-117.044487,32.779903],[-117.044457,32.779925],[-117.044329,32.780022],[-117.04432858179706,32.780022350123396],[-117.04389469437942,32.77824674930653],[-117.044127,32.777909],[-117.043684,32.777216],[-117.043601,32.777323],[-117.043355,32.777645],[-117.043273,32.777753],[-117.042976,32.77814],[-117.042765,32.778417],[-117.042625,32.778569],[-117.042482,32.7787],[-117.042327,32.778821],[-117.042161,32.778932],[-117.041959,32.779043],[-117.041876,32.77908],[-117.04177,32.779129],[-117.041576,32.7792],[-117.041418,32.779246],[-117.041361,32.779262],[-117.041248,32.779285],[-117.041139,32.779308],[-117.040733,32.779359],[-117.040561,32.779382],[-117.040458,32.779392],[-117.040149,32.779423],[-117.040047,32.779434],[-117.040027,32.779435],[-117.039969,32.779441],[-117.03995,32.779444],[-117.039951,32.779474],[-117.039954,32.779564],[-117.03995456816885,32.779581045065605],[-117.03987,32.7796],[-117.03991,32.78137],[-117.03894,32.78173],[-117.03995,32.78198],[-117.03755,32.78312],[-117.03626,32.7859],[-117.03197,32.78876],[-117.03097,32.79053],[-117.03751430685797,32.7888214863012],[-117.03751961050835,32.78882843898574],[-117.0374240283453,32.790899385852086],[-117.037345,32.790963],[-117.03739310225038,32.79141997137864],[-117.01075488509795,32.79130943935725],[-117.010737,32.7913],[-117.010521,32.791189],[-117.01045,32.791153],[-117.010102,32.791188],[-117.009058,32.791293],[-117.00897089427023,32.791302036905684],[-117.00607,32.79129],[-117.00607008255365,32.79132],[-117.00601,32.79132],[-117.005997,32.792466],[-117.00598,32.794016],[-117.00588,32.794306],[-117.005825,32.794314],[-117.005665,32.794344],[-117.00566,32.794345],[-117.005608,32.794364],[-117.005499,32.794373],[-117.005303,32.79439],[-117.005174,32.794387],[-117.005066,32.794386],[-117.004969,32.794378],[-117.004888,32.794381],[-117.004885,32.794381],[-117.004792,32.794397],[-117.004709,32.794424],[-117.004369,32.794548],[-117.004199,32.794611],[-117.004112,32.794629],[-117.003851,32.794683],[-117.003765,32.794703],[-117.003407,32.794705],[-117.003251,32.794707],[-117.003095,32.794792],[-117.00291,32.795077],[-117.002629,32.795247],[-117.002557,32.795256],[-117.002203,32.795303],[-117.001228,32.795381],[-117.000833,32.795413],[-116.999263,32.796543],[-116.999239,32.795941],[-116.999201,32.794966],[-116.999123,32.79497],[-116.998891,32.794981],[-116.998814,32.794987],[-116.998645,32.794989],[-116.998139,32.794997],[-116.997971,32.795001],[-116.997489,32.795013],[-116.997503,32.79525],[-116.997134,32.795222],[-116.997122,32.794989],[-116.994735,32.79501],[-116.993675,32.795031],[-116.99204,32.795066],[-116.991187,32.795154],[-116.990973,32.795235],[-116.990909,32.795234],[-116.990568,32.795234],[-116.990271,32.795341],[-116.990208,32.795367],[-116.989986,32.795463],[-116.989764,32.795563],[-116.989398,32.795737],[-116.9891,32.795879],[-116.98817,32.795924],[-116.988132,32.795278],[-116.988094,32.795274],[-116.987739,32.795248],[-116.987699,32.795538],[-116.987462,32.795483],[-116.98748,32.795437],[-116.987635,32.795069],[-116.987207,32.79486],[-116.986945,32.794732],[-116.98666,32.794353],[-116.986775,32.794229],[-116.987289,32.793626],[-116.988352,32.792382],[-116.987958,32.790896],[-116.986825,32.790946],[-116.986311,32.79097],[-116.986026,32.790895],[-116.985739,32.790865],[-116.985757,32.790528],[-116.985688,32.790512],[-116.985645,32.790143],[-116.985961,32.790056],[-116.987857,32.789547],[-116.987743,32.789217],[-116.987504,32.788522],[-116.987491,32.788489],[-116.98732,32.787953],[-116.986529,32.788176],[-116.984823,32.788658],[-116.98436,32.787952],[-116.9856,32.787045],[-116.985616,32.787035],[-116.985582,32.786478],[-116.986335,32.786583],[-116.986347,32.786537],[-116.986326,32.786206],[-116.986234,32.785814],[-116.986205,32.785687],[-116.985016,32.785663],[-116.984441,32.785652],[-116.986092,32.78465],[-116.987557,32.78394],[-116.987056,32.782875],[-116.987847,32.78257],[-116.988738,32.782228],[-116.989563,32.781502],[-116.989714,32.781367],[-116.99017,32.780962],[-116.990322,32.780828],[-116.990032,32.78063],[-116.98934,32.780156],[-116.989142,32.780081],[-116.988815,32.779958],[-116.988693,32.779922],[-116.98833,32.779818],[-116.98821,32.779783],[-116.98822,32.779735],[-116.988249,32.779592],[-116.98826,32.779545],[-116.988225,32.779459],[-116.988123,32.779203],[-116.988089,32.779118],[-116.988144,32.779119],[-116.988556,32.779138],[-116.989107,32.779165],[-116.989957,32.779192],[-116.990425,32.779207],[-116.991365,32.779209],[-116.993506,32.779216],[-116.994186,32.779269],[-116.994262,32.779277],[-116.994952,32.779317],[-116.995125,32.779335],[-116.995537,32.779341],[-116.996613,32.779357],[-116.996776,32.779359],[-116.997189,32.779365],[-116.998036,32.779375],[-116.998437,32.77938],[-116.998788,32.779371],[-116.999138,32.779349],[-116.999513,32.77931],[-116.999884,32.779255],[-117.000177,32.779201],[-117.000491,32.779131],[-117.000558,32.779111],[-117.000838,32.779037],[-117.001191,32.778924],[-117.001367,32.778858],[-117.001434,32.778832],[-117.001512,32.778804],[-117.001635,32.778751],[-117.001702,32.778723],[-117.001986,32.778592],[-117.00209,32.778545],[-117.002482,32.77834],[-117.00357,32.777764],[-117.003588,32.777755],[-117.003646,32.777728],[-117.003665,32.777719],[-117.003705,32.777699],[-117.003828,32.777642],[-117.003869,32.777625],[-117.003882,32.777617],[-117.003924,32.7776],[-117.003938,32.777595],[-117.004092,32.777532],[-117.004238,32.777473],[-117.004562,32.777357],[-117.004598,32.777345],[-117.004722,32.777306],[-117.004698,32.777273],[-117.004655,32.777214],[-117.004626,32.777174],[-117.004603,32.777142],[-117.004575,32.777104],[-117.004509,32.777014],[-117.004495,32.776991],[-117.004473,32.776951],[-117.004462,32.776932],[-117.00443,32.776876],[-117.00442,32.776858],[-117.004342,32.776728],[-117.004319,32.776687],[-117.004315,32.776677],[-117.004249,32.776533],[-117.004199,32.776385],[-117.004164,32.776234],[-117.004143,32.776081],[-117.004143,32.77608],[-117.004138,32.775906],[-117.004143,32.775874],[-117.004138,32.775818],[-117.004145,32.775711],[-117.004148,32.775676],[-117.004175,32.775546],[-117.004218,32.775422],[-117.004301,32.775252],[-117.004374,32.775107],[-117.00446,32.774947],[-117.00454,32.77478],[-117.004589,32.77468],[-117.004937,32.773839],[-117.00497,32.773771],[-117.005038,32.773636],[-117.00515,32.773453],[-117.00523,32.773345],[-117.005246,32.773325],[-117.005305,32.773255],[-117.005571,32.772973],[-117.005682,32.772859],[-117.005723,32.772815],[-117.00585,32.772686],[-117.005892,32.772643],[-117.005891,32.772312],[-117.005891,32.771783],[-117.006713,32.770937],[-117.006858,32.770806],[-117.007017,32.770688],[-117.007174,32.770591],[-117.007327,32.770513],[-117.007911,32.770217],[-117.009481,32.769425],[-117.009324,32.769163],[-117.009211,32.768975],[-117.009182,32.768928],[-117.009097,32.768789],[-117.009069,32.768743],[-117.009002,32.76863],[-117.00894,32.768526],[-117.008806,32.768289],[-117.008742,32.768176],[-117.008771,32.768161],[-117.008861,32.76812],[-117.008891,32.768106],[-117.009285,32.767924],[-117.009636,32.767763],[-117.009765,32.767708],[-117.009915,32.767656],[-117.010086,32.767611],[-117.01052,32.767533],[-117.010665,32.767507],[-117.010948,32.767459],[-117.01116,32.767422],[-117.011305,32.767408],[-117.011377,32.769334],[-117.011583,32.769267],[-117.011984,32.769137],[-117.012216,32.769061],[-117.012912,32.768834],[-117.013145,32.768759],[-117.013289,32.768715],[-117.01335,32.768697],[-117.013557,32.768641],[-117.013728,32.768597],[-117.013876,32.768562],[-117.013865,32.768327],[-117.013833,32.767625],[-117.013823,32.767391],[-117.013979,32.76739],[-117.014048,32.767396],[-117.014057,32.767398],[-117.01411,32.767413],[-117.01418,32.767448],[-117.014258,32.767509],[-117.014317,32.767541],[-117.014393,32.767564],[-117.014474,32.767571],[-117.014554,32.76756],[-117.014605,32.767543],[-117.014668,32.767509],[-117.014698,32.767484],[-117.01487,32.767342],[-117.01488,32.767335],[-117.014899,32.767316],[-117.01499,32.767219],[-117.015005,32.767197],[-117.015049,32.767137],[-117.015166,32.766886],[-117.015197,32.766805],[-117.015231,32.766691],[-117.015286,32.766514],[-117.015351,32.76628],[-117.015475,32.765845],[-117.015807,32.765821],[-117.016134,32.765687],[-117.016643,32.765483],[-117.017729,32.765039],[-117.01877,32.764615],[-117.018884,32.764814],[-117.018978,32.764979],[-117.01919,32.764893],[-117.019828,32.764637],[-117.020041,32.764552],[-117.020076,32.764536],[-117.020106,32.764525],[-117.020183,32.764491],[-117.020219,32.764477],[-117.020255,32.764462],[-117.020364,32.764418],[-117.020401,32.764404],[-117.020306,32.764238],[-117.020196,32.764045],[-117.020724,32.763827],[-117.021217,32.763624],[-117.02229,32.76318],[-117.022403,32.763382],[-117.022498,32.76355],[-117.022842,32.76341],[-117.022939,32.763378],[-117.022984,32.763368],[-117.02305,32.763357],[-117.023147,32.763352],[-117.023884,32.76339],[-117.024045,32.763411],[-117.024196,32.763446],[-117.024337,32.763494],[-117.024466,32.763552],[-117.02451,32.763576],[-117.024963,32.763834],[-117.025062,32.763706],[-117.025362,32.763326],[-117.025462,32.763199],[-117.025477,32.763178],[-117.025523,32.763117],[-117.025539,32.763097],[-117.025547,32.763131],[-117.025564,32.763204],[-117.025576,32.763233],[-117.02559,32.763268],[-117.025606,32.763308],[-117.025665,32.763406],[-117.025728,32.763486],[-117.025806,32.763563],[-117.025871,32.763613],[-117.025889,32.763628],[-117.025991,32.763688],[-117.026094,32.76373],[-117.026201,32.763761],[-117.026313,32.763781],[-117.026442,32.763789],[-117.026572,32.763781],[-117.026699,32.763757],[-117.026815,32.763721],[-117.026929,32.763669],[-117.027021,32.763612],[-117.027114,32.763535],[-117.027122,32.763525],[-117.027149,32.763496],[-117.027171,32.763444],[-117.027174,32.763391],[-117.027149,32.763089],[-117.027533,32.762864],[-117.028686,32.762195],[-117.029071,32.761972],[-117.029171,32.762093],[-117.029473,32.762462],[-117.029574,32.762585],[-117.029686,32.762518],[-117.030025,32.762324],[-117.030138,32.76226],[-117.030185,32.762231],[-117.030329,32.762146],[-117.030377,32.762118],[-117.030698,32.76193],[-117.031665,32.761369],[-117.031807,32.761287],[-117.031985,32.761179],[-117.032244,32.761014],[-117.032635,32.760765],[-117.033016,32.760512],[-117.033273,32.760343],[-117.033633,32.760104],[-117.034713,32.759391],[-117.035074,32.759153],[-117.035249,32.759036]]]}},{"type":"Feature","properties":{"ZCTA5CE10":"91941","GEOID10":"91941","in_district_share":0.9163},"geometry":{"type":"Polygon","coordinates":[[[-117.049144,32.754194],[-117.049138,32.754755],[-117.049039,32.754764],[-117.048852,32.754779],[-117.048608,32.7548],[-117.047996,32.754848],[-117.047945,32.754853],[-117.047848,32.754848],[-117.047815,32.754844],[-117.047714,32.754817],[-117.047567,32.754804],[-117.047522,32.754783],[-117.047466,32.754758],[-117.046988,32.754534],[-117.04681,32.754452],[-117.046106,32.754235],[-117.045873,32.754164],[-117.045748,32.75414],[-117.04562,32.754132],[-117.045506,32.754136],[-117.043927,32.754356],[-117.043199,32.754458],[-117.043163,32.754596],[-117.043055,32.755013],[-117.04302,32.755152],[-117.042589,32.755255],[-117.041299,32.755563],[-117.040869,32.755667],[-117.040717,32.755702],[-117.040538,32.755746],[-117.040268,32.755828],[-117.040262,32.75583],[-117.040122,32.75588],[-117.04012,32.755879],[-117.040117,32.755882],[-117.040116,32.755883],[-117.040064,32.755814],[-117.039908,32.755609],[-117.039896,32.755593],[-117.039878,32.75553],[-117.039613,32.75547],[-117.039588,32.755465],[-117.03956,32.755473],[-117.039541,32.755495],[-117.039524,32.755555],[-117.039488,32.7556],[-117.0393,32.755739],[-117.039085,32.7559],[-117.03758,32.756993],[-117.037501,32.757051],[-117.036993,32.757392],[-117.037044,32.757455],[-117.0372,32.757648],[-117.037253,32.757712],[-117.037236,32.757723],[-117.037185,32.757756],[-117.037169,32.757768],[-117.036946,32.757914],[-117.036276,32.758355],[-117.036054,32.758503],[-117.036033,32.758516],[-117.035973,32.758556],[-117.035953,32.75857],[-117.035777,32.758685],[-117.035249,32.759036],[-117.035074,32.759153],[-117.034713,32.759391],[-117.033633,32.760104],[-117.033273,32.760343],[-117.033016,32.760512],[-117.032635,32.760765],[-117.032244,32.761014],[-117.031985,32.761179],[-117.031807,32.761287],[-117.031665,32.761369],[-117.030698,32.76193],[-117.030377,32.762118],[-117.030329,32.762146],[-117.030185,32.762231],[-117.030138,32.76226],[-117.030025,32.762324],[-117.029686,32.762518],[-117.029574,32.762585],[-117.029473,32.762462],[-117.029171,32.762093],[-117.029071,32.761972],[-117.028686,32.762195],[-117.027533,32.762864],[-117.027149,32.763089],[-117.027174,32.763391],[-117.027171,32.763444],[-117.027149,32.763496],[-117.027122,32.763525],[-117.027114,32.763535],[-117.027021,32.763612],[-117.026929,32.763669],[-117.026815,32.763721],[-117.026699,32.763757],[-117.026572,32.763781],[-117.026442,32.763789],[-117.026313,32.763781],[-117.026201,32.763761],[-117.026094,32.76373],[-117.025991,32.763688],[-117.025889,32.763628],[-117.025871,32.763613],[-117.025806,32.763563],[-117.025728,32.763486],[-117.025665,32.763406],[-117.025606,32.763308],[-117.02559,32.763268],[-117.025576,32.763233],[-117.025564,32.763204],[-117.025547,32.763131],[-117.025539,32.763097],[-117.025523,32.763117],[-117.025477,32.763178],[-117.025462,32.763199],[-117.025362,32.763326],[-117.025062,32.763706],[-117.024963,32.763834],[-117.02451,32.763576],[-117.024466,32.763552],[-117.024337,32.763494],[-117.024196,32.763446],[-117.024045,32.763411],[-117.023884,32.76339],[-117.023147,32.763352],[-117.02305,32.763357],[-117.022984,32.763368],[-117.022939,32.763378],[-117.022842,32.76341],[-117.022498,32.76355],[-117.022403,32.763382],[-117.02229,32.76318],[-117.021217,32.763624],[-117.020724,32.763827],[-117.020196,32.764045],[-117.020306,32.764238],[-117.020401,32.764404],[-117.020364,32.764418],[-117.020255,32.764462],[-117.020219,32.764477],[-117.020183,32.764491],[-117.020106,32.764525],[-117.020076,32.764536],[-117.020041,32.764552],[-117.019828,32.764637],[-117.01919,32.764893],[-117.018978,32.764979],[-117.018884,32.764814],[-117.01877,32.764615],[-117.017729,32.765039],[-117.016643,32.765483],[-117.016134,32.765687],[-117.015807,32.765821],[-117.015475,32.765845],[-117.015351,32.76628],[-117.015286,32.766514],[-117.015231,32.766691],[-117.015197,32.766805],[-117.015166,32.766886],[-117.015049,32.767137],[-117.015005,32.767197],[-117.01499,32.767219],[-117.014899,32.767316],[-117.01488,32.767335],[-117.01487,32.767342],[-117.014698,32.767484],[-117.014668,32.767509],[-117.014605,32.767543],[-117.014554,32.76756],[-117.014474,32.767571],[-117.014393,32.767564],[-117.014317,32.767541],[-117.014258,32.767509],[-117.01418,32.767448],[-117.01411,32.767413],[-117.014057,32.767398],[-117.014048,32.767396],[-117.013979,32.76739],[-117.013823,32.767391],[-117.013833,32.767625],[-117.013865,32.768327],[-117.013876,32.768562],[-117.013728,32.768597],[-117.013557,32.768641],[-117.01335,32.768697],[-117.013289,32.768715],[-117.013145,32.768759],[-117.012912,32.768834],[-117.012216,32.769061],[-117.011984,32.769137],[-117.011583,32.769267],[-117.011377,32.769334],[-117.011305,32.767408],[-117.01116,32.767422],[-117.010948,32.767459],[-117.010665,32.767507],[-117.01052,32.767533],[-117.010086,32.767611],[-117.009915,32.767656],[-117.009765,32.767708],[-117.009636,32.767763],[-117.009285,32.767924],[-117.008891,32.768106],[-117.008861,32.76812],[-117.008771,32.768161],[-117.008742,32.768176],[-117.008806,32.768289],[-117.00894,32.768526],[-117.009002,32.76863],[-117.009069,32.768743],[-117.009097,32.768789],[-117.009182,32.768928],[-117.009211,32.768975],[-117.009324,32.769163],[-117.009481,32.769425],[-117.007911,32.770217],[-117.007327,32.770513],[-117.007174,32.770591],[-117.007017,32.770688],[-117.006858,32.770806],[-117.006713,32.770937],[-117.005891,32.771783],[-117.005891,32.772312],[-117.005892,32.772643],[-117.00585,32.772686],[-117.005723,32.772815],[-117.005682,32.772859],[-117.005571,32.772973],[-117.005305,32.773255],[-117.005246,32.773325],[-117.00523,32.773345],[-117.00515,32.773453],[-117.005038,32.773636],[-117.00497,32.773771],[-117.004937,32.773839],[-117.004589,32.77468],[-117.00454,32.77478],[-117.00446,32.774947],[-117.004374,32.775107],[-117.004301,32.775252],[-117.004218,32.775422],[-117.004175,32.775546],[-117.004148,32.775676],[-117.004145,32.775711],[-117.004138,32.775818],[-117.004143,32.775874],[-117.004138,32.775906],[-117.004143,32.77608],[-117.004143,32.776081],[-117.004164,32.776234],[-117.004199,32.776385],[-117.004249,32.776533],[-117.004315,32.776677],[-117.004319,32.776687],[-117.004342,32.776728],[-117.00442,32.776858],[-117.00443,32.776876],[-117.004462,32.776932],[-117.004473,32.776951],[-117.004495,32.776991],[-117.004509,32.777014],[-117.004575,32.777104],[-117.004603,32.777142],[-117.004626,32.777174],[-117.004655,32.777214],[-117.004698,32.777273],[-117.004722,32.777306],[-117.004598,32.777345],[-117.004562,32.777357],[-117.004238,32.777473],[-117.004092,32.777532],[-117.003938,32.777595],[-117.003924,32.7776],[-117.003882,32.777617],[-117.003869,32.777625],[-117.003828,32.777642],[-117.003705,32.777699],[-117.003665,32.777719],[-117.003646,32.777728],[-117.003588,32.777755],[-117.00357,32.777764],[-117.002482,32.77834],[-117.00209,32.778545],[-117.001986,32.778592],[-117.001702,32.778723],[-117.001635,32.778751],[-117.001512,32.778804],[-117.001434,32.778832],[-117.001367,32.778858],[-117.001191,32.778924],[-117.000838,32.779037],[-117.000558,32.779111],[-117.000491,32.779131],[-117.000177,32.779201],[-116.999884,32.779255],[-116.999513,32.77931],[-116.999138,32.779349],[-116.998788,32.779371],[-116.998437,32.77938],[-116.998036,32.779375],[-116.997189,32.779365],[-116.996776,32.779359],[-116.996613,32.779357],[-116.995537,32.779341],[-116.995125,32.779335],[-116.994952,32.779317],[-116.994262,32.779277],[-116.994186,32.779269],[-116.993506,32.779216],[-116.991365,32.779209],[-116.990425,32.779207],[-116.989957,32.779192],[-116.989107,32.779165],[-116.988556,32.779138],[-116.988144,32.779119],[-116.988089,32.779118],[-116.986459,32.779086],[-116.986081,32.779079],[-116.98565,32.779105],[-116.985456,32.779129],[-116.985169,32.779178],[-116.985033,32.779208],[-116.984903,32.779047],[-116.984834,32.778993],[-116.984805,32.778906],[-116.984773,32.778922],[-116.984535,32.778956],[-116.984492,32.778965],[-116.984423,32.778968],[-116.984357,32.778968],[-116.984297,32.77896],[-116.984137,32.778921],[-116.984088,32.778912],[-116.984045,32.77891],[-116.984001,32.778917],[-116.983946,32.778944],[-116.983828,32.779021],[-116.98376,32.779044],[-116.983702,32.779052],[-116.983664,32.779055],[-116.983604,32.779054],[-116.983536,32.779046],[-116.983466,32.779027],[-116.983392,32.779002],[-116.983331,32.778968],[-116.983298,32.778948],[-116.983269,32.778903],[-116.983235,32.778874],[-116.983217,32.77884],[-116.983198,32.7788],[-116.98319,32.778765],[-116.983175,32.77874],[-116.983151,32.77871],[-116.983112,32.778693],[-116.98303,32.778672],[-116.983047,32.77862],[-116.983064,32.778596],[-116.98297,32.778566],[-116.982929,32.77856],[-116.982889,32.778557],[-116.982682,32.778554],[-116.982674,32.778588],[-116.982584,32.778883],[-116.982607,32.778889],[-116.982631,32.778911],[-116.982724,32.778979],[-116.982765,32.779035],[-116.982557,32.779023],[-116.98253,32.779041],[-116.98234,32.779173],[-116.982234,32.779027],[-116.982085,32.779008],[-116.98174,32.77896],[-116.9817,32.779425],[-116.981669,32.779425],[-116.98166,32.779078],[-116.981118,32.77908],[-116.981364,32.778379],[-116.981391,32.778303],[-116.981522,32.778098],[-116.981511,32.778092],[-116.981133,32.777884],[-116.981114,32.777863],[-116.980885,32.777971],[-116.980791,32.778248],[-116.980508,32.778135],[-116.980421,32.778101],[-116.979631,32.778011],[-116.978566,32.778261],[-116.97745,32.778226],[-116.977598,32.777826],[-116.977448,32.777768],[-116.977215,32.777677],[-116.977088,32.777575],[-116.977003,32.777522],[-116.976957,32.777404],[-116.976826,32.777242],[-116.976627,32.776795],[-116.976569,32.77675],[-116.976485,32.776723],[-116.9764,32.776729],[-116.976311,32.77674],[-116.976188,32.77673],[-116.976088,32.776687],[-116.976003,32.776622],[-116.975975,32.776556],[-116.97594,32.776485],[-116.975897,32.776312],[-116.975855,32.77627],[-116.975812,32.776246],[-116.975762,32.776235],[-116.975706,32.776235],[-116.975493,32.776288],[-116.975443,32.776306],[-116.975365,32.776306],[-116.975266,32.7763],[-116.975181,32.776258],[-116.975032,32.776157],[-116.974926,32.776115],[-116.97477,32.776056],[-116.974798,32.775966],[-116.974628,32.775835],[-116.974317,32.775764],[-116.97426,32.775728],[-116.974227,32.7757],[-116.974132,32.775597],[-116.974111,32.775561],[-116.974092,32.775508],[-116.974076,32.7754],[-116.974076,32.775192],[-116.974139,32.775168],[-116.975204,32.7742],[-116.975429,32.773994],[-116.975476,32.773863],[-116.97566,32.773246],[-116.975048,32.773239],[-116.974314,32.773226],[-116.974317,32.773286],[-116.97432,32.773334],[-116.974338,32.773379],[-116.974183,32.773379],[-116.974183,32.773695],[-116.973852,32.773698],[-116.973664,32.773701],[-116.973381,32.773695],[-116.973369,32.773344],[-116.973372,32.773173],[-116.971843,32.773183],[-116.969327,32.773199],[-116.968759,32.773202],[-116.968754,32.773447],[-116.968741,32.773213],[-116.967738,32.773193],[-116.965693,32.773174],[-116.963978,32.773158],[-116.963978,32.773182],[-116.963981,32.773414],[-116.963936,32.773384],[-116.963633,32.773296],[-116.963367,32.77336],[-116.963131,32.773652],[-116.963053,32.773818],[-116.962966,32.773903],[-116.962834,32.77395],[-116.962445,32.774095],[-116.9623,32.774207],[-116.962298,32.774352],[-116.962299,32.774395],[-116.962137,32.774583],[-116.96211,32.774614],[-116.962069,32.774653],[-116.962022,32.774687],[-116.961976,32.774716],[-116.961919,32.774741],[-116.961863,32.774764],[-116.961806,32.774778],[-116.961747,32.774787],[-116.961694,32.774792],[-116.961629,32.774792],[-116.961577,32.774787],[-116.961515,32.774775],[-116.961476,32.774764],[-116.961408,32.774739],[-116.961271,32.774669],[-116.960851,32.774606],[-116.960277,32.775162],[-116.960254,32.775169],[-116.960217,32.775175],[-116.960188,32.775177],[-116.960154,32.775188],[-116.960115,32.775203],[-116.960075,32.775224],[-116.960034,32.77525],[-116.959998,32.77528],[-116.95997,32.775307],[-116.95994,32.775343],[-116.959925,32.775373],[-116.959875,32.775373],[-116.959831,32.775374],[-116.95971,32.775664],[-116.959517,32.775686],[-116.959465,32.775694],[-116.959376,32.775597],[-116.959338,32.775579],[-116.959293,32.775574],[-116.959288,32.775575],[-116.95925,32.775585],[-116.959241,32.775589],[-116.959114,32.775656],[-116.959037,32.775682],[-116.959032,32.775684],[-116.958948,32.7757],[-116.958917,32.775705],[-116.958827,32.775722],[-116.958797,32.775728],[-116.958895,32.775568],[-116.95897,32.775416],[-116.959038,32.775233],[-116.959055,32.775162],[-116.959082,32.775058],[-116.959109,32.774867],[-116.959114,32.774675],[-116.959098,32.774497],[-116.959068,32.774334],[-116.959054,32.774282],[-116.959006,32.774122],[-116.958948,32.773985],[-116.958633,32.773394],[-116.95852,32.773182],[-116.958482,32.773097],[-116.958423,32.772955],[-116.958406,32.772807],[-116.958382,32.772823],[-116.958387,32.772802],[-116.958489,32.772754],[-116.958521,32.772734],[-116.958633,32.772668],[-116.958702,32.772632],[-116.958748,32.77262],[-116.958765,32.772617],[-116.958846,32.772614],[-116.958854,32.77258],[-116.959644,32.772578],[-116.959685,32.772579],[-116.959691,32.772217],[-116.959499,32.772218],[-116.958936,32.772219],[-116.958908,32.772219],[-116.958431,32.772222],[-116.958361,32.771206],[-116.958674,32.771204],[-116.958724,32.771202],[-116.958803,32.7712],[-116.959695,32.771199],[-116.959847,32.771198],[-116.961726,32.771187],[-116.96173,32.770582],[-116.961784,32.77053],[-116.961777,32.769947],[-116.96226,32.769798],[-116.962237,32.768717],[-116.962228,32.768212],[-116.962224,32.768035],[-116.961893,32.768034],[-116.961301,32.768031],[-116.961258,32.767967],[-116.96124,32.767977],[-116.961187,32.768008],[-116.96117,32.768019],[-116.961105,32.768056],[-116.961077,32.768074],[-116.96096,32.768123],[-116.960899,32.768138],[-116.960852,32.768151],[-116.960827,32.768156],[-116.960679,32.76817],[-116.960655,32.768169],[-116.960519,32.768168],[-116.960358,32.768148],[-116.960247,32.768124],[-116.960151,32.768084],[-116.959993,32.768018],[-116.959736,32.767915],[-116.958969,32.767609],[-116.958713,32.767508],[-116.95875,32.767437],[-116.958855,32.767224],[-116.958894,32.767149],[-116.958969,32.767011],[-116.959092,32.766818],[-116.95923,32.766631],[-116.959393,32.766442],[-116.959632,32.766202],[-116.959917,32.765918],[-116.959439,32.765925],[-116.958912,32.765934],[-116.958735,32.765956],[-116.958595,32.76599],[-116.95846,32.766038],[-116.958399,32.766065],[-116.958062,32.766226],[-116.957631,32.766432],[-116.95707,32.766119],[-116.957036,32.7661],[-116.956565,32.765544],[-116.956525,32.765469],[-116.956508,32.765402],[-116.956507,32.765333],[-116.95664,32.764464],[-116.956656,32.764412],[-116.956719,32.764219],[-116.956886,32.76394],[-116.956966,32.76386],[-116.957013,32.763812],[-116.957083,32.763744],[-116.957086,32.763638],[-116.957088,32.763571],[-116.95709,32.763502],[-116.956911,32.76345],[-116.956177,32.763236],[-116.95606,32.763203],[-116.956062,32.763071],[-116.955997,32.763049],[-116.955911,32.763021],[-116.95581,32.762974],[-116.955768,32.762956],[-116.955749,32.762947],[-116.955756,32.762553],[-116.955748,32.76246],[-116.955689,32.762232],[-116.955688,32.76215],[-116.955701,32.762082],[-116.955732,32.762009],[-116.955776,32.761954],[-116.955806,32.761888],[-116.955817,32.761834],[-116.955816,32.761766],[-116.955797,32.761699],[-116.955766,32.761645],[-116.955761,32.761637],[-116.955725,32.761597],[-116.955499,32.761387],[-116.955423,32.761335],[-116.955347,32.761264],[-116.955288,32.761182],[-116.955251,32.761106],[-116.955228,32.761026],[-116.95522,32.76093],[-116.955225,32.760687],[-116.955207,32.760595],[-116.955174,32.760518],[-116.955065,32.760326],[-116.955039,32.760247],[-116.95503,32.760165],[-116.955039,32.760083],[-116.955066,32.760004],[-116.95507,32.759994],[-116.955108,32.759934],[-116.955162,32.759883],[-116.955215,32.759851],[-116.95529,32.759825],[-116.95537,32.759815],[-116.955451,32.759822],[-116.955487,32.759831],[-116.956518,32.760234],[-116.95661,32.760291],[-116.956701,32.760369],[-116.956777,32.760459],[-116.956828,32.760545],[-116.95687,32.76063],[-116.956877,32.760644],[-116.956927,32.760715],[-116.957011,32.760799],[-116.957112,32.760868],[-116.957187,32.760904],[-116.95807,32.761182],[-116.957991,32.761153],[-116.957935,32.761124],[-116.957896,32.7611],[-116.957825,32.761043],[-116.957758,32.760965],[-116.957715,32.760891],[-116.957714,32.760889],[-116.957687,32.760812],[-116.957675,32.760731],[-116.957678,32.760648],[-116.957702,32.760554],[-116.95775,32.760463],[-116.957753,32.760415],[-116.957802,32.760364],[-116.957835,32.760304],[-116.95784,32.760286],[-116.95786,32.760234],[-116.957887,32.7602],[-116.957947,32.760155],[-116.958,32.760103],[-116.958035,32.760041],[-116.95805,32.759988],[-116.958051,32.759919],[-116.957659,32.75968],[-116.956738,32.75972],[-116.956738,32.758608],[-116.957895,32.758608],[-116.957966,32.757973],[-116.959689,32.757973],[-116.959683,32.757824],[-116.959306,32.757823],[-116.957826,32.75782],[-116.956968,32.757815],[-116.95655,32.757814],[-116.956422,32.7578],[-116.956296,32.757771],[-116.956198,32.757738],[-116.956084,32.757686],[-116.956049,32.757665],[-116.955624,32.75741],[-116.955483,32.757327],[-116.955354,32.75725],[-116.954968,32.757019],[-116.954857,32.756954],[-116.954839,32.756946],[-116.954709,32.75689],[-116.954693,32.756884],[-116.95457,32.756851],[-116.954432,32.75683],[-116.954296,32.756825],[-116.954227,32.75683],[-116.954071,32.756843],[-116.953782,32.756864],[-116.953661,32.756875],[-116.953531,32.756871],[-116.95358,32.758595],[-116.950934,32.758596],[-116.949759,32.758595],[-116.949343,32.758595],[-116.949317,32.758857],[-116.945667,32.758631],[-116.94566662510778,32.758594785411354],[-116.94978,32.75856],[-116.94881,32.75645],[-116.94931,32.75496],[-116.95357,32.75499],[-116.95356,32.75124],[-116.95777,32.75131],[-116.95778,32.75313],[-116.96062,32.75343],[-116.95995,32.75132],[-116.96198,32.7513],[-116.96204,32.7468],[-116.96324,32.74598],[-116.9621,32.74568],[-116.96210205973726,32.74551091429645],[-116.962344,32.745441],[-116.962432,32.745417],[-116.962812,32.745322],[-116.963953,32.745041],[-116.964334,32.744947],[-116.964308,32.744999],[-116.964231,32.745156],[-116.964206,32.745209],[-116.964136,32.745351],[-116.964061,32.745508],[-116.963976,32.745641],[-116.963889,32.745753],[-116.96387,32.745779],[-116.963785,32.745873],[-116.963666,32.745986],[-116.963526,32.7461],[-116.963349,32.746221],[-116.962712,32.746662],[-116.962582,32.746774],[-116.962476,32.746883],[-116.963128,32.748945],[-116.966547,32.750208],[-116.967528,32.749889],[-116.970521,32.752508],[-116.971625,32.752541],[-116.971993,32.751415],[-116.972807,32.751433],[-116.973721,32.751444],[-116.974964,32.75152],[-116.975202,32.751518],[-116.975207,32.752277],[-116.975817,32.752298],[-116.977107,32.751578],[-116.979156,32.7517],[-116.979616,32.753083],[-116.979688,32.755015],[-116.980834,32.7554],[-116.983893,32.755488],[-116.984356,32.755627],[-116.984379,32.75565],[-116.984415,32.755707],[-116.984434,32.755769],[-116.984433,32.755816],[-116.984428,32.756453],[-116.984427,32.756667],[-116.984544,32.756667],[-116.984865,32.75667],[-116.984897,32.756677],[-116.984912,32.756681],[-116.984954,32.756702],[-116.984996,32.75674],[-116.98513,32.756476],[-116.985726,32.756494],[-116.986073,32.756489],[-116.986513,32.756484],[-116.986535,32.756481],[-116.986561,32.756465],[-116.986571,32.756439],[-116.986572,32.756162],[-116.986591,32.756118],[-116.986624,32.756087],[-116.986761,32.756022],[-116.987077,32.755876],[-116.987123,32.755965],[-116.987148,32.756014],[-116.987213,32.756183],[-116.98723,32.756248],[-116.987257,32.756347],[-116.987272,32.756462],[-116.987279,32.756511],[-116.987279,32.756537],[-116.987281,32.756676],[-116.987267,32.756811],[-116.987267,32.756816],[-116.987246,32.756927],[-116.987236,32.756957],[-116.987207,32.75705],[-116.987198,32.757082],[-116.987148,32.757202],[-116.98714,32.757224],[-116.987065,32.757362],[-116.986975,32.757492],[-116.986938,32.757534],[-116.986873,32.757611],[-116.986851,32.757633],[-116.986719,32.757755],[-116.98658,32.757863],[-116.98645,32.757945],[-116.986357,32.757993],[-116.986298,32.758025],[-116.986108,32.758104],[-116.985987,32.758144],[-116.985539,32.758276],[-116.985416,32.758314],[-116.985298,32.758364],[-116.98519,32.758422],[-116.985076,32.7585],[-116.984985,32.758578],[-116.98475,32.75882],[-116.984709,32.758862],[-116.988532,32.758749],[-116.988715,32.758742],[-116.988754,32.758785],[-116.988812,32.758827],[-116.988868,32.758851],[-116.98888,32.758853],[-116.988934,32.758864],[-116.989257,32.758865],[-116.989598,32.758867],[-116.989566,32.757787],[-116.99088,32.757823],[-116.990782,32.757368],[-116.991058,32.757292],[-116.991089,32.75728],[-116.991143,32.75725],[-116.991186,32.757209],[-116.991216,32.75716],[-116.991217,32.757154],[-116.991232,32.757107],[-116.991229,32.756832],[-116.991233,32.756642],[-116.991247,32.756079],[-116.99125,32.755974],[-116.991238,32.755892],[-116.991166,32.755585],[-116.991052,32.755094],[-116.991045,32.755026],[-116.991053,32.754971],[-116.991078,32.754906],[-116.99112,32.754848],[-116.991176,32.754798],[-116.992631,32.754846],[-116.992629,32.754374],[-116.993104,32.751795],[-116.99555,32.751435],[-116.996253,32.752024],[-116.996039,32.752209],[-116.995939,32.753434],[-116.996827,32.753448],[-116.99704,32.755279],[-116.998973,32.755333],[-116.998972,32.755438],[-117.000647,32.755662],[-117.000667,32.755581],[-117.000713,32.755472],[-117.000773,32.755374],[-117.001082,32.755005],[-117.001167,32.754894],[-117.001247,32.754759],[-117.001303,32.75463],[-117.001345,32.754483],[-117.001365,32.754346],[-117.001366,32.754306],[-117.001396,32.753302],[-117.0014,32.753121],[-117.001415,32.75258],[-117.001421,32.7524],[-117.001421,32.752394],[-117.00224,32.752416],[-117.002269,32.752323],[-117.003449,32.752613],[-117.003636,32.751958],[-117.003865,32.752015],[-117.003961,32.75204],[-117.004145,32.752094],[-117.004541,32.752236],[-117.004764,32.752317],[-117.004803,32.752331],[-117.004955,32.752381],[-117.00509,32.752427],[-117.005368,32.752504],[-117.005538,32.752541],[-117.005736,32.752585],[-117.00586,32.752608],[-117.006001,32.752635],[-117.006235,32.752664],[-117.006361,32.752681],[-117.006473,32.752692],[-117.006668,32.752705],[-117.006765,32.752712],[-117.00709,32.752721],[-117.007591,32.752712],[-117.0079,32.752707],[-117.007926,32.752563],[-117.007932,32.752534],[-117.007967,32.752399],[-117.008017,32.752269],[-117.008079,32.752156],[-117.008151,32.752029],[-117.008197,32.751942],[-117.008209,32.751911],[-117.008246,32.751825],[-117.008286,32.751683],[-117.008306,32.751542],[-117.008306,32.751534],[-117.008308,32.751404],[-117.008314,32.751325],[-117.00832,32.75126],[-117.008313,32.751178],[-117.008289,32.751098],[-117.008286,32.751092],[-117.00825,32.751023],[-117.008459,32.750899],[-117.007848,32.749329],[-117.008013,32.748635],[-117.008975,32.748091],[-117.01055,32.748099],[-117.010623,32.747745],[-117.010515,32.747611],[-117.010531,32.747363],[-117.010845,32.747302],[-117.011042,32.747261],[-117.011297,32.74721],[-117.011427,32.747183],[-117.011528,32.747156],[-117.011628,32.747114],[-117.01163,32.747114],[-117.011725,32.747061],[-117.011799,32.747007],[-117.011802,32.746991],[-117.011809,32.746968],[-117.011819,32.746938],[-117.011848,32.746889],[-117.011867,32.746867],[-117.011895,32.746839],[-117.011284,32.74671],[-117.011249,32.746703],[-117.011071,32.746666],[-117.01101,32.746648],[-117.010941,32.746612],[-117.010886,32.746562],[-117.010847,32.746501],[-117.010828,32.746435],[-117.010828,32.74638],[-117.010846,32.746313],[-117.010884,32.746252],[-117.010939,32.746202],[-117.011004,32.746166],[-117.011169,32.746116],[-117.011718,32.745952],[-117.011892,32.745844],[-117.012424,32.745519],[-117.012492,32.745478],[-117.01274,32.745237],[-117.013195,32.744797],[-117.013574,32.744278],[-117.013825,32.743936],[-117.013761,32.743827],[-117.013598,32.743588],[-117.013037,32.742764],[-117.013007,32.742705],[-117.012988,32.742638],[-117.012985,32.742556],[-117.012992,32.742525],[-117.013004,32.742475],[-117.013035,32.742412],[-117.013148,32.742266],[-117.013214,32.74218],[-117.013202,32.742172],[-117.012976,32.742037],[-117.012893,32.741994],[-117.011905,32.741487],[-117.011636,32.741349],[-117.011587,32.741303],[-117.011468,32.741351],[-117.011192,32.741461],[-117.011008,32.741536],[-117.01093,32.741554],[-117.010833,32.741562],[-117.010727,32.741553],[-117.010655,32.74154],[-117.011813,32.739922],[-117.012029,32.739966],[-117.012308,32.74024],[-117.014791,32.741673],[-117.014966,32.741517],[-117.015002,32.741557],[-117.015158,32.741699],[-117.016696,32.742921],[-117.016927,32.743105],[-117.016928,32.743106],[-117.017686,32.743707],[-117.017716,32.743731],[-117.018588,32.744502],[-117.018259,32.744723],[-117.018259,32.744724],[-117.01792,32.744949],[-117.017692,32.745102],[-117.017578,32.745176],[-117.017269,32.745382],[-117.016941,32.745605],[-117.014506,32.747984],[-117.014452,32.749696],[-117.014394,32.749748],[-117.014102,32.750006],[-117.013785,32.75029],[-117.013028,32.750925],[-117.012853,32.751073],[-117.012689,32.751185],[-117.012652,32.751207],[-117.012563,32.751254],[-117.012503,32.751286],[-117.012329,32.751361],[-117.012277,32.751378],[-117.012148,32.751422],[-117.011421,32.751631],[-117.011274,32.751688],[-117.01112,32.751766],[-117.011106,32.751773],[-117.010978,32.751858],[-117.010861,32.751953],[-117.010779,32.752024],[-117.010701,32.75209],[-117.010468,32.752291],[-117.010391,32.752359],[-117.010458,32.752412],[-117.010659,32.752578],[-117.010726,32.752635],[-117.01079,32.752688],[-117.010985,32.752848],[-117.01105,32.752902],[-117.011065,32.752913],[-117.01111,32.752952],[-117.011125,32.752965],[-117.0112,32.753027],[-117.011426,32.753213],[-117.011502,32.753276],[-117.01155,32.753315],[-117.011695,32.753431],[-117.011742,32.753471],[-117.011903,32.753332],[-117.012164,32.753106],[-117.012382,32.752918],[-117.012542,32.75278],[-117.012817,32.752541],[-117.013311,32.752113],[-117.013642,32.751824],[-117.013918,32.751586],[-117.014171,32.751365],[-117.014222,32.751322],[-117.014948,32.750725],[-117.015208,32.750512],[-117.015257,32.750472],[-117.01548,32.750289],[-117.015711,32.750101],[-117.017926,32.748289],[-117.018109,32.748146],[-117.018189,32.748094],[-117.01849,32.747912],[-117.018532,32.747888],[-117.018834,32.747728],[-117.018845,32.747722],[-117.019133,32.747588],[-117.019425,32.747468],[-117.019709,32.747364],[-117.019833,32.747324],[-117.020044,32.747259],[-117.020173,32.747223],[-117.020486,32.747133],[-117.020768,32.747065],[-117.021085,32.747004],[-117.02139,32.746961],[-117.021404,32.746958],[-117.021577,32.746944],[-117.021713,32.746932],[-117.022005,32.746918],[-117.02233,32.746919],[-117.022639,32.746934],[-117.024122,32.747046],[-117.02518,32.747124],[-117.026438,32.74722],[-117.026555,32.747216],[-117.026638,32.747214],[-117.026908,32.747191],[-117.027024,32.747178],[-117.027721,32.747102],[-117.028045,32.747068],[-117.028524,32.747],[-117.029019,32.746916],[-117.029541,32.746814],[-117.029794,32.746755],[-117.030091,32.746689],[-117.030475,32.74659],[-117.03049,32.746585],[-117.030535,32.746574],[-117.030551,32.746571],[-117.030635,32.746549],[-117.030672,32.746536],[-117.031036,32.746432],[-117.031143,32.746402],[-117.031158,32.746397],[-117.031342,32.746342],[-117.031896,32.746181],[-117.032081,32.746128],[-117.032241,32.74608],[-117.032723,32.745939],[-117.032884,32.745894],[-117.033198,32.745801],[-117.034142,32.745527],[-117.034457,32.745436],[-117.034926,32.745321],[-117.03499,32.745306],[-117.03543,32.745213],[-117.035923,32.745122],[-117.036418,32.745046],[-117.036611,32.745021],[-117.036965,32.744978],[-117.037,32.744975],[-117.037156,32.744952],[-117.037341,32.744923],[-117.037384,32.744918],[-117.037803,32.744871],[-117.037901,32.744863],[-117.038089,32.74485],[-117.038241,32.744839],[-117.038327,32.744836],[-117.038679,32.744824],[-117.039043,32.744824],[-117.039102,32.744825],[-117.039282,32.744832],[-117.039524,32.744842],[-117.039623,32.744848],[-117.039789,32.74485],[-117.040654,32.744869],[-117.041311,32.744884],[-117.041819,32.744896],[-117.042022,32.7449],[-117.042633,32.744912],[-117.042837,32.744918],[-117.043681,32.744929],[-117.045231,32.744953],[-117.045507,32.744946],[-117.045799,32.744925],[-117.046153,32.744881],[-117.046208,32.74487],[-117.046471,32.744823],[-117.046596,32.744796],[-117.046737,32.744762],[-117.04703,32.744679],[-117.047257,32.744557],[-117.047505,32.744411],[-117.047561,32.744379],[-117.04814,32.743999],[-117.048845,32.743474],[-117.049283,32.74315],[-117.04948,32.743006],[-117.049581,32.742933],[-117.050482,32.742292],[-117.050783,32.74208],[-117.050793,32.742071],[-117.050826,32.742047],[-117.050837,32.742041],[-117.0508694842829,32.742071454015225],[-117.04919,32.74355],[-117.04914709056364,32.753934083597834],[-117.049144,32.754194]]]}},{"type":"Feature","properties":{"ZCTA5CE10":"92021","GEOID10":"92021","in_district_share":0.2315},"geometry":{"type":"MultiPolygon","coordinates":[[[[-116.901196,32.811084],[-116.901521,32.81125],[-116.901722,32.81134],[-116.901732,32.811343],[-116.901935,32.81142],[-116.902161,32.811487],[-116.902412,32.811544],[-116.902641,32.811579],[-116.902884,32.8116],[-116.903112,32.811606],[-116.903355,32.811597],[-116.903486,32.811584],[-116.903598,32.811573],[-116.903837,32.811533],[-116.904072,32.811478],[-116.904208,32.811428],[-116.904491,32.811329],[-116.904617,32.811283],[-116.904754,32.811235],[-116.905022,32.811134],[-116.905829,32.810834],[-116.906098,32.810736],[-116.90645,32.810679],[-116.906602,32.810656],[-116.906666,32.810642],[-116.906713,32.810626],[-116.906781,32.810603],[-116.906893,32.810547],[-116.906981,32.810486],[-116.907068,32.810405],[-116.907123,32.810337],[-116.907269,32.810084],[-116.907448,32.809775],[-116.907204,32.809957],[-116.907035,32.81008],[-116.907008,32.810102],[-116.906977,32.810109],[-116.906945,32.810106],[-116.906916,32.810093],[-116.906895,32.810073],[-116.906885,32.810047],[-116.906887,32.810019],[-116.907051,32.80962],[-116.907059,32.809565],[-116.90705,32.809497],[-116.90702,32.809433],[-116.906972,32.809378],[-116.906531,32.808926],[-116.906412,32.808805],[-116.906307,32.808548],[-116.906285,32.808528],[-116.906255,32.808518],[-116.906251,32.808517],[-116.906262,32.808501],[-116.906298,32.808456],[-116.906311,32.808443],[-116.906499,32.808354],[-116.906912,32.80816],[-116.907063,32.80809],[-116.907252,32.808002],[-116.907284,32.808062],[-116.907368,32.808218],[-116.907383,32.808244],[-116.907417,32.808305],[-116.908062,32.80794],[-116.908258,32.807829],[-116.908291,32.807812],[-116.90832,32.807779],[-116.908334,32.80774],[-116.908333,32.807699],[-116.908316,32.80766],[-116.908098,32.807397],[-116.907963,32.807234],[-116.907959,32.807216],[-116.907963,32.807189],[-116.907982,32.807167],[-116.908198,32.807036],[-116.90898,32.806564],[-116.909615,32.806182],[-116.909814,32.806372],[-116.910234,32.806771],[-116.910414,32.806942],[-116.910614,32.807133],[-116.910791,32.807302],[-116.910893,32.807401],[-116.911046,32.807538],[-116.911225,32.807678],[-116.911362,32.807769],[-116.911567,32.807906],[-116.911582,32.807915],[-116.911629,32.807944],[-116.911645,32.807956],[-116.911823,32.808071],[-116.91222,32.808329],[-116.912344,32.808435],[-116.912506,32.808574],[-116.912683,32.808774],[-116.912845,32.808957],[-116.912953,32.809059],[-116.91314,32.809204],[-116.913278,32.809306],[-116.913493,32.809468],[-116.91386,32.809341],[-116.913866,32.809339],[-116.914077,32.809308],[-116.914224,32.809294],[-116.914331,32.809337],[-116.914548,32.809547],[-116.914563,32.809562],[-116.914712,32.809714],[-116.914738,32.809741],[-116.914815,32.809818],[-116.915089,32.810094],[-116.915375,32.810362],[-116.915719,32.810652],[-116.915629,32.810738],[-116.915361,32.810996],[-116.915272,32.811083],[-116.915384,32.81114],[-116.915417,32.811154],[-116.915571,32.811223],[-116.91587,32.811332],[-116.916023,32.811389],[-116.916123,32.811422],[-116.916203,32.811451],[-116.916422,32.811529],[-116.916786,32.811661],[-116.916799,32.811665],[-116.916843,32.81168],[-116.917014,32.81174],[-116.917071,32.81176],[-116.917122,32.811777],[-116.917276,32.811833],[-116.917328,32.811852],[-116.917737,32.811182],[-116.918966,32.809173],[-116.919376,32.808504],[-116.919466,32.808343],[-116.919739,32.807862],[-116.919842,32.807708],[-116.920045,32.807394],[-116.920279,32.807065],[-116.920394,32.806916],[-116.920511,32.806766],[-116.920757,32.806475],[-116.921046,32.80616],[-116.921362,32.805846],[-116.921649,32.805584],[-116.921937,32.80534],[-116.922246,32.805097],[-116.922483,32.804924],[-116.922574,32.804859],[-116.922911,32.804633],[-116.923279,32.804407],[-116.923293,32.804399],[-116.923532,32.804256],[-116.923834,32.804094],[-116.923961,32.804032],[-116.924146,32.803945],[-116.924466,32.80381],[-116.924794,32.80369],[-116.925114,32.803588],[-116.925459,32.803495],[-116.925801,32.80342],[-116.92612,32.803363],[-116.926139,32.803359],[-116.926441,32.803319],[-116.926797,32.803286],[-116.926897,32.80328],[-116.926897,32.803236],[-116.9269,32.803106],[-116.926901,32.803063],[-116.926904,32.803004],[-116.926915,32.802829],[-116.926918,32.802773],[-116.926919,32.802771],[-116.9269,32.802383],[-116.926903,32.802149],[-116.926904,32.802073],[-116.926908,32.801693],[-116.926911,32.801437],[-116.929509,32.801113],[-116.930109,32.800545],[-116.930511,32.800165],[-116.930835,32.799858],[-116.931808,32.79894],[-116.932133,32.798634],[-116.932331,32.798445],[-116.932928,32.797882],[-116.933128,32.797694],[-116.933392,32.797443],[-116.934187,32.796694],[-116.934452,32.796444],[-116.934304,32.796444],[-116.933861,32.796446],[-116.933714,32.796448],[-116.933623,32.796447],[-116.933558,32.796447],[-116.933091,32.796449],[-116.932936,32.79645],[-116.932935,32.7963],[-116.932935,32.796291],[-116.932942,32.796209],[-116.932963,32.796129],[-116.933001,32.796046],[-116.933029,32.795967],[-116.933044,32.795885],[-116.933044,32.795867],[-116.933044,32.795718],[-116.933042,32.795571],[-116.933039,32.79513],[-116.933038,32.794984],[-116.933126,32.794984],[-116.933392,32.794984],[-116.93346,32.794984],[-116.933618,32.794481],[-116.933806,32.79448],[-116.933871,32.794479],[-116.934172,32.794474],[-116.935733,32.795341],[-116.935733,32.795494],[-116.935853,32.795435],[-116.936032,32.795354],[-116.936097,32.795325],[-116.936364,32.795223],[-116.936622,32.79514],[-116.936733,32.79511],[-116.936976,32.795053],[-116.937047,32.795037],[-116.937301,32.794991],[-116.937297,32.794803],[-116.937286,32.79426],[-116.940742,32.79426],[-116.940943,32.794241],[-116.94136,32.794257],[-116.941361,32.79475],[-116.941362,32.794918],[-116.941527,32.794918],[-116.942022,32.794918],[-116.942188,32.794919],[-116.942667,32.794918],[-116.944107,32.794916],[-116.944587,32.794917],[-116.94531,32.794916],[-116.947478,32.794916],[-116.948202,32.794918],[-116.948247,32.794918],[-116.948384,32.794919],[-116.94843,32.79492],[-116.948611,32.794919],[-116.949155,32.794919],[-116.949337,32.794919],[-116.949661,32.794919],[-116.950278,32.79492],[-116.950636,32.794921],[-116.950961,32.794922],[-116.950961,32.795059],[-116.950962,32.795471],[-116.950963,32.795609],[-116.951112,32.795613],[-116.951562,32.795628],[-116.951712,32.795633],[-116.951724,32.795546],[-116.951978,32.79557],[-116.952006,32.795345],[-116.95256,32.795384],[-116.952742,32.795397],[-116.953165,32.795428],[-116.953179,32.797501],[-116.952483,32.797483],[-116.951823,32.797466],[-116.951696,32.797395],[-116.951701,32.797076],[-116.951554,32.79712],[-116.951113,32.797258],[-116.950967,32.797305],[-116.950967,32.797475],[-116.95097,32.797989],[-116.950971,32.79816],[-116.950971,32.798347],[-116.950971,32.798634],[-116.952745,32.798592],[-116.952691,32.800552],[-116.952588,32.800553],[-116.952496,32.800543],[-116.952751,32.801036],[-116.952772,32.801921],[-116.952055,32.802747],[-116.951933,32.802742],[-116.950978,32.802697],[-116.950978,32.802749],[-116.950979,32.802908],[-116.95098,32.802961],[-116.950979,32.802999],[-116.950978,32.803119],[-116.950978,32.803159],[-116.950981,32.803159],[-116.95296,32.80315],[-116.953292,32.803147],[-116.955962,32.803133],[-116.956596,32.803128],[-116.956807,32.803127],[-116.957069,32.803123],[-116.957855,32.803119],[-116.958118,32.803118],[-116.958974,32.803117],[-116.961544,32.803117],[-116.962254,32.803117],[-116.962401,32.803113],[-116.962401,32.803142],[-116.962401,32.80323],[-116.962402,32.803261],[-116.962402,32.803375],[-116.962403,32.803717],[-116.962404,32.803832],[-116.962404,32.804001],[-116.962405,32.804091],[-116.962416,32.804427],[-116.962418,32.804473],[-116.962421,32.80451],[-116.96244,32.804679],[-116.962369,32.804793],[-116.96227,32.804985],[-116.962186,32.805179],[-116.962167,32.805231],[-116.962112,32.80539],[-116.962057,32.805591],[-116.962014,32.805807],[-116.961988,32.806012],[-116.961955,32.807063],[-116.961937,32.807681],[-116.961924,32.808259],[-116.961899,32.809426],[-116.961877,32.809804],[-116.961866,32.809995],[-116.961833,32.810573],[-116.961823,32.810741],[-116.961792,32.811247],[-116.961783,32.811416],[-116.961776,32.811535],[-116.961771,32.811597],[-116.961732,32.812147],[-116.96172,32.81233],[-116.96171,32.81243],[-116.9617,32.812528],[-116.961642,32.813125],[-116.961624,32.813325],[-116.961581,32.81364],[-116.961572,32.813707],[-116.961503,32.814073],[-116.961414,32.814451],[-116.961378,32.814572],[-116.96131,32.814811],[-116.961288,32.814877],[-116.961117,32.815341],[-116.961002,32.815694],[-116.960971,32.815791],[-116.960847,32.816233],[-116.96075,32.816636],[-116.960669,32.817029],[-116.96059,32.817505],[-116.960533,32.81797],[-116.960509,32.818243],[-116.960496,32.818409],[-116.960476,32.818876],[-116.960473,32.819109],[-116.960481,32.819563],[-116.960482,32.819592],[-116.960508,32.820043],[-116.960555,32.820522],[-116.960598,32.820843],[-116.960616,32.821038],[-116.960662,32.821521],[-116.960666,32.82154],[-116.960681,32.821599],[-116.960686,32.821619],[-116.960855,32.822319],[-116.961202,32.82375],[-116.961329,32.824275],[-116.961358,32.824421],[-116.961436,32.824804],[-116.96146,32.824954],[-116.96149,32.82513],[-116.961515,32.825285],[-116.961533,32.825428],[-116.96158,32.82579],[-116.961628,32.826324],[-116.961628,32.826327],[-116.961644,32.826628],[-116.961646,32.826679],[-116.961654,32.826832],[-116.961654,32.826833],[-116.961656,32.826886],[-116.961676,32.827712],[-116.961717,32.82941],[-116.961513,32.829414],[-116.961199,32.829421],[-116.960225,32.829423],[-116.960224,32.829564],[-116.96022,32.829621],[-116.959872,32.829626],[-116.95982510079253,32.829665210812806],[-116.94770584425714,32.829634741280344],[-116.947625,32.829468],[-116.947573,32.829144],[-116.947573,32.829141],[-116.947636,32.828442],[-116.947601,32.828315],[-116.947514,32.827994],[-116.947497,32.827934],[-116.947463,32.827808],[-116.947368,32.827522],[-116.947253,32.827438],[-116.94618,32.826655],[-116.945823,32.826395],[-116.94576949885065,32.826405331256424],[-116.94339692797814,32.82477476131317],[-116.943451,32.824705],[-116.943524,32.824609],[-116.943707,32.824374],[-116.943745,32.824323],[-116.943819,32.824228],[-116.94379668096515,32.824227758713135],[-116.94381,32.82421],[-116.93461,32.82405],[-116.93461,32.82435161111111],[-116.933843,32.824348],[-116.93349292054856,32.82434700827351],[-116.93349,32.82409],[-116.93015,32.82409],[-116.93012,32.82586],[-116.93020113043478,32.82586],[-116.930286,32.825982],[-116.928411,32.826454],[-116.927622,32.827121],[-116.926211,32.828315],[-116.924821,32.829489],[-116.923602,32.828609],[-116.922845,32.828809],[-116.92266,32.828507],[-116.922439,32.828691],[-116.922366,32.828753],[-116.922166,32.828921],[-116.921999,32.829061],[-116.922791,32.830391],[-116.922296,32.831125],[-116.921339,32.830359],[-116.920959,32.830669],[-116.92095817914826,32.830677243447276],[-116.92037,32.83043],[-116.92022712467616,32.83055273754672],[-116.920141,32.830624],[-116.919463,32.83119],[-116.919238,32.831381],[-116.91919,32.831332],[-116.919089,32.831229],[-116.919049,32.831187],[-116.919015,32.831153],[-116.919005,32.831139],[-116.918533,32.831524],[-116.917009,32.832773],[-116.914471,32.834852],[-116.914469,32.834851],[-116.912788,32.833372],[-116.911367,32.831763],[-116.911317,32.831811],[-116.911316,32.831811],[-116.910999,32.831491],[-116.910998,32.831494],[-116.910916,32.831569],[-116.910873,32.83161],[-116.910657,32.831474],[-116.910393,32.831431],[-116.910156,32.831457],[-116.910111,32.831467],[-116.909649,32.831572],[-116.909395,32.831579],[-116.909111,32.831548],[-116.908755,32.831426],[-116.908338,32.831261],[-116.90783,32.830973],[-116.907128,32.830577],[-116.907038,32.830674],[-116.906768,32.830965],[-116.906679,32.831063],[-116.906441,32.831319],[-116.905728,32.83209],[-116.905491,32.832348],[-116.905278,32.832584],[-116.905221,32.832648],[-116.905187,32.832684],[-116.904276,32.833699],[-116.904125,32.833868],[-116.904023,32.833973],[-116.903967,32.834032],[-116.903725,32.834274],[-116.903644,32.834345],[-116.903469,32.834505],[-116.9032,32.834724],[-116.902918,32.834932],[-116.902624,32.835127],[-116.902569,32.835158],[-116.902331,32.835302],[-116.90218,32.835386],[-116.902032,32.835462],[-116.901875,32.835545],[-116.901583,32.835678],[-116.901546,32.835696],[-116.90143,32.835744],[-116.901253,32.835814],[-116.900723,32.836025],[-116.900547,32.836096],[-116.900212,32.836229],[-116.900067,32.836287],[-116.89934,32.836577],[-116.899211,32.836632],[-116.899109,32.836677],[-116.898885,32.836783],[-116.898685,32.836891],[-116.898129,32.837195],[-116.898087,32.837218],[-116.897917,32.837322],[-116.897893,32.837338],[-116.897628,32.837533],[-116.896832,32.838122],[-116.896568,32.838319],[-116.896482,32.838382],[-116.896226,32.838572],[-116.896141,32.838636],[-116.89602,32.838724],[-116.895656,32.838994],[-116.895536,32.839085],[-116.895281,32.839272],[-116.895045,32.839447],[-116.894764,32.839634],[-116.894491,32.839796],[-116.894458,32.839817],[-116.894214,32.839949],[-116.89394,32.840082],[-116.893876,32.840114],[-116.893542,32.840257],[-116.893275,32.840359],[-116.893094,32.84042],[-116.892973,32.840462],[-116.892805,32.840514],[-116.892942,32.840612],[-116.893018,32.840667],[-116.893311,32.84096],[-116.893431,32.84108],[-116.893423,32.841355],[-116.893399,32.842185],[-116.893392,32.842462],[-116.893165,32.842494],[-116.892713,32.842559],[-116.892485,32.842561],[-116.892257,32.842565],[-116.892251,32.842404],[-116.891681,32.842137],[-116.891512,32.84279],[-116.892362,32.843476],[-116.892888,32.843457],[-116.89246,32.84534],[-116.891936,32.845632],[-116.891605,32.84593],[-116.891484,32.845989],[-116.891435,32.846016],[-116.891717,32.846423],[-116.891387,32.847856],[-116.889392,32.848032],[-116.888667,32.848575],[-116.888428,32.848463],[-116.888269,32.848391],[-116.888033,32.848297],[-116.887775,32.848213],[-116.887729,32.848201],[-116.887495,32.848141],[-116.887273,32.848098],[-116.887032,32.848064],[-116.886881,32.848053],[-116.886677,32.848045],[-116.886654,32.848046],[-116.886426,32.848053],[-116.885615,32.84812],[-116.885473,32.848132],[-116.885261,32.848142],[-116.885224,32.848141],[-116.88516,32.848141],[-116.885115,32.84814],[-116.885079,32.84814],[-116.884972,32.848133],[-116.884925,32.848126],[-116.884762,32.848109],[-116.88454,32.848067],[-116.88447,32.848048],[-116.884419,32.848035],[-116.884322,32.848009],[-116.884181,32.847961],[-116.884178,32.84796],[-116.883962,32.847871],[-116.883766,32.847769],[-116.883676,32.847724],[-116.883633,32.847699],[-116.883572,32.847664],[-116.883538,32.847641],[-116.883432,32.84757],[-116.883315,32.847475],[-116.883277,32.847437],[-116.883198,32.847361],[-116.88318,32.847342],[-116.883088,32.847233],[-116.883086,32.84723],[-116.883005,32.847111],[-116.88284,32.846795],[-116.882763,32.846646],[-116.882726,32.846573],[-116.882615,32.846359],[-116.882578,32.846289],[-116.882506,32.846148],[-116.88229,32.845732],[-116.882218,32.845593],[-116.882166,32.845494],[-116.882011,32.845197],[-116.88196,32.845099],[-116.881921,32.845025],[-116.881915,32.845014],[-116.88178,32.844766],[-116.881736,32.844683],[-116.881336,32.844809],[-116.880966,32.844901],[-116.88015,32.845106],[-116.8798272074182,32.8451850991069],[-116.87942,32.84456],[-116.87903,32.84394],[-116.88092,32.84343],[-116.88018,32.84218],[-116.88092,32.84068],[-116.88367,32.84086],[-116.88576,32.83933],[-116.88708,32.83418],[-116.88896,32.83162],[-116.89169,32.83169],[-116.89396,32.83047],[-116.8944,32.8289],[-116.89939,32.82799],[-116.89956,32.8287],[-116.90727,32.82412],[-116.90876,32.82203],[-116.90827,32.8204],[-116.90925,32.82055],[-116.91066,32.8183],[-116.90946,32.8181],[-116.90966,32.81386],[-116.90774,32.81501],[-116.906,32.81341],[-116.90522,32.81529],[-116.90232,32.8151],[-116.90114348008365,32.81113542448357],[-116.901196,32.811084]]],[[[-116.931155,32.826518],[-116.93113398984035,32.82586],[-116.93116,32.82586],[-116.93116859236305,32.826518175008964],[-116.931155,32.826518]]],[[[-116.879255,32.863821],[-116.881531,32.865156],[-116.8815596990108,32.865218399315],[-116.87889455650654,32.8641980537927],[-116.879255,32.863821]]],[[[-116.884638,32.867007],[-116.88499523864911,32.86726432493722],[-116.88435561343263,32.867425520808304],[-116.884638,32.867007]]],[[[-116.886577,32.867622],[-116.886106,32.86797],[-116.885172,32.86813],[-116.884555,32.868704],[-116.884007,32.869215],[-116.88256,32.87011],[-116.881322,32.870583],[-116.88016,32.872022],[-116.87974807996467,32.87190756195287],[-116.88162,32.87024],[-116.88699827874143,32.867032209761994],[-116.886577,32.867622]]],[[[-116.872563,32.871688],[-116.872122,32.872116],[-116.87155696508198,32.872344499738425],[-116.87258,32.8715],[-116.87262191904563,32.8716310256508],[-116.872563,32.871688]]],[[[-116.869446,32.874127],[-116.86939665328147,32.87412780421641],[-116.870475023972,32.87323762564083],[-116.869446,32.874127]]],[[[-116.867912,32.874152],[-116.867808,32.874154],[-116.86623139708333,32.87321038992619],[-116.86614,32.87296],[-116.8683461426306,32.87414492466378],[-116.867912,32.874152]]]]}},{"type":"Feature","properties":{"ZCTA5CE10":"92019","GEOID10":"92019","in_district_share":0.1685},"geometry":{"type":"MultiPolygon","coordinates":[[[[-116.93655122912205,32.76310602569631],[-116.93656,32.76215],[-116.93656927993482,32.762150054652146],[-116.93655122912205,32.76310602569631]]],[[[-116.936547,32.763649],[-116.936549,32.763989],[-116.93654095530727,32.764225871508174],[-116.936547,32.76356699999947],[-116.936547,32.763649]]],[[[-116.929618,32.773084],[-116.929697,32.773086],[-116.931518,32.773082],[-116.931697,32.773064],[-116.932222,32.773681],[-116.932215,32.77445],[-116.930312,32.774426],[-116.930284,32.77449],[-116.93028,32.774518],[-116.930259,32.774699],[-116.93021,32.774696],[-116.930163,32.774706],[-116.929776,32.774884],[-116.929582,32.774973],[-116.92844,32.775499],[-116.9288,32.776817],[-116.932145,32.776767],[-116.932141,32.778216],[-116.932146,32.779008],[-116.932155,32.781035],[-116.932148,32.781083],[-116.932321,32.781083],[-116.932381,32.781084],[-116.933182,32.781084],[-116.933648,32.781088],[-116.934,32.781091],[-116.93456,32.781091],[-116.934557,32.781294],[-116.935671,32.781284],[-116.936405,32.781635],[-116.936431,32.782016],[-116.936525,32.781389],[-116.936536,32.781363],[-116.936815,32.780768],[-116.93698,32.780805],[-116.93724,32.780864],[-116.937302,32.78088],[-116.937389,32.780917],[-116.937459,32.780962],[-116.937467,32.780967],[-116.937521,32.781018],[-116.937573,32.781087],[-116.937579,32.781094],[-116.9376,32.781137],[-116.937648,32.781477],[-116.937668,32.781537],[-116.93771,32.781612],[-116.937767,32.781678],[-116.938035,32.781898],[-116.939139,32.782807],[-116.939217,32.782855],[-116.939306,32.78289],[-116.9394,32.78291],[-116.940323,32.783051],[-116.940481,32.783087],[-116.940602,32.783128],[-116.940616,32.783133],[-116.940731,32.783185],[-116.94147,32.783622],[-116.941694,32.783755],[-116.941787,32.78381],[-116.941874,32.783847],[-116.941982,32.783876],[-116.942095,32.783888],[-116.942255,32.783881],[-116.942358,32.783869],[-116.942449,32.783852],[-116.942517,32.783841],[-116.942703,32.783791],[-116.942733,32.783844],[-116.942774,32.783914],[-116.942833,32.78398],[-116.942844,32.783988],[-116.942893,32.784026],[-116.942872,32.784025],[-116.942809,32.784025],[-116.942789,32.784027],[-116.942894,32.784053],[-116.943211,32.784126],[-116.943814,32.784267],[-116.94406,32.784325],[-116.944113,32.784338],[-116.944225,32.784546],[-116.944304,32.784746],[-116.944424,32.785046],[-116.944544,32.785345],[-116.944625,32.785546],[-116.945139,32.785545],[-116.946237,32.785546],[-116.946237,32.785992],[-116.946238,32.786016],[-116.946238,32.786508],[-116.946007,32.786479],[-116.9455,32.78642],[-116.945374,32.786391],[-116.945336,32.786379],[-116.945322,32.786372],[-116.945219,32.78633],[-116.945163,32.786299],[-116.945115,32.786272],[-116.945096,32.786261],[-116.945049,32.786242],[-116.945049,32.786921],[-116.944752,32.786924],[-116.944433,32.786922],[-116.944436,32.787664],[-116.944601,32.787664],[-116.9446,32.787775],[-116.944599,32.788112],[-116.944599,32.788224],[-116.945786,32.788601],[-116.946537,32.788586],[-116.946538,32.788588],[-116.946576,32.788637],[-116.946621,32.788669],[-116.946666,32.788696],[-116.946709,32.788701],[-116.946726,32.788702],[-116.946835,32.788709],[-116.947377,32.788701],[-116.947418,32.78868],[-116.948197,32.789057],[-116.948197,32.789109],[-116.948197,32.789548],[-116.948196,32.790759],[-116.948196,32.79131],[-116.948022,32.791309],[-116.9475,32.791309],[-116.947327,32.791309],[-116.94678,32.791309],[-116.94514,32.79131],[-116.944594,32.791311],[-116.944593,32.791452],[-116.944593,32.791882],[-116.944593,32.792025],[-116.944592,32.79217],[-116.944592,32.792608],[-116.944592,32.792754],[-116.944591,32.792924],[-116.944589,32.793436],[-116.944589,32.793609],[-116.944588,32.79387],[-116.944587,32.794655],[-116.944587,32.794917],[-116.944107,32.794916],[-116.942667,32.794918],[-116.942188,32.794919],[-116.942022,32.794918],[-116.941527,32.794918],[-116.941362,32.794918],[-116.941361,32.79475],[-116.94136,32.794257],[-116.940943,32.794241],[-116.940742,32.79426],[-116.937286,32.79426],[-116.937297,32.794803],[-116.937301,32.794991],[-116.937047,32.795037],[-116.936976,32.795053],[-116.936733,32.79511],[-116.936622,32.79514],[-116.936364,32.795223],[-116.936097,32.795325],[-116.936032,32.795354],[-116.935853,32.795435],[-116.935733,32.795494],[-116.935733,32.795341],[-116.934172,32.794474],[-116.933871,32.794479],[-116.933806,32.79448],[-116.933618,32.794481],[-116.93346,32.794984],[-116.933392,32.794984],[-116.933126,32.794984],[-116.933038,32.794984],[-116.933039,32.79513],[-116.933042,32.795571],[-116.933044,32.795718],[-116.933044,32.795867],[-116.933044,32.795885],[-116.933029,32.795967],[-116.933001,32.796046],[-116.932963,32.796129],[-116.932942,32.796209],[-116.932935,32.796291],[-116.932935,32.7963],[-116.932936,32.79645],[-116.933091,32.796449],[-116.933558,32.796447],[-116.933623,32.796447],[-116.933714,32.796448],[-116.933861,32.796446],[-116.934304,32.796444],[-116.934452,32.796444],[-116.934187,32.796694],[-116.933392,32.797443],[-116.933128,32.797694],[-116.932928,32.797882],[-116.932331,32.798445],[-116.932133,32.798634],[-116.931808,32.79894],[-116.930835,32.799858],[-116.930511,32.800165],[-116.930109,32.800545],[-116.929509,32.801113],[-116.926911,32.801437],[-116.926908,32.801693],[-116.926904,32.802073],[-116.926903,32.802149],[-116.9269,32.802383],[-116.926919,32.802771],[-116.926918,32.802773],[-116.926915,32.802829],[-116.926904,32.803004],[-116.926901,32.803063],[-116.9269,32.803106],[-116.926897,32.803236],[-116.926897,32.80328],[-116.926797,32.803286],[-116.926441,32.803319],[-116.926139,32.803359],[-116.92612,32.803363],[-116.925801,32.80342],[-116.925459,32.803495],[-116.925114,32.803588],[-116.924794,32.80369],[-116.924466,32.80381],[-116.924146,32.803945],[-116.923961,32.804032],[-116.923834,32.804094],[-116.923532,32.804256],[-116.923293,32.804399],[-116.923279,32.804407],[-116.922911,32.804633],[-116.922574,32.804859],[-116.922483,32.804924],[-116.922246,32.805097],[-116.921937,32.80534],[-116.921649,32.805584],[-116.921362,32.805846],[-116.921046,32.80616],[-116.920757,32.806475],[-116.920511,32.806766],[-116.920394,32.806916],[-116.920279,32.807065],[-116.920045,32.807394],[-116.919842,32.807708],[-116.919739,32.807862],[-116.919466,32.808343],[-116.919376,32.808504],[-116.918966,32.809173],[-116.917737,32.811182],[-116.917328,32.811852],[-116.917276,32.811833],[-116.917122,32.811777],[-116.917071,32.81176],[-116.917014,32.81174],[-116.916843,32.81168],[-116.916799,32.811665],[-116.916786,32.811661],[-116.916422,32.811529],[-116.916203,32.811451],[-116.916123,32.811422],[-116.916023,32.811389],[-116.91587,32.811332],[-116.915571,32.811223],[-116.915417,32.811154],[-116.915384,32.81114],[-116.915272,32.811083],[-116.915361,32.810996],[-116.915629,32.810738],[-116.915719,32.810652],[-116.915375,32.810362],[-116.915089,32.810094],[-116.914815,32.809818],[-116.914738,32.809741],[-116.914712,32.809714],[-116.914563,32.809562],[-116.914548,32.809547],[-116.914331,32.809337],[-116.914224,32.809294],[-116.914077,32.809308],[-116.913866,32.809339],[-116.91386,32.809341],[-116.913493,32.809468],[-116.913278,32.809306],[-116.91314,32.809204],[-116.912953,32.809059],[-116.912845,32.808957],[-116.912683,32.808774],[-116.912506,32.808574],[-116.912344,32.808435],[-116.91222,32.808329],[-116.911823,32.808071],[-116.911645,32.807956],[-116.911629,32.807944],[-116.911582,32.807915],[-116.911567,32.807906],[-116.911362,32.807769],[-116.911225,32.807678],[-116.911046,32.807538],[-116.910893,32.807401],[-116.910791,32.807302],[-116.910614,32.807133],[-116.910414,32.806942],[-116.910234,32.806771],[-116.909814,32.806372],[-116.909615,32.806182],[-116.90898,32.806564],[-116.908198,32.807036],[-116.907982,32.807167],[-116.907963,32.807189],[-116.907959,32.807216],[-116.907963,32.807234],[-116.908098,32.807397],[-116.908316,32.80766],[-116.908333,32.807699],[-116.908334,32.80774],[-116.90832,32.807779],[-116.908291,32.807812],[-116.908258,32.807829],[-116.908062,32.80794],[-116.907417,32.808305],[-116.907383,32.808244],[-116.907368,32.808218],[-116.907284,32.808062],[-116.907252,32.808002],[-116.907063,32.80809],[-116.906912,32.80816],[-116.906499,32.808354],[-116.906311,32.808443],[-116.906298,32.808456],[-116.906262,32.808501],[-116.906251,32.808517],[-116.906255,32.808518],[-116.906285,32.808528],[-116.906307,32.808548],[-116.906412,32.808805],[-116.906531,32.808926],[-116.906972,32.809378],[-116.90702,32.809433],[-116.90705,32.809497],[-116.907059,32.809565],[-116.907051,32.80962],[-116.906887,32.810019],[-116.906885,32.810047],[-116.906895,32.810073],[-116.906916,32.810093],[-116.906945,32.810106],[-116.906977,32.810109],[-116.907008,32.810102],[-116.907035,32.81008],[-116.907204,32.809957],[-116.907448,32.809775],[-116.907269,32.810084],[-116.907123,32.810337],[-116.907068,32.810405],[-116.906981,32.810486],[-116.906893,32.810547],[-116.906781,32.810603],[-116.906713,32.810626],[-116.906666,32.810642],[-116.906602,32.810656],[-116.90645,32.810679],[-116.906098,32.810736],[-116.905829,32.810834],[-116.905022,32.811134],[-116.904754,32.811235],[-116.904617,32.811283],[-116.904491,32.811329],[-116.904208,32.811428],[-116.904072,32.811478],[-116.903837,32.811533],[-116.903598,32.811573],[-116.903486,32.811584],[-116.903355,32.811597],[-116.903112,32.811606],[-116.902884,32.8116],[-116.902641,32.811579],[-116.902412,32.811544],[-116.902161,32.811487],[-116.901935,32.81142],[-116.901732,32.811343],[-116.901722,32.81134],[-116.901521,32.81125],[-116.901196,32.811084],[-116.90114348008365,32.81113542448357],[-116.90113,32.81109],[-116.89816,32.80933],[-116.89982,32.80747],[-116.9021,32.80804],[-116.89988,32.8046],[-116.89589,32.80192],[-116.89574,32.79965],[-116.89759,32.79863],[-116.89738,32.7938],[-116.89332,32.79443],[-116.89109,32.7936],[-116.89403,32.79317],[-116.89319,32.78769],[-116.90462,32.78767],[-116.905,32.78846],[-116.90613,32.78738],[-116.90625,32.77858],[-116.91063,32.77852],[-116.91058,32.78037],[-116.91482,32.78063],[-116.91484,32.77676],[-116.91654,32.77745],[-116.91702,32.77644],[-116.91909,32.77643],[-116.91912,32.77308],[-116.92961801858505,32.77306183733808],[-116.929618,32.773084]]]]}},{"type":"Feature","properties":{"ZCTA5CE10":"91977","GEOID10":"91977","in_district_share":0.5339},"geometry":{"type":"MultiPolygon","coordinates":[[[[-117.001421,32.7524],[-117.001415,32.75258],[-117.0014,32.753121],[-117.001396,32.753302],[-117.001366,32.754306],[-117.001365,32.754346],[-117.001345,32.754483],[-117.001303,32.75463],[-117.001247,32.754759],[-117.001167,32.754894],[-117.001082,32.755005],[-117.000773,32.755374],[-117.000713,32.755472],[-117.000667,32.755581],[-117.000647,32.755662],[-116.998972,32.755438],[-116.998973,32.755333],[-116.99704,32.755279],[-116.996827,32.753448],[-116.995939,32.753434],[-116.996039,32.752209],[-116.996253,32.752024],[-116.99555,32.751435],[-116.993104,32.751795],[-116.992629,32.754374],[-116.992631,32.754846],[-116.991176,32.754798],[-116.99112,32.754848],[-116.991078,32.754906],[-116.991053,32.754971],[-116.991045,32.755026],[-116.991052,32.755094],[-116.991166,32.755585],[-116.991238,32.755892],[-116.99125,32.755974],[-116.991247,32.756079],[-116.991233,32.756642],[-116.991229,32.756832],[-116.991232,32.757107],[-116.991217,32.757154],[-116.991216,32.75716],[-116.991186,32.757209],[-116.991143,32.75725],[-116.991089,32.75728],[-116.991058,32.757292],[-116.990782,32.757368],[-116.99088,32.757823],[-116.989566,32.757787],[-116.989598,32.758867],[-116.989257,32.758865],[-116.988934,32.758864],[-116.98888,32.758853],[-116.988868,32.758851],[-116.988812,32.758827],[-116.988754,32.758785],[-116.988715,32.758742],[-116.988532,32.758749],[-116.984709,32.758862],[-116.98475,32.75882],[-116.984985,32.758578],[-116.985076,32.7585],[-116.98519,32.758422],[-116.985298,32.758364],[-116.985416,32.758314],[-116.985539,32.758276],[-116.985987,32.758144],[-116.986108,32.758104],[-116.986298,32.758025],[-116.986357,32.757993],[-116.98645,32.757945],[-116.98658,32.757863],[-116.986719,32.757755],[-116.986851,32.757633],[-116.986873,32.757611],[-116.986938,32.757534],[-116.986975,32.757492],[-116.987065,32.757362],[-116.98714,32.757224],[-116.987148,32.757202],[-116.987198,32.757082],[-116.987207,32.75705],[-116.987236,32.756957],[-116.987246,32.756927],[-116.987267,32.756816],[-116.987267,32.756811],[-116.987281,32.756676],[-116.987279,32.756537],[-116.987279,32.756511],[-116.987272,32.756462],[-116.987257,32.756347],[-116.98723,32.756248],[-116.987213,32.756183],[-116.987148,32.756014],[-116.987123,32.755965],[-116.987077,32.755876],[-116.986761,32.756022],[-116.986624,32.756087],[-116.986591,32.756118],[-116.986572,32.756162],[-116.986571,32.756439],[-116.986561,32.756465],[-116.986535,32.756481],[-116.986513,32.756484],[-116.986073,32.756489],[-116.985726,32.756494],[-116.98513,32.756476],[-116.984996,32.75674],[-116.984954,32.756702],[-116.984912,32.756681],[-116.984897,32.756677],[-116.984865,32.75667],[-116.984544,32.756667],[-116.984427,32.756667],[-116.984428,32.756453],[-116.984433,32.755816],[-116.984434,32.755769],[-116.984415,32.755707],[-116.984379,32.75565],[-116.984356,32.755627],[-116.983893,32.755488],[-116.980834,32.7554],[-116.979688,32.755015],[-116.979616,32.753083],[-116.979156,32.7517],[-116.977107,32.751578],[-116.975817,32.752298],[-116.975207,32.752277],[-116.975202,32.751518],[-116.974964,32.75152],[-116.973721,32.751444],[-116.972807,32.751433],[-116.971993,32.751415],[-116.971625,32.752541],[-116.970521,32.752508],[-116.967528,32.749889],[-116.966547,32.750208],[-116.963128,32.748945],[-116.962476,32.746883],[-116.962582,32.746774],[-116.962712,32.746662],[-116.963349,32.746221],[-116.963526,32.7461],[-116.963666,32.745986],[-116.963785,32.745873],[-116.96387,32.745779],[-116.963889,32.745753],[-116.963976,32.745641],[-116.964061,32.745508],[-116.964136,32.745351],[-116.964206,32.745209],[-116.964231,32.745156],[-116.964308,32.744999],[-116.964334,32.744947],[-116.964972,32.744815],[-116.965621,32.744708],[-116.966216,32.744636],[-116.966232,32.744635],[-116.967009,32.744574],[-116.967429,32.744574],[-116.969099,32.744628],[-116.970227,32.744636],[-116.972486,32.744654],[-116.973611,32.744664],[-116.974739,32.744675],[-116.974657,32.744621],[-116.974411,32.744459],[-116.97433,32.744405],[-116.974186,32.744309],[-116.973757,32.744023],[-116.972982,32.743451],[-116.972977,32.74345],[-116.972946,32.743412],[-116.972843,32.743288],[-116.972832,32.743271],[-116.972753,32.743158],[-116.972664,32.742996],[-116.972605,32.742853],[-116.97255,32.74264],[-116.972493,32.742415],[-116.972459,32.742308],[-116.97244,32.742238],[-116.972421,32.742164],[-116.97238,32.741947],[-116.972356,32.741728],[-116.972355,32.741692],[-116.972352,32.741509],[-116.972353,32.741426],[-116.972366,32.741284],[-116.972429,32.740612],[-116.97245,32.740389],[-116.972475,32.740119],[-116.972493,32.739934],[-116.972503,32.739632],[-116.972492,32.73933],[-116.972489,32.73931],[-116.972462,32.739042],[-116.972447,32.738943],[-116.972429,32.738824],[-116.972391,32.73865],[-116.97237,32.738554],[-116.972347,32.738463],[-116.972267,32.738197],[-116.972251,32.738152],[-116.972171,32.737935],[-116.971781,32.737035],[-116.971767,32.736995],[-116.971704,32.73681],[-116.971648,32.736596],[-116.971642,32.736568],[-116.971625,32.736486],[-116.97162,32.736462],[-116.971619,32.73646],[-116.97161253438753,32.73641493664031],[-116.97901,32.73623],[-116.98016,32.73488],[-116.97986,32.73074],[-116.98166,32.73052],[-116.98183,32.72967],[-116.99108,32.72955],[-116.99109,32.72844],[-116.99207,32.72846],[-116.99208,32.72955],[-116.99515,32.72953],[-116.99519,32.72735],[-116.99708,32.7274],[-116.99726,32.71492],[-117.00593,32.7148],[-117.00609,32.70954],[-117.00827,32.70958],[-117.00817,32.71219],[-117.0096,32.71219],[-117.00957,32.71353],[-117.01032,32.71353],[-117.01035,32.71219],[-117.0128,32.71219],[-117.01443,32.71624],[-117.01447,32.7202],[-117.0188,32.72027],[-117.01877,32.72493],[-117.01932000000019,32.724935],[-117.01924,32.724935],[-117.018219,32.724933],[-117.015341,32.724929],[-117.015156,32.724927],[-117.014935,32.724925],[-117.014922,32.724212],[-117.014685,32.724247],[-117.014503,32.724275],[-117.014124,32.724333],[-117.014126,32.724451],[-117.014133,32.724805],[-117.014136,32.724924],[-117.014125,32.725467],[-117.01411,32.726308],[-117.014097,32.726575],[-117.014101,32.726796],[-117.014117,32.727017],[-117.014128,32.727095],[-117.014148,32.727237],[-117.014182,32.727399],[-117.014209,32.727527],[-117.014236,32.727627],[-117.014257,32.727848],[-117.01432,32.728513],[-117.014342,32.728736],[-117.014552,32.728735],[-117.014784,32.728736],[-117.014784,32.728735],[-117.014824,32.729009],[-117.015206,32.729007],[-117.015232,32.729241],[-117.015236,32.729273],[-117.015444,32.730905],[-117.015991,32.734628],[-117.0156,32.734626],[-117.014879,32.73462],[-117.014489,32.734617],[-117.014482,32.735025],[-117.014469,32.735794],[-117.01447,32.736255],[-117.014471,32.736667],[-117.014471,32.737076],[-117.014474,32.738304],[-117.014475,32.738715],[-117.01448,32.73892],[-117.014484,32.739057],[-117.013684,32.739063],[-117.013112,32.739687],[-117.012937,32.739753],[-117.012712,32.739759],[-117.012412,32.739778],[-117.012029,32.739966],[-117.011813,32.739922],[-117.010655,32.74154],[-117.010727,32.741553],[-117.010833,32.741562],[-117.01093,32.741554],[-117.011008,32.741536],[-117.011192,32.741461],[-117.011468,32.741351],[-117.011587,32.741303],[-117.011636,32.741349],[-117.011905,32.741487],[-117.012893,32.741994],[-117.012976,32.742037],[-117.013202,32.742172],[-117.013214,32.74218],[-117.013148,32.742266],[-117.013035,32.742412],[-117.013004,32.742475],[-117.012992,32.742525],[-117.012985,32.742556],[-117.012988,32.742638],[-117.013007,32.742705],[-117.013037,32.742764],[-117.013598,32.743588],[-117.013761,32.743827],[-117.013825,32.743936],[-117.013574,32.744278],[-117.013195,32.744797],[-117.01274,32.745237],[-117.012492,32.745478],[-117.012424,32.745519],[-117.011892,32.745844],[-117.011718,32.745952],[-117.011169,32.746116],[-117.011004,32.746166],[-117.010939,32.746202],[-117.010884,32.746252],[-117.010846,32.746313],[-117.010828,32.74638],[-117.010828,32.746435],[-117.010847,32.746501],[-117.010886,32.746562],[-117.010941,32.746612],[-117.01101,32.746648],[-117.011071,32.746666],[-117.011249,32.746703],[-117.011284,32.74671],[-117.011895,32.746839],[-117.011867,32.746867],[-117.011848,32.746889],[-117.011819,32.746938],[-117.011809,32.746968],[-117.011802,32.746991],[-117.011799,32.747007],[-117.011725,32.747061],[-117.01163,32.747114],[-117.011628,32.747114],[-117.011528,32.747156],[-117.011427,32.747183],[-117.011297,32.74721],[-117.011042,32.747261],[-117.010845,32.747302],[-117.010531,32.747363],[-117.010515,32.747611],[-117.010623,32.747745],[-117.01055,32.748099],[-117.008975,32.748091],[-117.008013,32.748635],[-117.007848,32.749329],[-117.008459,32.750899],[-117.00825,32.751023],[-117.008286,32.751092],[-117.008289,32.751098],[-117.008313,32.751178],[-117.00832,32.75126],[-117.008314,32.751325],[-117.008308,32.751404],[-117.008306,32.751534],[-117.008306,32.751542],[-117.008286,32.751683],[-117.008246,32.751825],[-117.008209,32.751911],[-117.008197,32.751942],[-117.008151,32.752029],[-117.008079,32.752156],[-117.008017,32.752269],[-117.007967,32.752399],[-117.007932,32.752534],[-117.007926,32.752563],[-117.0079,32.752707],[-117.007591,32.752712],[-117.00709,32.752721],[-117.006765,32.752712],[-117.006668,32.752705],[-117.006473,32.752692],[-117.006361,32.752681],[-117.006235,32.752664],[-117.006001,32.752635],[-117.00586,32.752608],[-117.005736,32.752585],[-117.005538,32.752541],[-117.005368,32.752504],[-117.00509,32.752427],[-117.004955,32.752381],[-117.004803,32.752331],[-117.004764,32.752317],[-117.004541,32.752236],[-117.004145,32.752094],[-117.003961,32.75204],[-117.003865,32.752015],[-117.003636,32.751958],[-117.003449,32.752613],[-117.002269,32.752323],[-117.00224,32.752416],[-117.001421,32.752394],[-117.001421,32.7524]]],[[[-117.02313,32.722167],[-117.023145,32.722167],[-117.02315,32.722167],[-117.023158,32.723424],[-117.023158,32.723564],[-117.023159,32.723776],[-117.02316,32.723984],[-117.02316,32.724077],[-117.023161,32.724125],[-117.023161,32.724294],[-117.023162,32.724515],[-117.023164,32.724803],[-117.0231649531019,32.72496502732099],[-117.02249,32.7243],[-117.02316,32.72408],[-117.02312643859649,32.722167],[-117.02313,32.722167]]],[[[-117.023165,32.724973],[-117.02298461538462,32.72496831468531],[-117.02316498208461,32.72496995438259],[-117.023165,32.724973]]],[[[-117.021565,32.724956],[-117.021405,32.724981],[-117.021278,32.725012],[-117.02125,32.725021],[-117.021174,32.725048],[-117.021143,32.725026],[-117.021052,32.724963],[-117.0210333640553,32.72495057603687],[-117.02157139344261,32.724955467213114],[-117.021565,32.724956]]]]}},{"type":"Feature","properties":{"ZCTA5CE10":"91945","GEOID10":"91945","in_district_share":0.9914},"geometry":{"type":"Polygon","coordinates":[[[-117.06431219277141,32.729470819277104],[-117.06444,32.72947],[-117.06443559058361,32.72947294651142],[-117.063961,32.729672],[-117.063449,32.730069],[-117.06347,32.730074],[-117.06351875135668,32.730085607465874],[-117.05805,32.73374],[-117.05804616287591,32.73466858402761],[-117.056814,32.735995],[-117.05648,32.736356],[-117.056233,32.736613],[-117.056158,32.736691],[-117.05585,32.737031],[-117.054709,32.738295],[-117.054329,32.738717],[-117.054128,32.738936],[-117.053772,32.739326],[-117.053538,32.739604],[-117.053348,32.739834],[-117.053028,32.740139],[-117.05263128798404,32.740520437542614],[-117.05157394405583,32.741451277822264],[-117.051441,32.741557],[-117.051372,32.741614],[-117.051265,32.741698],[-117.050943,32.741954],[-117.050837,32.742041],[-117.050826,32.742047],[-117.050793,32.742071],[-117.050783,32.74208],[-117.050482,32.742292],[-117.049581,32.742933],[-117.04948,32.743006],[-117.049283,32.74315],[-117.048845,32.743474],[-117.04814,32.743999],[-117.047561,32.744379],[-117.047505,32.744411],[-117.047257,32.744557],[-117.04703,32.744679],[-117.046737,32.744762],[-117.046596,32.744796],[-117.046471,32.744823],[-117.046208,32.74487],[-117.046153,32.744881],[-117.045799,32.744925],[-117.045507,32.744946],[-117.045231,32.744953],[-117.043681,32.744929],[-117.042837,32.744918],[-117.042633,32.744912],[-117.042022,32.7449],[-117.041819,32.744896],[-117.041311,32.744884],[-117.040654,32.744869],[-117.039789,32.74485],[-117.039623,32.744848],[-117.039524,32.744842],[-117.039282,32.744832],[-117.039102,32.744825],[-117.039043,32.744824],[-117.038679,32.744824],[-117.038327,32.744836],[-117.038241,32.744839],[-117.038089,32.74485],[-117.037901,32.744863],[-117.037803,32.744871],[-117.037384,32.744918],[-117.037341,32.744923],[-117.037156,32.744952],[-117.037,32.744975],[-117.036965,32.744978],[-117.036611,32.745021],[-117.036418,32.745046],[-117.035923,32.745122],[-117.03543,32.745213],[-117.03499,32.745306],[-117.034926,32.745321],[-117.034457,32.745436],[-117.034142,32.745527],[-117.033198,32.745801],[-117.032884,32.745894],[-117.032723,32.745939],[-117.032241,32.74608],[-117.032081,32.746128],[-117.031896,32.746181],[-117.031342,32.746342],[-117.031158,32.746397],[-117.031143,32.746402],[-117.031036,32.746432],[-117.030672,32.746536],[-117.030635,32.746549],[-117.030551,32.746571],[-117.030535,32.746574],[-117.03049,32.746585],[-117.030475,32.74659],[-117.030091,32.746689],[-117.029794,32.746755],[-117.029541,32.746814],[-117.029019,32.746916],[-117.028524,32.747],[-117.028045,32.747068],[-117.027721,32.747102],[-117.027024,32.747178],[-117.026908,32.747191],[-117.026638,32.747214],[-117.026555,32.747216],[-117.026438,32.74722],[-117.02518,32.747124],[-117.024122,32.747046],[-117.022639,32.746934],[-117.02233,32.746919],[-117.022005,32.746918],[-117.021713,32.746932],[-117.021577,32.746944],[-117.021404,32.746958],[-117.02139,32.746961],[-117.021085,32.747004],[-117.020768,32.747065],[-117.020486,32.747133],[-117.020173,32.747223],[-117.020044,32.747259],[-117.019833,32.747324],[-117.019709,32.747364],[-117.019425,32.747468],[-117.019133,32.747588],[-117.018845,32.747722],[-117.018834,32.747728],[-117.018532,32.747888],[-117.01849,32.747912],[-117.018189,32.748094],[-117.018109,32.748146],[-117.017926,32.748289],[-117.015711,32.750101],[-117.01548,32.750289],[-117.015257,32.750472],[-117.015208,32.750512],[-117.014948,32.750725],[-117.014222,32.751322],[-117.014171,32.751365],[-117.013918,32.751586],[-117.013642,32.751824],[-117.013311,32.752113],[-117.012817,32.752541],[-117.012542,32.75278],[-117.012382,32.752918],[-117.012164,32.753106],[-117.011903,32.753332],[-117.011742,32.753471],[-117.011695,32.753431],[-117.01155,32.753315],[-117.011502,32.753276],[-117.011426,32.753213],[-117.0112,32.753027],[-117.011125,32.752965],[-117.01111,32.752952],[-117.011065,32.752913],[-117.01105,32.752902],[-117.010985,32.752848],[-117.01079,32.752688],[-117.010726,32.752635],[-117.010659,32.752578],[-117.010458,32.752412],[-117.010391,32.752359],[-117.010468,32.752291],[-117.010701,32.75209],[-117.010779,32.752024],[-117.010861,32.751953],[-117.010978,32.751858],[-117.011106,32.751773],[-117.01112,32.751766],[-117.011274,32.751688],[-117.011421,32.751631],[-117.012148,32.751422],[-117.012277,32.751378],[-117.012329,32.751361],[-117.012503,32.751286],[-117.012563,32.751254],[-117.012652,32.751207],[-117.012689,32.751185],[-117.012853,32.751073],[-117.013028,32.750925],[-117.013785,32.75029],[-117.014102,32.750006],[-117.014394,32.749748],[-117.014452,32.749696],[-117.014506,32.747984],[-117.016941,32.745605],[-117.017269,32.745382],[-117.017578,32.745176],[-117.017692,32.745102],[-117.01792,32.744949],[-117.018259,32.744724],[-117.018259,32.744723],[-117.018588,32.744502],[-117.017716,32.743731],[-117.017686,32.743707],[-117.016928,32.743106],[-117.016927,32.743105],[-117.016696,32.742921],[-117.015158,32.741699],[-117.015002,32.741557],[-117.014966,32.741517],[-117.014791,32.741673],[-117.012308,32.74024],[-117.012029,32.739966],[-117.012412,32.739778],[-117.012712,32.739759],[-117.012937,32.739753],[-117.013112,32.739687],[-117.013684,32.739063],[-117.014484,32.739057],[-117.01448,32.73892],[-117.014475,32.738715],[-117.014474,32.738304],[-117.014471,32.737076],[-117.014471,32.736667],[-117.01447,32.736255],[-117.014469,32.735794],[-117.014482,32.735025],[-117.014489,32.734617],[-117.014879,32.73462],[-117.0156,32.734626],[-117.015991,32.734628],[-117.015444,32.730905],[-117.015236,32.729273],[-117.015232,32.729241],[-117.015206,32.729007],[-117.014824,32.729009],[-117.014784,32.728735],[-117.014784,32.728736],[-117.014552,32.728735],[-117.014342,32.728736],[-117.01432,32.728513],[-117.014257,32.727848],[-117.014236,32.727627],[-117.014209,32.727527],[-117.014182,32.727399],[-117.014148,32.727237],[-117.014128,32.727095],[-117.014117,32.727017],[-117.014101,32.726796],[-117.014097,32.726575],[-117.01411,32.726308],[-117.014125,32.725467],[-117.014136,32.724924],[-117.014133,32.724805],[-117.014126,32.724451],[-117.014124,32.724333],[-117.014503,32.724275],[-117.014685,32.724247],[-117.014922,32.724212],[-117.014935,32.724925],[-117.015156,32.724927],[-117.015341,32.724929],[-117.018219,32.724933],[-117.01924,32.724935],[-117.01932000000019,32.724935],[-117.0210333640553,32.72495057603687],[-117.021052,32.724963],[-117.021143,32.725026],[-117.021174,32.725048],[-117.02125,32.725021],[-117.021278,32.725012],[-117.021405,32.724981],[-117.021565,32.724956],[-117.02157139344261,32.724955467213114],[-117.02298461538462,32.72496831468531],[-117.023165,32.724973],[-117.02316498208461,32.72496995438259],[-117.02317,32.72497],[-117.0231649531019,32.72496502732099],[-117.023164,32.724803],[-117.023162,32.724515],[-117.023161,32.724294],[-117.023161,32.724125],[-117.02316,32.724077],[-117.02316,32.723984],[-117.023159,32.723776],[-117.023158,32.723564],[-117.023158,32.723424],[-117.02315,32.722167],[-117.023145,32.722167],[-117.02313,32.722167],[-117.02312643859649,32.722167],[-117.0230618718593,32.7184866959799],[-117.023225,32.71851],[-117.023531,32.718555],[-117.023741,32.718568],[-117.023924,32.718564],[-117.023936,32.718564],[-117.02413,32.718545],[-117.024157,32.71854],[-117.024221,32.718528],[-117.024305,32.718514],[-117.024412,32.718486],[-117.024476,32.718471],[-117.024753,32.718485],[-117.025587,32.718527],[-117.025865,32.718542],[-117.026148,32.718556],[-117.027,32.718604],[-117.027284,32.718621],[-117.027349,32.718624],[-117.027546,32.718634],[-117.027612,32.718638],[-117.028464,32.718681],[-117.028463,32.71932],[-117.028463,32.72106],[-117.028464,32.72118],[-117.02847011983012,32.72118003649998],[-117.02947350779796,32.72148566616834],[-117.029477,32.721784],[-117.02968,32.721781],[-117.029809,32.721782],[-117.029878,32.721783],[-117.030086,32.721786],[-117.030156,32.721788],[-117.03017763662477,32.72170014219031],[-117.03021,32.72171],[-117.03022990510806,32.720256927111514],[-117.030627,32.720273],[-117.031875,32.720324],[-117.031881,32.720292],[-117.031971,32.720328],[-117.031968,32.720137],[-117.031961,32.719566],[-117.031959,32.719376],[-117.031956,32.719206],[-117.031952,32.718821],[-117.03195,32.718702],[-117.031948,32.718536],[-117.031948,32.718376],[-117.03194922709842,32.718230895611605],[-117.03202983582229,32.715455652404266],[-117.03203759860311,32.715453524827296],[-117.03425756534263,32.716483319284414],[-117.034569,32.716708],[-117.034569,32.716768],[-117.034573,32.717109],[-117.034575,32.717395],[-117.03458,32.718025],[-117.034582,32.718254],[-117.034585,32.718541],[-117.034514,32.71854],[-117.03451319756942,32.71860008198896],[-117.03451,32.7186],[-117.03451307168486,32.718609507596014],[-117.034506,32.719139],[-117.034504,32.719155],[-117.034497,32.720331],[-117.034581,32.720331],[-117.034832,32.720331],[-117.034917,32.720331],[-117.034916,32.720297],[-117.034915,32.720198],[-117.034915,32.720165],[-117.03502060377743,32.72018044026349],[-117.03535,32.7212],[-117.035363,32.72119110526315],[-117.035363,32.721196],[-117.035873,32.721193],[-117.035873,32.721083],[-117.036524,32.721046],[-117.036509,32.720593],[-117.03666043010178,32.72030338993037],[-117.03668,32.72029],[-117.0376060820329,32.7206096212326],[-117.037609,32.720617],[-117.03766700947861,32.720630649289085],[-117.03781,32.72068],[-117.03783276085969,32.72065448024822],[-117.038153,32.720484],[-117.038104,32.720422],[-117.03881466256759,32.719575127106964],[-117.03887754457372,32.71959711525944],[-117.039149,32.719765],[-117.039177,32.719732],[-117.03957,32.719957],[-117.039534,32.720011],[-117.039895,32.720207],[-117.040003,32.720083],[-117.040355,32.72028],[-117.04046350364422,32.720151682646836],[-117.04186,32.72064],[-117.04651,32.71515],[-117.046962,32.71515],[-117.047432,32.71515],[-117.048842,32.71515],[-117.049312,32.715151],[-117.04931,32.715291],[-117.049306,32.715718],[-117.049306,32.715861],[-117.049304,32.716379],[-117.049298,32.717933],[-117.049297,32.718452],[-117.04929787860576,32.71871646033664],[-117.04925020716901,32.72640215530756],[-117.049171,32.726454],[-117.049193,32.726483],[-117.04924926066533,32.726554752732596],[-117.04923317114631,32.72914874074475],[-117.049226,32.729491],[-117.049223,32.729667],[-117.049256,32.729666],[-117.049358,32.729663],[-117.049392,32.729663],[-117.049599,32.729658],[-117.050223,32.72965],[-117.050432,32.729648],[-117.050583,32.729644],[-117.05072773846155,32.72964301538462],[-117.0501555,32.730406],[-117.049922,32.730406],[-117.049922,32.73071733333334],[-117.04938,32.73144],[-117.04938402650652,32.731459125905985],[-117.049376,32.731459],[-117.049376,32.73154],[-117.049375,32.731625],[-117.049375,32.731711],[-117.049371,32.731879],[-117.04937,32.731966],[-117.0494903753275,32.7319642828056],[-117.04976408349147,32.733264396584445],[-117.049762,32.733346],[-117.04981101230646,32.73334685986502],[-117.05159566990072,32.73374162283518],[-117.051607,32.733953],[-117.051634,32.733938],[-117.051748,32.733885],[-117.051869,32.733845],[-117.05194,32.733829],[-117.05193871680704,32.73381750417852],[-117.05195,32.73382],[-117.05264,32.73229],[-117.05273541549562,32.7322447017344],[-117.053053,32.732151],[-117.05484,32.731605],[-117.055285,32.731292],[-117.055327,32.731263],[-117.056318,32.730565],[-117.057406,32.730045],[-117.05745460075187,32.73000428045113],[-117.05758461406188,32.72994255696052],[-117.05759706050154,32.729951321149],[-117.05817,32.73087],[-117.06042,32.73107],[-117.0628635003961,32.72949066437814],[-117.06431219277141,32.729470819277104]]]}}]}