{"type":"FeatureCollection","features":[{"type":"Feature","properties":{"ZCTA5CE10":"92020","GEOID10":"92020"},"geometry":{"type":"Polygon","coordinates":[[[-116.955749,32.762947],[-116.955768,32.762956],[-116.95581,32.762974],[-116.955911,32.763021],[-116.955997,32.763049],[-116.956062,32.763071],[-116.95606,32.763203],[-116.956177,32.763236],[-116.956911,32.76345],[-116.95709,32.763502],[-116.957088,32.763571],[-116.957086,32.763638],[-116.957083,32.763744],[-116.957013,32.763812],[-116.956966,32.76386],[-116.956886,32.76394],[-116.956719,32.764219],[-116.956656,32.764412],[-116.95664,32.764464],[-116.956507,32.765333],[-116.956508,32.765402],[-116.956525,32.765469],[-116.956565,32.765544],[-116.957036,32.7661],[-116.95707,32.766119],[-116.957631,32.766432],[-116.958062,32.766226],[-116.958399,32.766065],[-116.95846,32.766038],[-116.958595,32.76599],[-116.958735,32.765956],[-116.958912,32.765934],[-116.959439,32.765925],[-116.959917,32.765918],[-116.959632,32.766202],[-116.959393,32.766442],[-116.95923,32.766631],[-116.959092,32.766818],[-116.958969,32.767011],[-116.958894,32.767149],[-116.958855,32.767224],[-116.95875,32.767437],[-116.958713,32.767508],[-116.958969,32.767609],[-116.959736,32.767915],[-116.959993,32.768018],[-116.960151,32.768084],[-116.960247,32.768124],[-116.960358,32.768148],[-116.960519,32.768168],[-116.960655,32.768169],[-116.960679,32.76817],[-116.960827,32.768156],[-116.960852,32.768151],[-116.960899,32.768138],[-116.96096,32.768123],[-116.961077,32.768074],[-116.961105,32.768056],[-116.96117,32.768019],[-116.961187,32.768008],[-116.96124,32.767977],[-116.961258,32.767967],[-116.961301,32.768031],[-116.961893,32.768034],[-116.962224,32.768035],[-116.962228,32.768212],[-116.962237,32.768717],[-116.96226,32.769798],[-116.961777,32.769947],[-116.961784,32.77053],[-116.96173,32.770582],[-116.961726,32.771187],[-116.959847,32.771198],[-116.959695,32.771199],[-116.958803,32.7712],[-116.958724,32.771202],[-116.958674,32.771204],[-116.958361,32.771206],[-116.958431,32.772222],[-116.958908,32.772219],[-116.958936,32.772219],[-116.959499,32.772218],[-116.959691,32.772217],[-116.959685,32.772579],[-116.959644,32.772578],[-116.958854,32.77258],[-116.958846,32.772614],[-116.958765,32.772617],[-116.958748,32.77262],[-116.958702,32.772632],[-116.958633,32.772668],[-116.958521,32.772734],[-116.958489,32.772754],[-116.958387,32.772802],[-116.958382,32.772823],[-116.958406,32.772807],[-116.958423,32.772955],[-116.958482,32.773097],[-116.95852,32.773182],[-116.958633,32.773394],[-116.958948,32.773985],[-116.959006,32.774122],[-116.959054,32.774282],[-116.959068,32.774334],[-116.959098,32.774497],[-116.959114,32.774675],[-116.959109,32.774867],[-116.959082,32.775058],[-116.959055,32.775162],[-116.959038,32.775233],[-116.95897,32.775416],[-116.958895,32.775568],[-116.958797,32.775728],[-116.958827,32.775722],[-116.958917,32.775705],[-116.958948,32.7757],[-116.959032,32.775684],[-116.959037,32.775682],[-116.959114,32.775656],[-116.959241,32.775589],[-116.95925,32.775585],[-116.959288,32.775575],[-116.959293,32.775574],[-116.959338,32.775579],[-116.959376,32.775597],[-116.959465,32.775694],[-116.959517,32.775686],[-116.95971,32.775664],[-116.959831,32.775374],[-116.959875,32.775373],[-116.959925,32.775373],[-116.95994,32.775343],[-116.95997,32.775307],[-116.959998,32.77528],[-116.960034,32.77525],[-116.960075,32.775224],[-116.960115,32.775203],[-116.960154,32.775188],[-116.960188,32.775177],[-116.960217,32.775175],[-116.960254,32.775169],[-116.960277,32.775162],[-116.960851,32.774606],[-116.961271,32.774669],[-116.961408,32.774739],[-116.961476,32.774764],[-116.961515,32.774775],[-116.961577,32.774787],[-116.961629,32.774792],[-116.961694,32.774792],[-116.961747,32.774787],[-116.961806,32.774778],[-116.961863,32.774764],[-116.961919,32.774741],[-116.961976,32.774716],[-116.962022,32.774687],[-116.962069,32.774653],[-116.96211,32.774614],[-116.962137,32.774583],[-116.962299,32.774395],[-116.962298,32.774352],[-116.9623,32.774207],[-116.962445,32.774095],[-116.962834,32.77395],[-116.962966,32.773903],[-116.963053,32.773818],[-116.963131,32.773652],[-116.963367,32.77336],[-116.963633,32.773296],[-116.963936,32.773384],[-116.963981,32.773414],[-116.963978,32.773182],[-116.963978,32.773158],[-116.965693,32.773174],[-116.967738,32.773193],[-116.968741,32.773213],[-116.968754,32.773447],[-116.968759,32.773202],[-116.969327,32.773199],[-116.971843,32.773183],[-116.973372,32.773173],[-116.973369,32.773344],[-116.973381,32.773695],[-116.973664,32.773701],[-116.973852,32.773698],[-116.974183,32.773695],[-116.974183,32.773379],[-116.974338,32.773379],[-116.97432,32.773334],[-116.974317,32.773286],[-116.974314,32.773226],[-116.975048,32.773239],[-116.97566,32.773246],[-116.975476,32.773863],[-116.975429,32.773994],[-116.975204,32.7742],[-116.974139,32.775168],[-116.974076,32.775192],[-116.974076,32.7754],[-116.974092,32.775508],[-116.974111,32.775561],[-116.974132,32.775597],[-116.974227,32.7757],[-116.97426,32.775728],[-116.974317,32.775764],[-116.974628,32.775835],[-116.974798,32.775966],[-116.97477,32.776056],[-116.974926,32.776115],[-116.975032,32.776157],[-116.975181,32.776258],[-116.975266,32.7763],[-116.975365,32.776306],[-116.975443,32.776306],[-116.975493,32.776288],[-116.975706,32.776235],[-116.975762,32.776235],[-116.975812,32.776246],[-116.975855,32.77627],[-116.975897,32.776312],[-116.97594,32.776485],[-116.975975,32.776556],[-116.976003,32.776622],[-116.976088,32.776687],[-116.976188,32.77673],[-116.976311,32.77674],[-116.9764,32.776729],[-116.976485,32.776723],[-116.976569,32.77675],[-116.976627,32.776795],[-116.976826,32.777242],[-116.976957,32.777404],[-116.977003,32.777522],[-116.977088,32.777575],[-116.977215,32.777677],[-116.977448,32.777768],[-116.977598,32.777826],[-116.97745,32.778226],[-116.978566,32.778261],[-116.979631,32.778011],[-116.980421,32.778101],[-116.980508,32.778135],[-116.980791,32.778248],[-116.980885,32.777971],[-116.981114,32.777863],[-116.981133,32.777884],[-116.981511,32.778092],[-116.981522,32.778098],[-116.981391,32.778303],[-116.981364,32.778379],[-116.981118,32.77908],[-116.98166,32.779078],[-116.981669,32.779425],[-116.9817,32.779425],[-116.98174,32.77896],[-116.982085,32.779008],[-116.982234,32.779027],[-116.98234,32.779173],[-116.98253,32.779041],[-116.982557,32.779023],[-116.982765,32.779035],[-116.982724,32.778979],[-116.982631,32.778911],[-116.982607,32.778889],[-116.982584,32.778883],[-116.982674,32.778588],[-116.982682,32.778554],[-116.982889,32.778557],[-116.982929,32.77856],[-116.98297,32.778566],[-116.983064,32.778596],[-116.983047,32.77862],[-116.98303,32.778672],[-116.983112,32.778693],[-116.983151,32.77871],[-116.983175,32.77874],[-116.98319,32.778765],[-116.983198,32.7788],[-116.983217,32.77884],[-116.983235,32.778874],[-116.983269,32.778903],[-116.983298,32.778948],[-116.983331,32.778968],[-116.983392,32.779002],[-116.983466,32.779027],[-116.983536,32.779046],[-116.983604,32.779054],[-116.983664,32.779055],[-116.983702,32.779052],[-116.98376,32.779044],[-116.983828,32.779021],[-116.983946,32.778944],[-116.984001,32.778917],[-116.984045,32.77891],[-116.984088,32.778912],[-116.984137,32.778921],[-116.984297,32.77896],[-116.984357,32.778968],[-116.984423,32.778968],[-116.984492,32.778965],[-116.984535,32.778956],[-116.984773,32.778922],[-116.984805,32.778906],[-116.984834,32.778993],[-116.984903,32.779047],[-116.985033,32.779208],[-116.985169,32.779178],[-116.985456,32.779129],[-116.98565,32.779105],[-116.986081,32.779079],[-116.986459,32.779086],[-116.988089,32.779118],[-116.988123,32.779203],[-116.988225,32.779459],[-116.98826,32.779545],[-116.988249,32.779592],[-116.98822,32.779735],[-116.98821,32.779783],[-116.98833,32.779818],[-116.988693,32.779922],[-116.988815,32.779958],[-116.989142,32.780081],[-116.98934,32.780156],[-116.990032,32.78063],[-116.990322,32.780828],[-116.99017,32.780962],[-116.989714,32.781367],[-116.989563,32.781502],[-116.988738,32.782228],[-116.987847,32.78257],[-116.987056,32.782875],[-116.987557,32.78394],[-116.986092,32.78465],[-116.984441,32.785652],[-116.985016,32.785663],[-116.986205,32.785687],[-116.986234,32.785814],[-116.986326,32.786206],[-116.986347,32.786537],[-116.986335,32.786583],[-116.985582,32.786478],[-116.985616,32.787035],[-116.9856,32.787045],[-116.98436,32.787952],[-116.984823,32.788658],[-116.986529,32.788176],[-116.98732,32.787953],[-116.987491,32.788489],[-116.987504,32.788522],[-116.987743,32.789217],[-116.987857,32.789547],[-116.985961,32.790056],[-116.985645,32.790143],[-116.985688,32.790512],[-116.985757,32.790528],[-116.985739,32.790865],[-116.986026,32.790895],[-116.986311,32.79097],[-116.986825,32.790946],[-116.987958,32.790896],[-116.988352,32.792382],[-116.987289,32.793626],[-116.986775,32.794229],[-116.98666,32.794353],[-116.986945,32.794732],[-116.987207,32.79486],[-116.987635,32.795069],[-116.98748,32.795437],[-116.987462,32.795483],[-116.987699,32.795538],[-116.987739,32.795248],[-116.988094,32.795274],[-116.988132,32.795278],[-116.98817,32.795924],[-116.9891,32.795879],[-116.989398,32.795737],[-116.989764,32.795563],[-116.989986,32.795463],[-116.990208,32.795367],[-116.990271,32.795341],[-116.990568,32.795234],[-116.990909,32.795234],[-116.990973,32.795235],[-116.991187,32.795154],[-116.99204,32.795066],[-116.993675,32.795031],[-116.994735,32.79501],[-116.997122,32.794989],[-116.997134,32.795222],[-116.997503,32.79525],[-116.997489,32.795013],[-116.997971,32.795001],[-116.998139,32.794997],[-116.998645,32.794989],[-116.998814,32.794987],[-116.998891,32.794981],[-116.999123,32.79497],[-116.999201,32.794966],[-116.999239,32.795941],[-116.999263,32.796543],[-117.000833,32.795413],[-117.001228,32.795381],[-117.002203,32.795303],[-117.002557,32.795256],[-117.002629,32.795247],[-117.00291,32.795077],[-117.003095,32.794792],[-117.003251,32.794707],[-117.003407,32.794705],[-117.003765,32.794703],[-117.003851,32.794683],[-117.004112,32.794629],[-117.004199,32.794611],[-117.004369,32.794548],[-117.004709,32.794424],[-117.004792,32.794397],[-117.004885,32.794381],[-117.004888,32.794381],[-117.004969,32.794378],[-117.005066,32.794386],[-117.005174,32.794387],[-117.005303,32.79439],[-117.005499,32.794373],[-117.005608,32.794364],[-117.00566,32.794345],[-117.005665,32.794344],[-117.005825,32.794314],[-117.00588,32.794306],[-117.005878,32.794315],[-117.005847,32.794477],[-117.005823,32.794611],[-117.005777,32.794894],[-117.005763,32.794995],[-117.005741,32.795169],[-117.005702,32.795462],[-117.005681,32.795665],[-117.005673,32.795747],[-117.00565,32.796032],[-117.005623,32.796604],[-117.005617,32.79697],[-117.005616,32.797165],[-117.005616,32.797667],[-117.005615,32.79835],[-117.005615,32.798627],[-117.005612,32.800404],[-117.005611,32.801089],[-117.00561,32.801388],[-117.005609,32.802287],[-117.005609,32.802588],[-117.005607,32.803127],[-117.005606,32.803629],[-117.005603,32.804747],[-117.005603,32.805288],[-117.005602,32.805684],[-117.005599,32.806877],[-117.005599,32.807173],[-117.005597,32.807276],[-117.005593,32.807464],[-117.005577,32.807702],[-117.005574,32.807756],[-117.005543,32.808046],[-117.005501,32.808336],[-117.00548,32.808444],[-117.005415,32.808767],[-117.005364,32.808965],[-117.005342,32.809052],[-117.005244,32.809375],[-117.005226,32.809433],[-117.005205,32.809491],[-117.00511,32.809754],[-117.005076,32.809835],[-117.005031,32.809949],[-117.004998,32.81003],[-117.004873,32.810302],[-117.004872,32.810302],[-117.004738,32.81057],[-117.004591,32.810834],[-117.004434,32.811094],[-117.004352,32.811222],[-117.004289,32.811312],[-117.004069,32.811633],[-117.003472,32.812491],[-117.002502,32.813886],[-117.002302,32.814182],[-117.002121,32.814474],[-117.002047,32.814602],[-117.001908,32.81486],[-117.00178,32.815123],[-117.001778,32.815126],[-117.001663,32.815389],[-117.001557,32.815658],[-117.001461,32.81593],[-117.001409,32.816103],[-117.001378,32.816205],[-117.001318,32.816429],[-117.001305,32.816483],[-117.001218,32.816902],[-117.001175,32.817184],[-117.001146,32.817433],[-117.001143,32.817467],[-117.001123,32.81775],[-117.001123,32.817772],[-117.001073,32.817738],[-117.000923,32.817639],[-117.000873,32.817608],[-117.000693,32.817484],[-117.000153,32.817116],[-116.999974,32.816993],[-116.999878,32.81725],[-116.999829,32.817408],[-116.999792,32.817535],[-116.999723,32.817845],[-116.999677,32.818131],[-116.999612,32.81871],[-116.999563,32.819148],[-116.999528,32.819623],[-116.999435,32.82093],[-116.999436,32.821049],[-116.999437,32.821132],[-116.999459,32.821346],[-116.999492,32.821522],[-116.999496,32.821541],[-116.999508,32.82159],[-116.999513,32.821609],[-116.999526,32.821656],[-116.999537,32.821692],[-116.999553,32.821742],[-116.999557,32.821753],[-116.999598,32.821866],[-116.9996,32.82187],[-116.999621,32.821925],[-116.999632,32.821951],[-116.999881,32.822423],[-117.000251,32.823123],[-117.000361,32.823291],[-117.000477,32.823503],[-117.000568,32.823703],[-117.000618,32.823841],[-117.000647,32.823919],[-117.000685,32.824048],[-117.000696,32.824102],[-117.000707,32.824226],[-117.000698,32.824363],[-117.000294,32.824367],[-117.000219,32.824367],[-117.000201,32.824717],[-117.00018,32.825133],[-117.000088,32.825404],[-117.000017,32.825614],[-117.000002,32.825642],[-116.999923,32.825779],[-116.999798,32.82552],[-116.9996,32.825374],[-116.999371,32.825323],[-116.998761,32.825286],[-116.997932,32.825237],[-116.997568,32.825224],[-116.996742,32.825195],[-116.996576,32.825256],[-116.996505,32.825305],[-116.996393,32.825386],[-116.996248,32.825559],[-116.996072,32.825969],[-116.996036,32.826233],[-116.996025,32.826318],[-116.996039,32.826596],[-116.996308,32.826834],[-116.996839,32.826998],[-116.997404,32.827033],[-116.997695,32.827005],[-116.997819,32.826994],[-116.99795,32.827098],[-116.998219,32.826907],[-116.998267,32.826829],[-116.998401,32.826867],[-116.998573,32.826917],[-116.998559,32.827157],[-116.998552,32.827297],[-116.998464,32.827543],[-116.998521,32.827685],[-116.998556,32.82777],[-116.999708,32.827798],[-117.000123,32.827809],[-117.000239,32.82779],[-117.000588,32.827734],[-117.000705,32.827716],[-117.000704,32.827727],[-117.000704,32.827762],[-117.000704,32.827774],[-117.000704,32.827883],[-117.000704,32.82821],[-117.000705,32.82832],[-117.000705,32.828346],[-117.000705,32.828426],[-117.000705,32.828453],[-117.000164,32.828437],[-116.999923,32.828437],[-116.999432,32.828437],[-116.999386,32.828437],[-116.999376,32.828967],[-116.998897,32.82898],[-116.998097,32.828994],[-116.997315,32.829008],[-116.99706,32.829008],[-116.996826,32.829008],[-116.996794,32.829158],[-116.996419,32.829165],[-116.996418,32.829163],[-116.996394,32.829042],[-116.996264,32.829035],[-116.995921,32.829056],[-116.995824,32.829063],[-116.995229,32.829056],[-116.994944,32.828967],[-116.994904,32.828964],[-116.994561,32.828949],[-116.994462,32.82898],[-116.994251,32.829049],[-116.994251,32.82896],[-116.994251,32.828857],[-116.994254,32.828766],[-116.994263,32.828494],[-116.994267,32.828404],[-116.99427,32.828353],[-116.99428,32.828201],[-116.994284,32.828151],[-116.994263,32.82771],[-116.994259,32.827617],[-116.994194,32.827302],[-116.993909,32.827281],[-116.993735,32.826811],[-116.993645,32.826729],[-116.993637,32.826722],[-116.993611,32.826294],[-116.993765,32.826279],[-116.993934,32.826265],[-116.993788,32.826005],[-116.993713,32.82587],[-116.993617,32.825892],[-116.993332,32.825961],[-116.993237,32.825985],[-116.993063,32.826018],[-116.993014,32.826023],[-116.992805,32.826051],[-116.992578,32.826065],[-116.99235,32.826066],[-116.99234,32.826065],[-116.992115,32.826053],[-116.992056,32.826048],[-116.991876,32.826026],[-116.991454,32.825976],[-116.991211,32.825952],[-116.991159,32.825949],[-116.990919,32.825936],[-116.990805,32.825933],[-116.990712,32.825933],[-116.99048,32.825935],[-116.990187,32.825949],[-116.990093,32.825957],[-116.989888,32.825975],[-116.989681,32.825995],[-116.989063,32.826059],[-116.988857,32.82608],[-116.988793,32.826084],[-116.988602,32.826099],[-116.988539,32.826104],[-116.988097,32.826138],[-116.987764,32.826164],[-116.987562,32.82619],[-116.987308,32.826238],[-116.987074,32.826297],[-116.987073,32.826297],[-116.986816,32.826381],[-116.986798,32.826386],[-116.986595,32.82647],[-116.986394,32.826566],[-116.986383,32.826571],[-116.98629,32.826622],[-116.985982,32.8268],[-116.98588,32.826859],[-116.98571,32.826957],[-116.98549,32.827075],[-116.985476,32.827083],[-116.985316,32.827159],[-116.985138,32.827227],[-116.984222,32.827498],[-116.983803,32.827625],[-116.983795,32.827625],[-116.983885,32.827945],[-116.983939,32.828133],[-116.983991,32.82839],[-116.98402,32.828622],[-116.984033,32.828869],[-116.984031,32.82893],[-116.984026,32.829116],[-116.984022,32.829168],[-116.984008,32.829264],[-116.983987,32.829411],[-116.983975,32.829503],[-116.98394,32.829755],[-116.983925,32.829855],[-116.983905,32.830003],[-116.983893,32.830083],[-116.983859,32.830323],[-116.983848,32.830405],[-116.983642,32.830421],[-116.983628,32.83033],[-116.983623,32.830298],[-116.98361,32.830209],[-116.983606,32.830179],[-116.983586,32.830047],[-116.983542,32.829746],[-116.98352,32.829653],[-116.983491,32.829524],[-116.983438,32.829528],[-116.982774,32.82971],[-116.982163,32.829938],[-116.981966,32.830012],[-116.981725,32.830084],[-116.981741,32.830457],[-116.981668,32.830515],[-116.981593,32.830575],[-116.980512,32.830538],[-116.980521,32.830316],[-116.97995,32.830241],[-116.979297,32.830156],[-116.978568,32.830022],[-116.977943,32.829909],[-116.97761,32.829849],[-116.977558,32.829847],[-116.976849,32.829845],[-116.976776,32.829845],[-116.976362,32.829822],[-116.976128,32.829809],[-116.975869,32.829809],[-116.975812,32.829569],[-116.975274,32.829569],[-116.973663,32.829569],[-116.973126,32.82957],[-116.972879,32.829569],[-116.972824,32.82957],[-116.972142,32.829569],[-116.971896,32.82957],[-116.971831,32.829565],[-116.971727,32.82946],[-116.971695,32.829345],[-116.971675,32.828971],[-116.971675,32.828531],[-116.971655,32.828377],[-116.971538,32.828278],[-116.971083,32.828187],[-116.968151,32.827603],[-116.966659,32.827355],[-116.965559,32.827158],[-116.965426,32.827132],[-116.964757,32.827004],[-116.964451,32.826977],[-116.964301,32.826911],[-116.964197,32.826768],[-116.96408,32.826685],[-116.9638,32.826663],[-116.96364,32.826624],[-116.963461,32.826581],[-116.963452,32.826579],[-116.963077,32.82652],[-116.962897,32.826434],[-116.96281,32.826394],[-116.962715,32.826378],[-116.962329,32.826612],[-116.962328,32.827201],[-116.962328,32.827498],[-116.962327,32.828578],[-116.962328,32.828969],[-116.962332,32.829559],[-116.962332,32.829636],[-116.96246,32.829863],[-116.962958,32.830747],[-116.963125,32.831042],[-116.96308,32.831041],[-116.962945,32.831038],[-116.9629,32.831037],[-116.962725,32.831034],[-116.962202,32.831024],[-116.962028,32.831023],[-116.961973,32.831021],[-116.961811,32.831018],[-116.961757,32.831017],[-116.961736,32.83019],[-116.96172,32.829545],[-116.961717,32.82941],[-116.961676,32.827712],[-116.961656,32.826886],[-116.961654,32.826833],[-116.961654,32.826832],[-116.961646,32.826679],[-116.961644,32.826628],[-116.961628,32.826327],[-116.961628,32.826324],[-116.96158,32.82579],[-116.961533,32.825428],[-116.961515,32.825285],[-116.96149,32.82513],[-116.96146,32.824954],[-116.961436,32.824804],[-116.961358,32.824421],[-116.961329,32.824275],[-116.961202,32.82375],[-116.960855,32.822319],[-116.960686,32.821619],[-116.960681,32.821599],[-116.960666,32.82154],[-116.960662,32.821521],[-116.960616,32.821038],[-116.960598,32.820843],[-116.960555,32.820522],[-116.960508,32.820043],[-116.960482,32.819592],[-116.960481,32.819563],[-116.960473,32.819109],[-116.960476,32.818876],[-116.960496,32.818409],[-116.960509,32.818243],[-116.960533,32.81797],[-116.96059,32.817505],[-116.960669,32.817029],[-116.96075,32.816636],[-116.960847,32.816233],[-116.960971,32.815791],[-116.961002,32.815694],[-116.961117,32.815341],[-116.961288,32.814877],[-116.96131,32.814811],[-116.961378,32.814572],[-116.961414,32.814451],[-116.961503,32.814073],[-116.961572,32.813707],[-116.961581,32.81364],[-116.961624,32.813325],[-116.961642,32.813125],[-116.9617,32.812528],[-116.96171,32.81243],[-116.96172,32.81233],[-116.961732,32.812147],[-116.961771,32.811597],[-116.961776,32.811535],[-116.961783,32.811416],[-116.961792,32.811247],[-116.961823,32.810741],[-116.961833,32.810573],[-116.961866,32.809995],[-116.961877,32.809804],[-116.961899,32.809426],[-116.961924,32.808259],[-116.961937,32.807681],[-116.961955,32.807063],[-116.961988,32.806012],[-116.962014,32.805807],[-116.962057,32.805591],[-116.962112,32.80539],[-116.962167,32.805231],[-116.962186,32.805179],[-116.96227,32.804985],[-116.962369,32.804793],[-116.96244,32.804679],[-116.962421,32.80451],[-116.962418,32.804473],[-116.962416,32.804427],[-116.962405,32.804091],[-116.962404,32.804001],[-116.962404,32.803832],[-116.962403,32.803717],[-116.962402,32.803375],[-116.962402,32.803261],[-116.962401,32.80323],[-116.962401,32.803142],[-116.962401,32.803113],[-116.962254,32.803117],[-116.961544,32.803117],[-116.958974,32.803117],[-116.958118,32.803118],[-116.957855,32.803119],[-116.957069,32.803123],[-116.956807,32.803127],[-116.956596,32.803128],[-116.955962,32.803133],[-116.953292,32.803147],[-116.95296,32.80315],[-116.950981,32.803159],[-116.950978,32.803159],[-116.950978,32.803119],[-116.950979,32.802999],[-116.95098,32.802961],[-116.950979,32.802908],[-116.950978,32.802749],[-116.950978,32.802697],[-116.951933,32.802742],[-116.952055,32.802747],[-116.952772,32.801921],[-116.952751,32.801036],[-116.952496,32.800543],[-116.952588,32.800553],[-116.952691,32.800552],[-116.952745,32.798592],[-116.950971,32.798634],[-116.950971,32.798347],[-116.950971,32.79816],[-116.95097,32.797989],[-116.950967,32.797475],[-116.950967,32.797305],[-116.951113,32.797258],[-116.951554,32.79712],[-116.951701,32.797076],[-116.951696,32.797395],[-116.951823,32.797466],[-116.952483,32.797483],[-116.953179,32.797501],[-116.953165,32.795428],[-116.952742,32.795397],[-116.95256,32.795384],[-116.952006,32.795345],[-116.951978,32.79557],[-116.951724,32.795546],[-116.951712,32.795633],[-116.951562,32.795628],[-116.951112,32.795613],[-116.950963,32.795609],[-116.950962,32.795471],[-116.950961,32.795059],[-116.950961,32.794922],[-116.950636,32.794921],[-116.950278,32.79492],[-116.949661,32.794919],[-116.949337,32.794919],[-116.949155,32.794919],[-116.948611,32.794919],[-116.94843,32.79492],[-116.948384,32.794919],[-116.948247,32.794918],[-116.948202,32.794918],[-116.947478,32.794916],[-116.94531,32.794916],[-116.944587,32.794917],[-116.944587,32.794655],[-116.944588,32.79387],[-116.944589,32.793609],[-116.944589,32.793436],[-116.944591,32.792924],[-116.944592,32.792754],[-116.944592,32.792608],[-116.944592,32.79217],[-116.944593,32.792025],[-116.944593,32.791882],[-116.944593,32.791452],[-116.944594,32.791311],[-116.94514,32.79131],[-116.94678,32.791309],[-116.947327,32.791309],[-116.9475,32.791309],[-116.948022,32.791309],[-116.948196,32.79131],[-116.948196,32.790759],[-116.948197,32.789548],[-116.948197,32.789109],[-116.948197,32.789057],[-116.947418,32.78868],[-116.947377,32.788701],[-116.946835,32.788709],[-116.946726,32.788702],[-116.946709,32.788701],[-116.946666,32.788696],[-116.946621,32.788669],[-116.946576,32.788637],[-116.946538,32.788588],[-116.946537,32.788586],[-116.945786,32.788601],[-116.944599,32.788224],[-116.944599,32.788112],[-116.9446,32.787775],[-116.944601,32.787664],[-116.944436,32.787664],[-116.944433,32.786922],[-116.944752,32.786924],[-116.945049,32.786921],[-116.945049,32.786242],[-116.945096,32.786261],[-116.945115,32.786272],[-116.945163,32.786299],[-116.945219,32.78633],[-116.945322,32.786372],[-116.945336,32.786379],[-116.945374,32.786391],[-116.9455,32.78642],[-116.946007,32.786479],[-116.946238,32.786508],[-116.946238,32.786016],[-116.946237,32.785992],[-116.946237,32.785546],[-116.945139,32.785545],[-116.944625,32.785546],[-116.944544,32.785345],[-116.944424,32.785046],[-116.944304,32.784746],[-116.944225,32.784546],[-116.944113,32.784338],[-116.94406,32.784325],[-116.943814,32.784267],[-116.943211,32.784126],[-116.942894,32.784053],[-116.942789,32.784027],[-116.942809,32.784025],[-116.942872,32.784025],[-116.942893,32.784026],[-116.942844,32.783988],[-116.942833,32.78398],[-116.942774,32.783914],[-116.942733,32.783844],[-116.942703,32.783791],[-116.942517,32.783841],[-116.942449,32.783852],[-116.942358,32.783869],[-116.942255,32.783881],[-116.942095,32.783888],[-116.941982,32.783876],[-116.941874,32.783847],[-116.941787,32.78381],[-116.941694,32.783755],[-116.94147,32.783622],[-116.940731,32.783185],[-116.940616,32.783133],[-116.940602,32.783128],[-116.940481,32.783087],[-116.940323,32.783051],[-116.9394,32.78291],[-116.939306,32.78289],[-116.939217,32.782855],[-116.939139,32.782807],[-116.938035,32.781898],[-116.937767,32.781678],[-116.93771,32.781612],[-116.937668,32.781537],[-116.937648,32.781477],[-116.9376,32.781137],[-116.937579,32.781094],[-116.937573,32.781087],[-116.937521,32.781018],[-116.937467,32.780967],[-116.937459,32.780962],[-116.937389,32.780917],[-116.937302,32.78088],[-116.93724,32.780864],[-116.93698,32.780805],[-116.936815,32.780768],[-116.936536,32.781363],[-116.936525,32.781389],[-116.936431,32.782016],[-116.936405,32.781635],[-116.935671,32.781284],[-116.934557,32.781294],[-116.93456,32.781091],[-116.934,32.781091],[-116.933648,32.781088],[-116.933182,32.781084],[-116.932381,32.781084],[-116.932321,32.781083],[-116.932148,32.781083],[-116.932155,32.781035],[-116.932146,32.779008],[-116.932141,32.778216],[-116.932145,32.776767],[-116.9288,32.776817],[-116.92844,32.775499],[-116.929582,32.774973],[-116.929776,32.774884],[-116.930163,32.774706],[-116.93021,32.774696],[-116.930259,32.774699],[-116.93028,32.774518],[-116.930284,32.77449],[-116.930312,32.774426],[-116.932215,32.77445],[-116.932222,32.773681],[-116.931697,32.773064],[-116.931518,32.773082],[-116.929697,32.773086],[-116.929618,32.773084],[-116.92962,32.770699],[-116.929935,32.770705],[-116.930966,32.770722],[-116.93126,32.770727],[-116.931738,32.770736],[-116.931742,32.770387],[-116.931744,32.770307],[-116.931799,32.770307],[-116.931731,32.769401],[-116.931716,32.769193],[-116.931705,32.769054],[-116.931487,32.769009],[-116.931269,32.768971],[-116.930978,32.768939],[-116.930948,32.768937],[-116.930705,32.768922],[-116.929716,32.768901],[-116.932553,32.765608],[-116.936453,32.765988],[-116.936454,32.765891],[-116.936447,32.765797],[-116.936456,32.765796],[-116.936466,32.7657],[-116.936498,32.765411],[-116.93651,32.765315],[-116.936517,32.765048],[-116.93654,32.764254],[-116.936549,32.763989],[-116.936547,32.763649],[-116.936547,32.76333],[-116.936572,32.762006],[-116.942741,32.762099],[-116.942428,32.762024],[-116.94234,32.761999],[-116.942151,32.761946],[-116.942082,32.761925],[-116.941121,32.761629],[-116.938239,32.760742],[-116.93814,32.760713],[-116.937873,32.760612],[-116.937615,32.760495],[-116.937546,32.76046],[-116.937324,32.760335],[-116.937478,32.760333],[-116.937943,32.760331],[-116.938098,32.760331],[-116.938127,32.760213],[-116.938136,32.760179],[-116.9383,32.760046],[-116.938345,32.75994],[-116.938393,32.759829],[-116.938371,32.758802],[-116.938369,32.758708],[-116.938365,32.758625],[-116.938378,32.758544],[-116.938408,32.758466],[-116.938492,32.758322],[-116.938646,32.758442],[-116.941019,32.758519],[-116.942046,32.758555],[-116.945052,32.758592],[-116.945053,32.758088],[-116.945055,32.757161],[-116.945652,32.757182],[-116.945667,32.758631],[-116.949317,32.758857],[-116.949343,32.758595],[-116.949759,32.758595],[-116.950934,32.758596],[-116.95358,32.758595],[-116.953531,32.756871],[-116.953661,32.756875],[-116.953782,32.756864],[-116.954071,32.756843],[-116.954227,32.75683],[-116.954296,32.756825],[-116.954432,32.75683],[-116.95457,32.756851],[-116.954693,32.756884],[-116.954709,32.75689],[-116.954839,32.756946],[-116.954857,32.756954],[-116.954968,32.757019],[-116.955354,32.75725],[-116.955483,32.757327],[-116.955624,32.75741],[-116.956049,32.757665],[-116.956084,32.757686],[-116.956198,32.757738],[-116.956296,32.757771],[-116.956422,32.7578],[-116.95655,32.757814],[-116.956968,32.757815],[-116.957826,32.75782],[-116.959306,32.757823],[-116.959683,32.757824],[-116.959689,32.757973],[-116.957966,32.757973],[-116.957895,32.758608],[-116.956738,32.758608],[-116.956738,32.75972],[-116.957659,32.75968],[-116.958051,32.759919],[-116.95805,32.759988],[-116.958035,32.760041],[-116.958,32.760103],[-116.957947,32.760155],[-116.957887,32.7602],[-116.95786,32.760234],[-116.95784,32.760286],[-116.957835,32.760304],[-116.957802,32.760364],[-116.957753,32.760415],[-116.95775,32.760463],[-116.957702,32.760554],[-116.957678,32.760648],[-116.957675,32.760731],[-116.957687,32.760812],[-116.957714,32.760889],[-116.957715,32.760891],[-116.957758,32.760965],[-116.957825,32.761043],[-116.957896,32.7611],[-116.957935,32.761124],[-116.957991,32.761153],[-116.95807,32.761182],[-116.957187,32.760904],[-116.957112,32.760868],[-116.957011,32.760799],[-116.956927,32.760715],[-116.956877,32.760644],[-116.95687,32.76063],[-116.956828,32.760545],[-116.956777,32.760459],[-116.956701,32.760369],[-116.95661,32.760291],[-116.956518,32.760234],[-116.955487,32.759831],[-116.955451,32.759822],[-116.95537,32.759815],[-116.95529,32.759825],[-116.955215,32.759851],[-116.955162,32.759883],[-116.955108,32.759934],[-116.95507,32.759994],[-116.955066,32.760004],[-116.955039,32.760083],[-116.95503,32.760165],[-116.955039,32.760247],[-116.955065,32.760326],[-116.955174,32.760518],[-116.955207,32.760595],[-116.955225,32.760687],[-116.95522,32.76093],[-116.955228,32.761026],[-116.955251,32.761106],[-116.955288,32.761182],[-116.955347,32.761264],[-116.955423,32.761335],[-116.955499,32.761387],[-116.955725,32.761597],[-116.955761,32.761637],[-116.955766,32.761645],[-116.955797,32.761699],[-116.955816,32.761766],[-116.955817,32.761834],[-116.955806,32.761888],[-116.955776,32.761954],[-116.955732,32.762009],[-116.955701,32.762082],[-116.955688,32.76215],[-116.955689,32.762232],[-116.955748,32.76246],[-116.955756,32.762553],[-116.955749,32.762947]]]}},{"type":"Feature","properties":{"ZCTA5CE10":"91978","GEOID10":"91978"},"geometry":{"type":"Polygon","coordinates":[[[-116.968902,32.725673],[-116.969292,32.725926],[-116.969322,32.725945],[-116.969467,32.726054],[-116.969592,32.726162],[-116.969738,32.726308],[-116.969739,32.726309],[-116.96987,32.726467],[-116.969977,32.726621],[-116.97019,32.726976],[-116.97043,32.727376],[-116.970521,32.727528],[-116.970797,32.727989],[-116.97089,32.728143],[-116.971022,32.728379],[-116.97116,32.728668],[-116.971162,32.728672],[-116.971266,32.728932],[-116.971357,32.72921],[-116.971426,32.729479],[-116.971478,32.72975],[-116.971514,32.730037],[-116.971544,32.73039],[-116.971596,32.730981],[-116.971593,32.731389],[-116.971585,32.732616],[-116.971583,32.733026],[-116.971582,32.733108],[-116.971581,32.733356],[-116.971581,32.73344],[-116.971578,32.734043],[-116.971569,32.735858],[-116.971569,32.735997],[-116.971586,32.73623],[-116.971619,32.73646],[-116.97162,32.736462],[-116.971625,32.736486],[-116.971642,32.736568],[-116.971648,32.736596],[-116.971704,32.73681],[-116.971767,32.736995],[-116.971781,32.737035],[-116.972171,32.737935],[-116.972251,32.738152],[-116.972267,32.738197],[-116.972347,32.738463],[-116.97237,32.738554],[-116.972391,32.73865],[-116.972429,32.738824],[-116.972447,32.738943],[-116.972462,32.739042],[-116.972489,32.73931],[-116.972492,32.73933],[-116.972503,32.739632],[-116.972493,32.739934],[-116.972475,32.740119],[-116.97245,32.740389],[-116.972429,32.740612],[-116.972366,32.741284],[-116.972353,32.741426],[-116.972352,32.741509],[-116.972355,32.741692],[-116.972356,32.741728],[-116.97238,32.741947],[-116.972421,32.742164],[-116.97244,32.742238],[-116.972459,32.742308],[-116.972493,32.742415],[-116.97255,32.74264],[-116.972605,32.742853],[-116.972664,32.742996],[-116.972753,32.743158],[-116.972832,32.743271],[-116.972843,32.743288],[-116.972946,32.743412],[-116.972977,32.74345],[-116.972982,32.743451],[-116.973757,32.744023],[-116.974186,32.744309],[-116.97433,32.744405],[-116.974411,32.744459],[-116.974657,32.744621],[-116.974739,32.744675],[-116.973611,32.744664],[-116.972486,32.744654],[-116.970227,32.744636],[-116.969099,32.744628],[-116.967429,32.744574],[-116.967009,32.744574],[-116.966232,32.744635],[-116.966216,32.744636],[-116.965621,32.744708],[-116.964972,32.744815],[-116.964334,32.744947],[-116.963953,32.745041],[-116.962812,32.745322],[-116.962432,32.745417],[-116.962344,32.745441],[-116.962081,32.745517],[-116.961994,32.745543],[-116.96115,32.74561],[-116.959981,32.745705],[-116.958805,32.7458],[-116.958653,32.7458],[-116.958619,32.745797],[-116.958473,32.745785],[-116.958295,32.745754],[-116.958121,32.745707],[-116.957982,32.745657],[-116.957901,32.745622],[-116.957811,32.745574],[-116.957516,32.745401],[-116.957234,32.745216],[-116.956963,32.74502],[-116.956706,32.744818],[-116.95653,32.744676],[-116.956408,32.744565],[-116.956364,32.744525],[-116.9562,32.744354],[-116.956042,32.744163],[-116.955162,32.742921],[-116.954348,32.741773],[-116.954225,32.741628],[-116.954089,32.741491],[-116.953963,32.741384],[-116.953176,32.740773],[-116.953031,32.740675],[-116.95296,32.740627],[-116.952746,32.740502],[-116.952023,32.740121],[-116.951726,32.73998],[-116.951496,32.739881],[-116.951075,32.739735],[-116.950678,32.739612],[-116.950263,32.739494],[-116.949953,32.73941],[-116.949805,32.739376],[-116.949639,32.739342],[-116.949336,32.73929],[-116.94903,32.739252],[-116.94869,32.739226],[-116.948332,32.739217],[-116.947991,32.739226],[-116.947667,32.73925],[-116.944869,32.739567],[-116.944542,32.739603],[-116.944243,32.739636],[-116.943565,32.739712],[-116.943401,32.739712],[-116.943256,32.739696],[-116.943114,32.739667],[-116.942962,32.739618],[-116.942833,32.73956],[-116.94281,32.739548],[-116.942678,32.739468],[-116.94256,32.739374],[-116.942456,32.739268],[-116.94237,32.739151],[-116.942322,32.739064],[-116.942302,32.739027],[-116.942286,32.738987],[-116.9422,32.738816],[-116.941139,32.736699],[-116.941088,32.736569],[-116.941016,32.73633],[-116.940978,32.736173],[-116.940954,32.73607],[-116.940908,32.735806],[-116.940879,32.735541],[-116.940866,32.735249],[-116.940871,32.735209],[-116.940885,32.73508],[-116.940889,32.735044],[-116.9409,32.73477],[-116.940897,32.734693],[-116.940894,32.734564],[-116.940876,32.734383],[-116.940874,32.73436],[-116.940842,32.734156],[-116.940779,32.733887],[-116.940767,32.733851],[-116.940718,32.733688],[-116.940714,32.733678],[-116.940691,32.733615],[-116.940645,32.733492],[-116.940618,32.733434],[-116.940591,32.733375],[-116.940528,32.733237],[-116.940492,32.733168],[-116.94044,32.733099],[-116.939871,32.732345],[-116.939682,32.732094],[-116.940019,32.732012],[-116.940028,32.732008],[-116.940292,32.731916],[-116.940498,32.731802],[-116.94066,32.731642],[-116.940816,32.731399],[-116.940833,32.731364],[-116.940994,32.731047],[-116.940727,32.730925],[-116.940549,32.730871],[-116.940226,32.730777],[-116.939933,32.730744],[-116.93951,32.730777],[-116.939334,32.730744],[-116.939187,32.730606],[-116.939087,32.730513],[-116.938951,32.730485],[-116.938842,32.730314],[-116.939882,32.729365],[-116.939913,32.729333],[-116.939965,32.729263],[-116.94,32.729186],[-116.940018,32.729106],[-116.940017,32.729013],[-116.940001,32.728944],[-116.939972,32.728878],[-116.939924,32.728806],[-116.939861,32.728744],[-116.939318,32.728376],[-116.93926,32.728351],[-116.939005,32.728289],[-116.938961,32.728282],[-116.938867,32.72825],[-116.938801,32.728211],[-116.938381,32.72801],[-116.938338,32.727992],[-116.938247,32.727959],[-116.938108,32.727921],[-116.937721,32.727851],[-116.937592,32.727825],[-116.937425,32.727777],[-116.937276,32.727722],[-116.93712,32.727648],[-116.936699,32.727401],[-116.936629,32.727367],[-116.936543,32.727341],[-116.936214,32.727272],[-116.936105,32.727243],[-116.935989,32.727195],[-116.935888,32.727136],[-116.935799,32.727066],[-116.934557,32.725764],[-116.93443,32.725626],[-116.934393,32.725591],[-116.933909,32.725264],[-116.933806,32.725176],[-116.933706,32.725068],[-116.933358,32.724583],[-116.933293,32.724504],[-116.933226,32.724444],[-116.932035,32.723676],[-116.931955,32.723608],[-116.931887,32.723531],[-116.927427,32.72495],[-116.925472,32.727019],[-116.924794,32.727737],[-116.922892,32.72975],[-116.920027,32.732783],[-116.91959,32.732659],[-116.919104,32.729888],[-116.917715,32.729956],[-116.916561,32.730013],[-116.914635,32.73011],[-116.914351,32.732612],[-116.913565,32.732524],[-116.913499,32.732511],[-116.912381,32.732303],[-116.911261,32.732019],[-116.91099,32.731959],[-116.910849,32.731928],[-116.910524,32.731949],[-116.910146,32.732031],[-116.910104,32.731927],[-116.910023,32.731684],[-116.909977,32.731544],[-116.909925,32.731329],[-116.909895,32.731123],[-116.909806,32.730606],[-116.909745,32.730244],[-116.909716,32.730075],[-116.909631,32.729574],[-116.909603,32.729407],[-116.909583,32.729291],[-116.909523,32.728943],[-116.909504,32.728827],[-116.909465,32.728597],[-116.909348,32.727908],[-116.90931,32.727679],[-116.909227,32.727719],[-116.909113,32.727776],[-116.908975,32.727832],[-116.90897,32.727835],[-116.908889,32.727865],[-116.908807,32.727769],[-116.908564,32.727482],[-116.908483,32.727387],[-116.908344,32.727418],[-116.908338,32.72742],[-116.908116,32.7275],[-116.908063,32.727673],[-116.908022,32.727809],[-116.907894,32.727742],[-116.907513,32.727541],[-116.907469,32.727518],[-116.907377,32.727531],[-116.907307,32.72754],[-116.907228,32.727628],[-116.907144,32.727897],[-116.907072,32.728035],[-116.906968,32.728145],[-116.906792,32.728161],[-116.906188,32.727518],[-116.906077,32.727479],[-116.905947,32.727539],[-116.905784,32.727704],[-116.905747,32.727804],[-116.905719,32.727886],[-116.905556,32.727952],[-116.90542,32.727891],[-116.905121,32.727682],[-116.904867,32.7276],[-116.904392,32.727506],[-116.904223,32.727561],[-116.903709,32.7275],[-116.903384,32.727407],[-116.902993,32.727352],[-116.902753,32.727264],[-116.902636,32.727154],[-116.902545,32.727044],[-116.902304,32.727022],[-116.902148,32.726901],[-116.90194,32.726851],[-116.901725,32.726758],[-116.9014,32.726774],[-116.901172,32.726933],[-116.900879,32.726955],[-116.900684,32.72706],[-116.900729,32.727263],[-116.900677,32.727533],[-116.900593,32.727588],[-116.900222,32.727648],[-116.899948,32.727917],[-116.899566,32.72815],[-116.899499,32.728192],[-116.899194,32.728225],[-116.89881,32.728219],[-116.898556,32.728296],[-116.898179,32.728555],[-116.897782,32.728802],[-116.897336,32.72897],[-116.897066,32.728994],[-116.896258,32.729072],[-116.895989,32.729098],[-116.895973,32.729092],[-116.895828,32.72903],[-116.895784,32.729012],[-116.895575,32.728906],[-116.895369,32.728779],[-116.895352,32.728769],[-116.895228,32.728678],[-116.895167,32.728634],[-116.894997,32.728487],[-116.89485,32.72834],[-116.894699,32.72816],[-116.894636,32.728073],[-116.894505,32.727835],[-116.892904,32.724923],[-116.892888,32.724885],[-116.892851,32.723802],[-116.892631,32.714692],[-116.911083,32.714528],[-116.919303,32.714315],[-116.919937,32.7143],[-116.919937,32.714286],[-116.920425,32.714504],[-116.921204,32.714774],[-116.921311,32.714824],[-116.921511,32.714957],[-116.921617,32.71502],[-116.92173,32.715074],[-116.921878,32.715132],[-116.922589,32.715335],[-116.923274,32.71553],[-116.923331,32.715544],[-116.923458,32.715565],[-116.923572,32.715572],[-116.923702,32.715567],[-116.92383,32.715548],[-116.92414,32.715465],[-116.924304,32.715436],[-116.924843,32.715394],[-116.92494,32.715399],[-116.925034,32.715422],[-116.9252,32.715497],[-116.925838,32.715793],[-116.92593,32.71582],[-116.926412,32.715897],[-116.926487,32.715921],[-116.92672,32.716055],[-116.926812,32.716094],[-116.926905,32.71612],[-116.927418,32.716194],[-116.927509,32.716214],[-116.92765,32.716275],[-116.927711,32.716324],[-116.927728,32.716349],[-116.927749,32.716374],[-116.927756,32.716407],[-116.927766,32.71644],[-116.927732,32.713563],[-116.930813,32.713537],[-116.941487,32.713448],[-116.945426,32.713416],[-116.945462,32.717986],[-116.945499,32.722479],[-116.94561,32.722349],[-116.945784,32.72223],[-116.946053,32.722018],[-116.946325,32.721701],[-116.946475,32.721334],[-116.946642,32.72081],[-116.946752,32.720549],[-116.946841,32.720339],[-116.947111,32.720022],[-116.947492,32.719743],[-116.947854,32.719544],[-116.948311,32.719368],[-116.948768,32.719257],[-116.9491,32.719175],[-116.949638,32.718788],[-116.949941,32.718486],[-116.950383,32.718193],[-116.950753,32.717707],[-116.950978,32.717365],[-116.951079,32.71705],[-116.951024,32.716815],[-116.951001,32.71658],[-116.951007,32.71637],[-116.951134,32.716239],[-116.951292,32.716158],[-116.951639,32.715997],[-116.951957,32.715732],[-116.952274,32.715416],[-116.952846,32.714888],[-116.953607,32.714279],[-116.95374,32.714174],[-116.954495,32.713591],[-116.955321,32.712851],[-116.955625,32.71261],[-116.955954,32.712348],[-116.956523,32.712001],[-116.957405,32.712121],[-116.957516,32.711577],[-116.957555,32.711179],[-116.957612,32.710594],[-116.957743,32.70927],[-116.957807,32.708622],[-116.958081,32.707549],[-116.958357,32.706473],[-116.958761,32.705496],[-116.959368,32.704812],[-116.960004,32.704519],[-116.961333,32.704276],[-116.961467,32.70431],[-116.962344,32.704544],[-116.96273,32.704724],[-116.963115,32.704903],[-116.963324,32.704996],[-116.963453,32.705053],[-116.963534,32.705089],[-116.964171,32.705372],[-116.96447,32.705505],[-116.964809,32.705656],[-116.965731,32.706206],[-116.968498,32.707856],[-116.969421,32.708407],[-116.97061,32.709029],[-116.971152,32.709186],[-116.971473,32.70928],[-116.97597,32.708433],[-116.976765,32.708281],[-116.977304,32.708181],[-116.978639,32.70793],[-116.978735,32.70811],[-116.978831,32.70829],[-116.97903,32.708663],[-116.979229,32.709036],[-116.979407,32.70937],[-116.979892,32.710277],[-116.979987,32.711495],[-116.979577,32.712102],[-116.979548,32.71213],[-116.979252,32.712412],[-116.978956,32.712693],[-116.978627,32.713006],[-116.978101,32.713307],[-116.976685,32.714119],[-116.976676,32.714205],[-116.976665,32.714334],[-116.976602,32.71445],[-116.976561,32.714527],[-116.976749,32.714633],[-116.976758,32.71464],[-116.977312,32.714959],[-116.9775,32.715068],[-116.977443,32.71512],[-116.977275,32.715275],[-116.977219,32.715328],[-116.977108,32.715445],[-116.976828,32.715746],[-116.976778,32.715798],[-116.976668,32.715917],[-116.976545,32.71606],[-116.976287,32.716385],[-116.975771,32.717036],[-116.975163,32.717807],[-116.974789,32.718281],[-116.974666,32.718437],[-116.974535,32.718584],[-116.974486,32.718642],[-116.973724,32.719453],[-116.973454,32.719742],[-116.973136,32.72008],[-116.972723,32.720523],[-116.972487,32.720802],[-116.972267,32.721091],[-116.972233,32.721138],[-116.972131,32.721287],[-116.971974,32.721523],[-116.971845,32.721715],[-116.971624,32.72205],[-116.971448,32.722284],[-116.971309,32.722469],[-116.970827,32.723109],[-116.969383,32.725032],[-116.968902,32.725673]]]}},{"type":"Feature","properties":{"ZCTA5CE10":"92040","GEOID10":"92040"},"geometry":{"type":"Polygon","coordinates":[[[-116.948866,32.918332],[-116.94871,32.918491],[-116.948569,32.918659],[-116.948435,32.918848],[-116.948319,32.919045],[-116.948233,32.919223],[-116.948185,32.919345],[-116.948148,32.919445],[-116.948089,32.919659],[-116.948053,32.919849],[-116.948049,32.919887],[-116.948032,32.920063],[-116.947971,32.921044],[-116.947932,32.921248],[-116.94788,32.921435],[-116.947801,32.921645],[-116.94771,32.921836],[-116.947595,32.922033],[-116.947461,32.922221],[-116.94731,32.922401],[-116.947142,32.922569],[-116.946984,32.922704],[-116.946974,32.922714],[-116.946809,32.922837],[-116.94598,32.923417],[-116.945864,32.923537],[-116.945751,32.923683],[-116.94566,32.92383],[-116.945592,32.923969],[-116.945535,32.924127],[-116.945499,32.924275],[-116.945478,32.924425],[-116.945473,32.92459],[-116.945488,32.924754],[-116.945491,32.924773],[-116.945517,32.924903],[-116.945567,32.925063],[-116.945628,32.925205],[-116.945718,32.925363],[-116.945812,32.925495],[-116.94587,32.925564],[-116.946507,32.926275],[-116.947043,32.92689],[-116.947193,32.927036],[-116.947367,32.92718],[-116.947557,32.92731],[-116.947731,32.927411],[-116.947919,32.927503],[-116.94813,32.927588],[-116.948637,32.927771],[-116.949168,32.927963],[-116.949359,32.928047],[-116.949562,32.928156],[-116.949731,32.928264],[-116.949901,32.928391],[-116.949966,32.928446],[-116.951112,32.929734],[-116.952292,32.931059],[-116.952424,32.931232],[-116.952533,32.931401],[-116.952634,32.931589],[-116.952719,32.931782],[-116.952787,32.93198],[-116.952818,32.932096],[-116.953162,32.933534],[-116.953244,32.9338],[-116.953356,32.934087],[-116.953425,32.934233],[-116.953484,32.934355],[-116.953616,32.934591],[-116.954315,32.93571],[-116.95443,32.935895],[-116.954589,32.936182],[-116.954719,32.936449],[-116.954813,32.936673],[-116.954839,32.936733],[-116.954948,32.937036],[-116.955042,32.937356],[-116.955114,32.937666],[-116.955165,32.937965],[-116.955322,32.939253],[-116.955357,32.939543],[-116.955403,32.939801],[-116.955418,32.939866],[-116.95547,32.940084],[-116.95555,32.94035],[-116.955651,32.940626],[-116.955704,32.940756],[-116.955766,32.940894],[-116.955842,32.941049],[-116.955896,32.94116],[-116.956043,32.941421],[-116.956095,32.941502],[-116.956159,32.941602],[-116.956189,32.94165],[-116.95638,32.941906],[-116.956596,32.942164],[-116.956724,32.9423],[-116.956819,32.942401],[-116.957023,32.942597],[-116.957237,32.942786],[-116.95751,32.943002],[-116.957771,32.943189],[-116.958083,32.943388],[-116.958367,32.943549],[-116.95866,32.943698],[-116.958776,32.94375],[-116.958976,32.94384],[-116.959553,32.944077],[-116.960307,32.944386],[-116.960399,32.944424],[-116.960683,32.944558],[-116.960946,32.944697],[-116.961212,32.944855],[-116.961467,32.945026],[-116.961711,32.945208],[-116.961909,32.945372],[-116.962119,32.945563],[-116.96231,32.945757],[-116.962327,32.945775],[-116.962512,32.945985],[-116.9627,32.946225],[-116.962819,32.946394],[-116.962969,32.946599],[-116.96342,32.947218],[-116.963571,32.947425],[-116.963951,32.947946],[-116.965094,32.949512],[-116.965475,32.950034],[-116.965962,32.950702],[-116.966137,32.950927],[-116.967958,32.95328],[-116.968164,32.953581],[-116.968526,32.95411],[-116.968786,32.954506],[-116.968838,32.954585],[-116.968996,32.954825],[-116.969049,32.954905],[-116.96924,32.955202],[-116.969815,32.956094],[-116.970007,32.956392],[-116.970368,32.956952],[-116.971327,32.958441],[-116.971452,32.958635],[-116.971482,32.958681],[-116.971815,32.959195],[-116.972012,32.959499],[-116.97222,32.959821],[-116.972338,32.960077],[-116.972448,32.960365],[-116.972482,32.960476],[-116.972536,32.960653],[-116.972577,32.960827],[-116.972601,32.960927],[-116.972649,32.961213],[-116.972652,32.96125],[-116.972689,32.961623],[-116.972699,32.961898],[-116.972691,32.962145],[-116.972666,32.962406],[-116.972643,32.962539],[-116.97262,32.962678],[-116.972563,32.96292],[-116.972551,32.96296],[-116.971971,32.962959],[-116.971599,32.962958],[-116.968745,32.962955],[-116.967794,32.962954],[-116.962125,32.962951],[-116.962129,32.962918],[-116.962143,32.96282],[-116.962148,32.962787],[-116.958254,32.962865],[-116.957154,32.962887],[-116.953384,32.962962],[-116.953364,32.961752],[-116.953302,32.961708],[-116.953073,32.961638],[-116.952767,32.961623],[-116.952386,32.961639],[-116.951988,32.961707],[-116.95181,32.961782],[-116.951564,32.96202],[-116.951424,32.962051],[-116.951287,32.962104],[-116.95109,32.962295],[-116.950921,32.962433],[-116.950602,32.962498],[-116.950267,32.9625],[-116.949778,32.962525],[-116.949351,32.962495],[-116.949135,32.962493],[-116.9488,32.962555],[-116.948448,32.962571],[-116.947564,32.96251],[-116.947244,32.962509],[-116.946984,32.962585],[-116.946666,32.962716],[-116.946464,32.962821],[-116.946285,32.962844],[-116.946129,32.962807],[-116.945307,32.962424],[-116.944634,32.96218],[-116.944389,32.962165],[-116.944178,32.962241],[-116.943856,32.962388],[-116.943596,32.962447],[-116.943214,32.962447],[-116.942942,32.962384],[-116.942329,32.962243],[-116.94198,32.962203],[-116.941354,32.962248],[-116.940578,32.962247],[-116.939888,32.96199],[-116.93934,32.961913],[-116.939179,32.961848],[-116.93879,32.961578],[-116.938545,32.961524],[-116.938333,32.961564],[-116.938011,32.961684],[-116.937647,32.961769],[-116.937494,32.961767],[-116.936675,32.961774],[-116.936593,32.961754],[-116.936215,32.961664],[-116.935983,32.961665],[-116.935766,32.961848],[-116.935302,32.962109],[-116.934884,32.962424],[-116.934679,32.962478],[-116.934386,32.962493],[-116.934216,32.962524],[-116.934163,32.962569],[-116.934093,32.962632],[-116.933888,32.963007],[-116.933766,32.963293],[-116.93373,32.963353],[-116.933434,32.963318],[-116.932547,32.963213],[-116.932252,32.963179],[-116.93225,32.963176],[-116.932229,32.96311],[-116.932225,32.963056],[-116.932236,32.96299],[-116.932276,32.962892],[-116.932288,32.962815],[-116.932284,32.962732],[-116.932247,32.96259],[-116.932215,32.962498],[-116.932164,32.962398],[-116.932131,32.96233],[-116.93211,32.96225],[-116.932107,32.962168],[-116.931959,32.962131],[-116.931823,32.962084],[-116.931555,32.96195],[-116.931211,32.961779],[-116.931146,32.961758],[-116.931064,32.961718],[-116.930975,32.961658],[-116.930878,32.961567],[-116.930802,32.961516],[-116.930729,32.961485],[-116.930651,32.961466],[-116.930377,32.961435],[-116.930217,32.961425],[-116.930117,32.961414],[-116.930023,32.961392],[-116.929919,32.961352],[-116.929837,32.961307],[-116.929762,32.961251],[-116.929714,32.961194],[-116.929693,32.961149],[-116.929691,32.961108],[-116.929716,32.961042],[-116.929741,32.961007],[-116.929808,32.960947],[-116.929826,32.960917],[-116.929836,32.960869],[-116.929824,32.960823],[-116.92978,32.960749],[-116.929706,32.960663],[-116.929612,32.960536],[-116.929487,32.960334],[-116.929408,32.96023],[-116.929306,32.960126],[-116.929161,32.960001],[-116.929049,32.959922],[-116.928886,32.959831],[-116.928808,32.9598],[-116.928706,32.959772],[-116.928594,32.959757],[-116.928471,32.959757],[-116.928309,32.959755],[-116.928247,32.959742],[-116.928189,32.959715],[-116.928153,32.95968],[-116.928131,32.959633],[-116.928115,32.959536],[-116.928088,32.959471],[-116.928029,32.959395],[-116.928017,32.959378],[-116.927926,32.959249],[-116.927859,32.959161],[-116.927782,32.95909],[-116.927685,32.959028],[-116.927579,32.95898],[-116.927401,32.958912],[-116.927303,32.958868],[-116.927249,32.958852],[-116.926959,32.958815],[-116.926797,32.958805],[-116.926728,32.958809],[-116.926668,32.958829],[-116.926628,32.958853],[-116.926585,32.958894],[-116.926376,32.959167],[-116.926327,32.959225],[-116.926222,32.959321],[-116.926154,32.959398],[-116.926102,32.959484],[-116.926052,32.959619],[-116.925994,32.959726],[-116.925924,32.959819],[-116.92586,32.959896],[-116.925664,32.960138],[-116.925386,32.960657],[-116.925351,32.960734],[-116.925336,32.960815],[-116.925343,32.960904],[-116.925367,32.960977],[-116.925403,32.961038],[-116.925536,32.961187],[-116.925659,32.961329],[-116.925679,32.961358],[-116.925704,32.961415],[-116.925714,32.961477],[-116.925706,32.961541],[-116.925684,32.961597],[-116.925644,32.961652],[-116.925595,32.961694],[-116.925541,32.961725],[-116.925361,32.961787],[-116.925177,32.961875],[-116.925016,32.961968],[-116.924849,32.962084],[-116.92469,32.962217],[-116.924624,32.962284],[-116.924503,32.962407],[-116.924425,32.96247],[-116.924299,32.962556],[-116.924242,32.962586],[-116.924176,32.962623],[-116.924045,32.962679],[-116.923893,32.962729],[-116.923735,32.962763],[-116.923075,32.962849],[-116.923033,32.962857],[-116.922892,32.95525],[-116.918118,32.955233],[-116.917199,32.95506],[-116.917178,32.951559],[-116.917528,32.951554],[-116.91826,32.951545],[-116.918372,32.948305],[-116.915951,32.947583],[-116.916043,32.946444],[-116.915701,32.946412],[-116.914345,32.946285],[-116.914408,32.945092],[-116.913118,32.944972],[-116.91299,32.945409],[-116.912966,32.945456],[-116.912895,32.945597],[-116.912872,32.945645],[-116.912777,32.945825],[-116.911764,32.945753],[-116.911498,32.946516],[-116.908842,32.945872],[-116.907835,32.945628],[-116.907903,32.942732],[-116.907927,32.941712],[-116.90747,32.941985],[-116.905997,32.942994],[-116.905936,32.943066],[-116.905269,32.943871],[-116.90517,32.944732],[-116.905189,32.945526],[-116.904933,32.945973],[-116.904709,32.946414],[-116.904657,32.946535],[-116.904644,32.946629],[-116.904709,32.946953],[-116.904787,32.947052],[-116.904995,32.94719],[-116.905152,32.947322],[-116.905457,32.947788],[-116.905465,32.9478],[-116.905523,32.948075],[-116.90551,32.948312],[-116.905706,32.948774],[-116.90581,32.949131],[-116.905862,32.9495],[-116.905829,32.949703],[-116.905862,32.949818],[-116.905999,32.95006],[-116.906038,32.950352],[-116.906142,32.950561],[-116.906155,32.950891],[-116.906103,32.951182],[-116.906259,32.951595],[-116.906266,32.951793],[-116.906305,32.951875],[-116.906448,32.952046],[-116.906887,32.952447],[-116.906983,32.952535],[-116.907068,32.952673],[-116.907165,32.952898],[-116.907185,32.953014],[-116.907159,32.953239],[-116.907126,32.953327],[-116.907015,32.953498],[-116.906793,32.953706],[-116.906661,32.953872],[-116.906526,32.954042],[-116.906382,32.954152],[-116.906199,32.954245],[-116.905815,32.954553],[-116.905508,32.954679],[-116.905397,32.954773],[-116.905141,32.954912],[-116.905045,32.954965],[-116.904379,32.955207],[-116.903994,32.955416],[-116.90391,32.955559],[-116.903884,32.955801],[-116.903929,32.956021],[-116.903929,32.956257],[-116.90389,32.956439],[-116.903674,32.956867],[-116.903603,32.957225],[-116.903531,32.957412],[-116.903446,32.957511],[-116.903309,32.95761],[-116.90325,32.957648],[-116.903146,32.957769],[-116.902643,32.958181],[-116.902252,32.958434],[-116.901726,32.958697],[-116.901573,32.958775],[-116.901443,32.958868],[-116.901071,32.959209],[-116.90098,32.959319],[-116.900914,32.959385],[-116.90079,32.95955],[-116.900581,32.959885],[-116.900444,32.960017],[-116.90039,32.960065],[-116.900327,32.960122],[-116.90023,32.960213],[-116.900178,32.960263],[-116.899818,32.960606],[-116.899797,32.960628],[-116.899387,32.961089],[-116.899087,32.96137],[-116.898996,32.961496],[-116.898957,32.96159],[-116.898852,32.961711],[-116.898753,32.961807],[-116.898376,32.962176],[-116.898245,32.962304],[-116.898151,32.962373],[-116.897939,32.962535],[-116.897775,32.962689],[-116.897586,32.962969],[-116.897535,32.96302],[-116.897521,32.963035],[-116.897508,32.963085],[-116.897364,32.963228],[-116.897349,32.963249],[-116.897269,32.963215],[-116.897151,32.963164],[-116.896957,32.963082],[-116.896864,32.96306],[-116.89674,32.963025],[-116.896623,32.962977],[-116.896552,32.962938],[-116.8965,32.96291],[-116.896432,32.962868],[-116.896363,32.96284],[-116.896284,32.962827],[-116.896203,32.962832],[-116.8954,32.962917],[-116.89529,32.962945],[-116.895189,32.962988],[-116.894958,32.963126],[-116.894726,32.963246],[-116.894446,32.963411],[-116.894201,32.963572],[-116.893983,32.96373],[-116.893164,32.964362],[-116.893066,32.964434],[-116.892947,32.964502],[-116.892827,32.964556],[-116.892726,32.9646],[-116.892546,32.964661],[-116.892447,32.964709],[-116.892357,32.964768],[-116.892266,32.964847],[-116.892022,32.965099],[-116.891901,32.965203],[-116.891781,32.965291],[-116.891635,32.965373],[-116.891596,32.965391],[-116.891381,32.965512],[-116.89125,32.965567],[-116.891192,32.965587],[-116.891107,32.965617],[-116.891027,32.965631],[-116.890965,32.965634],[-116.890884,32.965625],[-116.890787,32.965629],[-116.890627,32.965659],[-116.890529,32.965662],[-116.890433,32.965649],[-116.890336,32.965618],[-116.890254,32.965574],[-116.889922,32.96542],[-116.8898,32.965381],[-116.889563,32.965329],[-116.889469,32.965289],[-116.889383,32.965236],[-116.889304,32.965166],[-116.889223,32.965077],[-116.889129,32.965001],[-116.889036,32.964945],[-116.888925,32.964896],[-116.888851,32.964862],[-116.888782,32.964814],[-116.888728,32.964758],[-116.888686,32.964692],[-116.888653,32.964612],[-116.888625,32.964578],[-116.888573,32.964545],[-116.888511,32.964529],[-116.888443,32.964533],[-116.888317,32.964555],[-116.888083,32.964587],[-116.887965,32.964593],[-116.887867,32.964599],[-116.887795,32.964605],[-116.887714,32.9646],[-116.887636,32.964581],[-116.887599,32.964568],[-116.887244,32.964575],[-116.887107,32.964637],[-116.886437,32.965217],[-116.886284,32.965309],[-116.885658,32.965552],[-116.885598,32.965576],[-116.885293,32.965792],[-116.885021,32.966049],[-116.884833,32.966248],[-116.884711,32.966455],[-116.884467,32.966995],[-116.883584,32.967483],[-116.883442,32.967572],[-116.883399,32.967597],[-116.883361,32.967631],[-116.883156,32.967804],[-116.882958,32.967917],[-116.882759,32.967965],[-116.881706,32.968026],[-116.881295,32.967978],[-116.880882,32.968071],[-116.880624,32.96807],[-116.880348,32.968178],[-116.880196,32.968322],[-116.879951,32.968705],[-116.879676,32.969039],[-116.879478,32.969178],[-116.879325,32.969231],[-116.87902,32.968971],[-116.879096,32.968619],[-116.879279,32.968222],[-116.879235,32.968071],[-116.878915,32.968001],[-116.878271,32.968224],[-116.877524,32.968588],[-116.877342,32.968619],[-116.877204,32.968505],[-116.877189,32.968154],[-116.877188,32.968109],[-116.876885,32.967729],[-116.876578,32.967659],[-116.876289,32.967803],[-116.876031,32.967758],[-116.875753,32.967666],[-116.875329,32.967604],[-116.875052,32.967606],[-116.87435,32.967414],[-116.873986,32.96724],[-116.87348,32.967103],[-116.873054,32.967193],[-116.872824,32.967056],[-116.872628,32.966882],[-116.87221,32.966848],[-116.871795,32.967166],[-116.871746,32.967097],[-116.871664,32.967028],[-116.871305,32.966689],[-116.871256,32.966645],[-116.870892,32.966318],[-116.870585,32.966052],[-116.870299,32.965827],[-116.869987,32.965601],[-116.869743,32.96544],[-116.869475,32.965284],[-116.86947,32.96528],[-116.869196,32.965142],[-116.868799,32.964947],[-116.868587,32.964849],[-116.868364,32.964753],[-116.868206,32.964681],[-116.868072,32.964604],[-116.867991,32.964547],[-116.867947,32.964516],[-116.867843,32.964428],[-116.86775,32.964333],[-116.867658,32.964219],[-116.867609,32.964135],[-116.867549,32.964065],[-116.867478,32.964008],[-116.867396,32.963963],[-116.867293,32.963928],[-116.867131,32.963863],[-116.866979,32.963779],[-116.866823,32.963705],[-116.866609,32.963624],[-116.866503,32.96359],[-116.866376,32.963564],[-116.866246,32.963553],[-116.865969,32.963565],[-116.865611,32.963594],[-116.865581,32.963597],[-116.865421,32.963622],[-116.86525,32.963666],[-116.865081,32.963726],[-116.864895,32.963776],[-116.864735,32.963804],[-116.864539,32.96364],[-116.864218,32.963428],[-116.864033,32.963386],[-116.863901,32.963358],[-116.863673,32.963367],[-116.862757,32.963003],[-116.862533,32.963065],[-116.862135,32.963526],[-116.861837,32.963538],[-116.86133,32.96356],[-116.861222,32.96353],[-116.861071,32.963385],[-116.860805,32.962834],[-116.860796,32.962815],[-116.860689,32.962348],[-116.860567,32.962168],[-116.859806,32.961993],[-116.859562,32.96201],[-116.859481,32.962047],[-116.859318,32.962124],[-116.858898,32.962031],[-116.858659,32.961978],[-116.858515,32.961947],[-116.857935,32.962027],[-116.857693,32.962063],[-116.857398,32.962104],[-116.856506,32.962295],[-116.855639,32.96237],[-116.855455,32.962135],[-116.85529,32.961847],[-116.855172,32.96176],[-116.854969,32.96161],[-116.85474,32.961572],[-116.854434,32.961087],[-116.854344,32.961008],[-116.854266,32.960943],[-116.854084,32.960449],[-116.853975,32.960295],[-116.853945,32.960166],[-116.85396,32.959977],[-116.853794,32.959642],[-116.853517,32.959173],[-116.853304,32.958927],[-116.853182,32.958282],[-116.853135,32.958136],[-116.852971,32.957923],[-116.85268,32.957331],[-116.852571,32.957185],[-116.852449,32.956941],[-116.852786,32.956211],[-116.85292,32.955815],[-116.852889,32.955452],[-116.852797,32.955332],[-116.852584,32.955217],[-116.852313,32.955169],[-116.851884,32.955361],[-116.851249,32.955441],[-116.850851,32.95541],[-116.850502,32.955332],[-116.850228,32.95535],[-116.849978,32.955488],[-116.849692,32.955712],[-116.849316,32.95605],[-116.849071,32.956414],[-116.848831,32.957465],[-116.848918,32.957802],[-116.848926,32.957909],[-116.848939,32.958074],[-116.848888,32.958171],[-116.84862,32.958645],[-116.848483,32.959102],[-116.848402,32.959707],[-116.848389,32.96018],[-116.84842,32.961369],[-116.848488,32.961702],[-116.848422,32.961808],[-116.848456,32.962035],[-116.848561,32.962721],[-116.848597,32.96295],[-116.848433,32.962944],[-116.847941,32.962932],[-116.847778,32.962929],[-116.847577,32.962981],[-116.847481,32.962986],[-116.847141,32.963006],[-116.846798,32.963026],[-116.846693,32.962936],[-116.846611,32.962911],[-116.846321,32.962825],[-116.845167,32.96307],[-116.845075,32.963068],[-116.84126,32.963028],[-116.839989,32.963015],[-116.83991,32.963169],[-116.839729,32.963321],[-116.839702,32.963481],[-116.839682,32.963605],[-116.839575,32.963751],[-116.839487,32.963779],[-116.839159,32.963661],[-116.838922,32.963575],[-116.838572,32.96347],[-116.838252,32.963321],[-116.838222,32.963309],[-116.838023,32.963324],[-116.837689,32.963265],[-116.837384,32.963212],[-116.837034,32.963095],[-116.836992,32.963065],[-116.836838,32.962961],[-116.836304,32.961664],[-116.836274,32.961549],[-116.836266,32.961073],[-116.836256,32.960345],[-116.836003,32.960853],[-116.835246,32.962376],[-116.834994,32.962886],[-116.834531,32.962902],[-116.833144,32.96295],[-116.832682,32.962967],[-116.832897,32.962739],[-116.833035,32.962575],[-116.833172,32.962423],[-116.83334,32.962179],[-116.833409,32.962045],[-116.833561,32.961782],[-116.833645,32.961649],[-116.833691,32.961542],[-116.833722,32.961492],[-116.833721,32.96142],[-116.833645,32.961259],[-116.83363,32.961195],[-116.833645,32.96103],[-116.833729,32.960897],[-116.833805,32.960825],[-116.834051,32.960527],[-116.834088,32.960485],[-116.834187,32.960321],[-116.834362,32.96005],[-116.834492,32.959867],[-116.834576,32.959768],[-116.834828,32.959547],[-116.835026,32.959344],[-116.835125,32.959257],[-116.835377,32.958974],[-116.835575,32.9587],[-116.83569,32.958578],[-116.835759,32.958475],[-116.835866,32.958372],[-116.835942,32.958307],[-116.836102,32.958215],[-116.836346,32.958032],[-116.836506,32.958017],[-116.83672,32.95796],[-116.836842,32.957876],[-116.836888,32.957838],[-116.836926,32.95775],[-116.837002,32.957609],[-116.83704,32.957453],[-116.837078,32.957209],[-116.837071,32.957144],[-116.837162,32.956884],[-116.837231,32.95677],[-116.837269,32.956739],[-116.837345,32.956724],[-116.837429,32.956724],[-116.837528,32.956789],[-116.837605,32.956823],[-116.837796,32.956831],[-116.837925,32.95682],[-116.838017,32.956777],[-116.83817,32.956743],[-116.838322,32.956701],[-116.838505,32.95661],[-116.838551,32.956552],[-116.838711,32.956438],[-116.838848,32.9563],[-116.838917,32.956194],[-116.839039,32.956057],[-116.839192,32.955842],[-116.839276,32.955637],[-116.839352,32.955427],[-116.839329,32.955317],[-116.839299,32.955233],[-116.83907,32.954748],[-116.839031,32.954644],[-116.838917,32.954336],[-116.838871,32.954099],[-116.838871,32.953974],[-116.838887,32.953863],[-116.838986,32.953672],[-116.839062,32.953562],[-116.839169,32.953478],[-116.839261,32.95344],[-116.83936,32.953409],[-116.83952,32.953348],[-116.839672,32.953276],[-116.839917,32.953035],[-116.840107,32.952822],[-116.840267,32.952555],[-116.840569,32.952271],[-116.839855,32.952628],[-116.839781,32.952681],[-116.83972,32.952745],[-116.839675,32.952818],[-116.839655,32.952867],[-116.839501,32.953074],[-116.839453,32.953111],[-116.839395,32.953135],[-116.839334,32.953145],[-116.839266,32.953139],[-116.83922,32.953125],[-116.839163,32.953091],[-116.839124,32.95305],[-116.839105,32.953015],[-116.839094,32.952971],[-116.839063,32.952742],[-116.839063,32.952739],[-116.839013,32.952509],[-116.838947,32.952293],[-116.838566,32.951284],[-116.838508,32.951156],[-116.838461,32.95101],[-116.838436,32.950891],[-116.838254,32.950615],[-116.838087,32.950331],[-116.838053,32.950268],[-116.837982,32.950213],[-116.837913,32.950176],[-116.837823,32.950144],[-116.837727,32.950129],[-116.83763,32.950129],[-116.837573,32.950133],[-116.837248,32.950127],[-116.836873,32.950107],[-116.835712,32.950011],[-116.835611,32.949989],[-116.835577,32.949978],[-116.835311,32.949855],[-116.835064,32.949742],[-116.834928,32.949666],[-116.834768,32.949597],[-116.834629,32.949551],[-116.834443,32.949481],[-116.834282,32.949387],[-116.834145,32.949289],[-116.83402,32.949183],[-116.833886,32.949028],[-116.833779,32.948905],[-116.833552,32.948644],[-116.833521,32.948608],[-116.832763,32.947971],[-116.832659,32.947884],[-116.832485,32.947768],[-116.831981,32.947434],[-116.831587,32.947258],[-116.831518,32.94723],[-116.831423,32.947212],[-116.831342,32.947213],[-116.831247,32.947233],[-116.831211,32.947248],[-116.830618,32.947443],[-116.830565,32.947474],[-116.830525,32.947518],[-116.830501,32.947568],[-116.830496,32.947592],[-116.830188,32.948328],[-116.830134,32.948412],[-116.83006,32.948493],[-116.829982,32.948555],[-116.829917,32.948596],[-116.829817,32.948642],[-116.829709,32.948675],[-116.829678,32.948681],[-116.828953,32.94876],[-116.82883,32.948785],[-116.828811,32.94879],[-116.828704,32.948824],[-116.828573,32.94888],[-116.827627,32.94937],[-116.82743,32.949434],[-116.827242,32.94948],[-116.82705,32.949512],[-116.826872,32.949529],[-116.826677,32.949535],[-116.826481,32.949527],[-116.826119,32.949487],[-116.825892,32.949477],[-116.82422,32.949488],[-116.823989,32.949465],[-116.823766,32.949457],[-116.823685,32.949457],[-116.823502,32.9494],[-116.823295,32.949319],[-116.823097,32.949223],[-116.822923,32.949121],[-116.822819,32.949051],[-116.822697,32.949005],[-116.822023,32.948751],[-116.821913,32.948724],[-116.821788,32.948706],[-116.821654,32.948702],[-116.821508,32.948715],[-116.821293,32.948757],[-116.821131,32.948772],[-116.820984,32.948772],[-116.820837,32.948759],[-116.820695,32.948734],[-116.820593,32.948711],[-116.820496,32.948705],[-116.820466,32.948708],[-116.820294,32.948698],[-116.820214,32.948713],[-116.820156,32.948738],[-116.8201,32.948777],[-116.820056,32.948827],[-116.820034,32.948869],[-116.819741,32.949308],[-116.819695,32.94941],[-116.819668,32.949504],[-116.819636,32.949659],[-116.819601,32.949744],[-116.819556,32.949817],[-116.819406,32.950007],[-116.819357,32.950043],[-116.819324,32.95006],[-116.818349,32.95048],[-116.818271,32.95053],[-116.81797,32.950795],[-116.81789,32.950842],[-116.81784,32.950863],[-116.816595,32.95131],[-116.81636,32.951396],[-116.816278,32.951441],[-116.816206,32.951498],[-116.815931,32.951762],[-116.815841,32.951826],[-116.815361,32.952112],[-116.815298,32.952175],[-116.81527,32.952219],[-116.815157,32.952427],[-116.815105,32.952497],[-116.815032,32.95257],[-116.814946,32.952634],[-116.814548,32.952865],[-116.814406,32.952933],[-116.814257,32.952989],[-116.813089,32.953352],[-116.812966,32.953384],[-116.812719,32.95344],[-116.811996,32.953601],[-116.811671,32.953676],[-116.811527,32.953718],[-116.810538,32.954076],[-116.810428,32.954103],[-116.810316,32.954117],[-116.810187,32.954117],[-116.809854,32.954096],[-116.80943,32.954073],[-116.809372,32.954082],[-116.809142,32.954146],[-116.809124,32.954149],[-116.809256,32.954305],[-116.809218,32.954445],[-116.809088,32.954644],[-116.809,32.954709],[-116.808861,32.954815],[-116.80845,32.955315],[-116.808172,32.955544],[-116.808091,32.955676],[-116.807876,32.955782],[-116.807724,32.95589],[-116.807727,32.956214],[-116.807731,32.956467],[-116.807859,32.956582],[-116.808072,32.956751],[-116.808005,32.956811],[-116.807862,32.956994],[-116.807809,32.957041],[-116.807399,32.957344],[-116.805223,32.958956],[-116.805222,32.958956],[-116.805015,32.959112],[-116.80497,32.959156],[-116.8048,32.959353],[-116.804774,32.959403],[-116.804763,32.959471],[-116.804777,32.959538],[-116.804803,32.959586],[-116.804846,32.959643],[-116.804785,32.95974],[-116.80474,32.959843],[-116.80471,32.959964],[-116.804694,32.960064],[-116.804659,32.960155],[-116.804608,32.960234],[-116.804419,32.960456],[-116.804369,32.960523],[-116.804306,32.960614],[-116.804246,32.960679],[-116.804155,32.960758],[-116.804077,32.960846],[-116.804002,32.96095],[-116.803937,32.961011],[-116.803855,32.961059],[-116.803678,32.961111],[-116.803608,32.961146],[-116.80355,32.961194],[-116.803507,32.961252],[-116.803419,32.961448],[-116.803366,32.961517],[-116.803316,32.961562],[-116.803311,32.961567],[-116.803232,32.961616],[-116.803163,32.961643],[-116.802745,32.961855],[-116.802636,32.96189],[-116.802526,32.961907],[-116.802459,32.961919],[-116.802399,32.961945],[-116.802352,32.96198],[-116.802189,32.962153],[-116.802037,32.962349],[-116.801806,32.962696],[-116.80171,32.96287],[-116.801663,32.963024],[-116.801628,32.963162],[-116.801437,32.963685],[-116.801379,32.963798],[-116.801298,32.963917],[-116.801242,32.96399],[-116.801204,32.964066],[-116.801181,32.964155],[-116.801172,32.964255],[-116.801151,32.964306],[-116.801115,32.964352],[-116.800749,32.964643],[-116.80068,32.964706],[-116.800612,32.964745],[-116.800536,32.964769],[-116.799952,32.964932],[-116.799897,32.964962],[-116.799856,32.965003],[-116.799777,32.965112],[-116.799719,32.96516],[-116.799663,32.965188],[-116.799573,32.965217],[-116.79952,32.965248],[-116.799391,32.965331],[-116.799331,32.965354],[-116.799252,32.965369],[-116.799171,32.965369],[-116.799022,32.965341],[-116.798893,32.96534],[-116.798797,32.965354],[-116.798698,32.96538],[-116.798612,32.965419],[-116.798567,32.965448],[-116.798189,32.965654],[-116.79816,32.965687],[-116.798144,32.965726],[-116.798144,32.965767],[-116.798179,32.965995],[-116.798177,32.966055],[-116.798163,32.966195],[-116.798163,32.966203],[-116.798174,32.966276],[-116.798198,32.966334],[-116.798244,32.966437],[-116.798287,32.966574],[-116.798353,32.966714],[-116.798414,32.966823],[-116.798441,32.966902],[-116.798457,32.96701],[-116.798488,32.967073],[-116.798547,32.96714],[-116.798591,32.967213],[-116.798625,32.967308],[-116.798638,32.967383],[-116.798634,32.967459],[-116.798617,32.967526],[-116.798572,32.967604],[-116.798509,32.967683],[-116.798458,32.967731],[-116.798404,32.967762],[-116.798301,32.967797],[-116.798206,32.967816],[-116.797699,32.967842],[-116.797627,32.967844],[-116.797566,32.967855],[-116.797532,32.967862],[-116.797391,32.967912],[-116.797366,32.967922],[-116.797334,32.967936],[-116.797327,32.9679],[-116.797299,32.967816],[-116.797299,32.967815],[-116.797251,32.967727],[-116.797291,32.967744],[-116.797412,32.967785],[-116.797254,32.962087],[-116.795175,32.962756],[-116.792758,32.963535],[-116.789811,32.963639],[-116.788706,32.963679],[-116.789028,32.955948],[-116.789151,32.953003],[-116.789209,32.952959],[-116.789382,32.952827],[-116.789441,32.952784],[-116.789378,32.952799],[-116.789368,32.952799],[-116.789313,32.952799],[-116.789149,32.952755],[-116.789077,32.952737],[-116.789035,32.952639],[-116.789021,32.952572],[-116.789023,32.952503],[-116.789029,32.952474],[-116.789088,32.952317],[-116.789097,32.952249],[-116.789086,32.952182],[-116.789038,32.952055],[-116.789013,32.952023],[-116.78896,32.951987],[-116.7889,32.951965],[-116.788852,32.951933],[-116.788826,32.951904],[-116.788773,32.951844],[-116.788711,32.951791],[-116.788634,32.951741],[-116.788533,32.95169],[-116.788501,32.95166],[-116.788478,32.951623],[-116.788469,32.951569],[-116.788478,32.951525],[-116.788497,32.951491],[-116.788536,32.951437],[-116.788559,32.951378],[-116.788566,32.951323],[-116.788566,32.951133],[-116.788552,32.951087],[-116.788519,32.95104],[-116.788454,32.950972],[-116.788435,32.950934],[-116.788429,32.950871],[-116.788434,32.95083],[-116.78846,32.95078],[-116.788491,32.950748],[-116.788572,32.950687],[-116.788613,32.950642],[-116.788639,32.950593],[-116.788649,32.950539],[-116.788647,32.950486],[-116.788627,32.95043],[-116.788591,32.950388],[-116.78854,32.950355],[-116.788406,32.950303],[-116.788339,32.950266],[-116.788285,32.950241],[-116.788202,32.950224],[-116.788145,32.950199],[-116.788054,32.950129],[-116.78797,32.950045],[-116.787898,32.949951],[-116.787861,32.949909],[-116.787815,32.949879],[-116.787768,32.949863],[-116.787693,32.949848],[-116.787436,32.949797],[-116.78738,32.949769],[-116.787338,32.949725],[-116.787317,32.949678],[-116.787309,32.949637],[-116.787315,32.949583],[-116.787341,32.949533],[-116.787381,32.949493],[-116.787509,32.949398],[-116.787554,32.949358],[-116.787606,32.949289],[-116.787617,32.949266],[-116.787949,32.949261],[-116.788949,32.94925],[-116.789282,32.949247],[-116.789355,32.947719],[-116.789576,32.943142],[-116.78965,32.941617],[-116.789868,32.937124],[-116.78989,32.9364],[-116.789943,32.934613],[-116.79001,32.932392],[-116.790099,32.927945],[-116.79024,32.920947],[-116.790255,32.916536],[-116.790265,32.913587],[-116.790271,32.912188],[-116.79028,32.909484],[-116.790245,32.906579],[-116.790229,32.905272],[-116.790216,32.904199],[-116.790143,32.898112],[-116.790135,32.897059],[-116.79012,32.894679],[-116.790102,32.894019],[-116.790051,32.892045],[-116.790034,32.891387],[-116.790008,32.890787],[-116.789931,32.888989],[-116.789906,32.88839],[-116.789959,32.888352],[-116.790867,32.887467],[-116.792249,32.886122],[-116.793617,32.884565],[-116.793982,32.88415],[-116.794318,32.883445],[-116.797323,32.88299],[-116.797502,32.882942],[-116.8,32.882289],[-116.800753,32.881961],[-116.801868,32.881892],[-116.802982,32.881941],[-116.804089,32.88233],[-116.805883,32.88309],[-116.806677,32.88355],[-116.807245,32.883879],[-116.808037,32.884739],[-116.808537,32.885002],[-116.80883,32.885192],[-116.809115,32.885586],[-116.809976,32.883756],[-116.809988,32.883745],[-116.810061,32.883764],[-116.810298,32.883753],[-116.810377,32.88375],[-116.81064,32.883899],[-116.811429,32.884349],[-116.811692,32.8845],[-116.811703,32.884491],[-116.812056,32.884302],[-116.812479,32.884153],[-116.813025,32.883954],[-116.813694,32.883897],[-116.814293,32.883921],[-116.814907,32.88388],[-116.815471,32.883959],[-116.815856,32.884001],[-116.816501,32.884072],[-116.817088,32.884008],[-116.817924,32.883953],[-116.818589,32.883934],[-116.819423,32.883952],[-116.819504,32.883962],[-116.81982,32.884018],[-116.820384,32.884144],[-116.820827,32.884156],[-116.821361,32.884262],[-116.821654,32.884332],[-116.821971,32.884411],[-116.822459,32.884572],[-116.823024,32.884827],[-116.823215,32.884922],[-116.82339,32.88501],[-116.823665,32.88514],[-116.823709,32.885159],[-116.823743,32.884799],[-116.824176,32.884874],[-116.824291,32.884889],[-116.825053,32.884904],[-116.82515,32.884914],[-116.82526,32.884939],[-116.825746,32.885118],[-116.825838,32.885146],[-116.82641,32.885238],[-116.826485,32.885252],[-116.826961,32.88543],[-116.827217,32.885542],[-116.827496,32.885683],[-116.827751,32.885832],[-116.827994,32.885993],[-116.828201,32.886149],[-116.828429,32.886341],[-116.829338,32.887107],[-116.829482,32.887214],[-116.829625,32.887296],[-116.82976,32.887357],[-116.82991,32.887409],[-116.830051,32.887444],[-116.830211,32.88747],[-116.830373,32.887481],[-116.830405,32.887481],[-116.832568,32.887416],[-116.832623,32.887414],[-116.832737,32.887414],[-116.832965,32.887427],[-116.832523,32.885204],[-116.83327,32.885396],[-116.833353,32.885417],[-116.834743,32.885217],[-116.834981,32.885244],[-116.835077,32.885939],[-116.835162,32.886556],[-116.836181,32.887456],[-116.836391,32.887356],[-116.836477,32.887317],[-116.836732,32.887525],[-116.836867,32.887635],[-116.836887,32.887608],[-116.836991,32.887481],[-116.837515,32.887979],[-116.838686,32.888119],[-116.839705,32.887037],[-116.8402,32.88699],[-116.841171,32.887301],[-116.842734,32.887731],[-116.845858,32.886974],[-116.846515,32.884876],[-116.847001,32.88489],[-116.848115,32.884385],[-116.848724,32.883708],[-116.849505,32.883325],[-116.85017,32.883595],[-116.85055,32.88373],[-116.851013,32.883989],[-116.851533,32.884011],[-116.851698,32.883971],[-116.852143,32.883863],[-116.852291,32.883572],[-116.852352,32.883446],[-116.852448,32.883175],[-116.852248,32.882118],[-116.851991,32.881764],[-116.852245,32.881214],[-116.852503,32.880648],[-116.852629,32.880372],[-116.853051,32.879909],[-116.853771,32.879119],[-116.853638,32.878062],[-116.854133,32.877071],[-116.854228,32.877148],[-116.854809,32.877621],[-116.855519,32.877329],[-116.856019,32.877123],[-116.856686,32.875847],[-116.857104,32.875047],[-116.857318,32.874803],[-116.857514,32.874581],[-116.857695,32.874375],[-116.857714,32.874354],[-116.857628,32.873151],[-116.857837,32.872928],[-116.857962,32.872794],[-116.858363,32.872955],[-116.858571,32.873038],[-116.858688,32.873517],[-116.858762,32.873817],[-116.859523,32.874116],[-116.860733,32.874608],[-116.861542,32.874725],[-116.863377,32.8743],[-116.864256,32.874096],[-116.864258,32.87388],[-116.864266,32.873022],[-116.864563,32.872943],[-116.865409,32.872718],[-116.866199,32.873191],[-116.867808,32.874154],[-116.867912,32.874152],[-116.869446,32.874127],[-116.871465,32.872382],[-116.871531,32.872355],[-116.872122,32.872116],[-116.872563,32.871688],[-116.873684,32.870604],[-116.874703,32.871334],[-116.875932,32.871285],[-116.87597,32.871426],[-116.876352,32.871481],[-116.876779,32.871543],[-116.878465,32.871552],[-116.878713,32.87162],[-116.88016,32.872022],[-116.881322,32.870583],[-116.88256,32.87011],[-116.884007,32.869215],[-116.884555,32.868704],[-116.885172,32.86813],[-116.886106,32.86797],[-116.886577,32.867622],[-116.887012,32.867013],[-116.887034,32.866982],[-116.886347,32.867027],[-116.886191,32.867037],[-116.885396,32.867553],[-116.884638,32.867007],[-116.884024,32.867917],[-116.882759,32.867826],[-116.881531,32.865156],[-116.879255,32.863821],[-116.878821,32.864275],[-116.876979,32.864033],[-116.875072,32.862907],[-116.874565,32.863226],[-116.874044,32.863528],[-116.874029,32.863534],[-116.873956,32.863571],[-116.873803,32.863644],[-116.87351,32.863732],[-116.873288,32.863771],[-116.872913,32.863712],[-116.872902,32.863705],[-116.873002,32.863608],[-116.873148,32.863443],[-116.873268,32.863279],[-116.873371,32.863108],[-116.873457,32.862929],[-116.873525,32.862746],[-116.873619,32.862161],[-116.873862,32.860655],[-116.873902,32.860508],[-116.873956,32.860378],[-116.874025,32.860254],[-116.874108,32.860136],[-116.874205,32.860025],[-116.874303,32.859933],[-116.874368,32.85987],[-116.874439,32.859802],[-116.87453,32.859705],[-116.874607,32.8596],[-116.874677,32.859476],[-116.874728,32.859347],[-116.87476,32.859211],[-116.875051,32.857916],[-116.875092,32.857788],[-116.875158,32.857643],[-116.875233,32.857521],[-116.875321,32.857406],[-116.875375,32.857346],[-116.875412,32.857309],[-116.875599,32.857145],[-116.875709,32.857026],[-116.875796,32.856909],[-116.875869,32.856786],[-116.875927,32.856658],[-116.875974,32.856512],[-116.876004,32.856349],[-116.876011,32.856212],[-116.876002,32.856061],[-116.875979,32.855939],[-116.875945,32.855819],[-116.876071,32.855771],[-116.87627,32.855711],[-116.876477,32.855665],[-116.87668,32.855637],[-116.876894,32.855622],[-116.876926,32.855621],[-116.87764,32.855626],[-116.87771,32.855629],[-116.877879,32.855625],[-116.878056,32.855603],[-116.878287,32.855551],[-116.87841,32.855514],[-116.878525,32.855463],[-116.878644,32.85539],[-116.878725,32.855323],[-116.878797,32.855248],[-116.878865,32.855155],[-116.878883,32.855119],[-116.876179,32.853744],[-116.875675,32.850917],[-116.874574,32.847478],[-116.874158,32.847845],[-116.873458,32.848465],[-116.873426,32.848399],[-116.873332,32.848204],[-116.873301,32.848139],[-116.873728,32.847741],[-116.873969,32.847536],[-116.874086,32.847445],[-116.874258,32.847314],[-116.874521,32.84713],[-116.874821,32.846941],[-116.875104,32.846779],[-116.875242,32.846706],[-116.876394,32.84617],[-116.876865,32.846003],[-116.877264,32.845863],[-116.877862,32.845678],[-116.878493,32.845513],[-116.878636,32.845477],[-116.88015,32.845106],[-116.880966,32.844901],[-116.881336,32.844809],[-116.881736,32.844683],[-116.88178,32.844766],[-116.881915,32.845014],[-116.881921,32.845025],[-116.88196,32.845099],[-116.882011,32.845197],[-116.882166,32.845494],[-116.882218,32.845593],[-116.88229,32.845732],[-116.882506,32.846148],[-116.882578,32.846289],[-116.882615,32.846359],[-116.882726,32.846573],[-116.882763,32.846646],[-116.88284,32.846795],[-116.883005,32.847111],[-116.883086,32.84723],[-116.883088,32.847233],[-116.88318,32.847342],[-116.883198,32.847361],[-116.883277,32.847437],[-116.883315,32.847475],[-116.883432,32.84757],[-116.883538,32.847641],[-116.883572,32.847664],[-116.883633,32.847699],[-116.883676,32.847724],[-116.883766,32.847769],[-116.883962,32.847871],[-116.884178,32.84796],[-116.884181,32.847961],[-116.884322,32.848009],[-116.884419,32.848035],[-116.88447,32.848048],[-116.88454,32.848067],[-116.884762,32.848109],[-116.884925,32.848126],[-116.884972,32.848133],[-116.885079,32.84814],[-116.885115,32.84814],[-116.88516,32.848141],[-116.885224,32.848141],[-116.885261,32.848142],[-116.885473,32.848132],[-116.885615,32.84812],[-116.886426,32.848053],[-116.886654,32.848046],[-116.886677,32.848045],[-116.886881,32.848053],[-116.887032,32.848064],[-116.887273,32.848098],[-116.887495,32.848141],[-116.887729,32.848201],[-116.887775,32.848213],[-116.888033,32.848297],[-116.888269,32.848391],[-116.888428,32.848463],[-116.888667,32.848575],[-116.889392,32.848032],[-116.891387,32.847856],[-116.891717,32.846423],[-116.891435,32.846016],[-116.891484,32.845989],[-116.891605,32.84593],[-116.891936,32.845632],[-116.89246,32.84534],[-116.892888,32.843457],[-116.892362,32.843476],[-116.891512,32.84279],[-116.891681,32.842137],[-116.892251,32.842404],[-116.892257,32.842565],[-116.892485,32.842561],[-116.892713,32.842559],[-116.893165,32.842494],[-116.893392,32.842462],[-116.893399,32.842185],[-116.893423,32.841355],[-116.893431,32.84108],[-116.893311,32.84096],[-116.893018,32.840667],[-116.892942,32.840612],[-116.892805,32.840514],[-116.892973,32.840462],[-116.893094,32.84042],[-116.893275,32.840359],[-116.893542,32.840257],[-116.893876,32.840114],[-116.89394,32.840082],[-116.894214,32.839949],[-116.894458,32.839817],[-116.894491,32.839796],[-116.894764,32.839634],[-116.895045,32.839447],[-116.895281,32.839272],[-116.895536,32.839085],[-116.895656,32.838994],[-116.89602,32.838724],[-116.896141,32.838636],[-116.896226,32.838572],[-116.896482,32.838382],[-116.896568,32.838319],[-116.896832,32.838122],[-116.897628,32.837533],[-116.897893,32.837338],[-116.897917,32.837322],[-116.898087,32.837218],[-116.898129,32.837195],[-116.898685,32.836891],[-116.898885,32.836783],[-116.899109,32.836677],[-116.899211,32.836632],[-116.89934,32.836577],[-116.900067,32.836287],[-116.900212,32.836229],[-116.900547,32.836096],[-116.900723,32.836025],[-116.901253,32.835814],[-116.90143,32.835744],[-116.901546,32.835696],[-116.901583,32.835678],[-116.901875,32.835545],[-116.902032,32.835462],[-116.90218,32.835386],[-116.902331,32.835302],[-116.902569,32.835158],[-116.902624,32.835127],[-116.902918,32.834932],[-116.9032,32.834724],[-116.903469,32.834505],[-116.903644,32.834345],[-116.903725,32.834274],[-116.903967,32.834032],[-116.904023,32.833973],[-116.904125,32.833868],[-116.904276,32.833699],[-116.905187,32.832684],[-116.905221,32.832648],[-116.905278,32.832584],[-116.905491,32.832348],[-116.905728,32.83209],[-116.906441,32.831319],[-116.906679,32.831063],[-116.906768,32.830965],[-116.907038,32.830674],[-116.907128,32.830577],[-116.90783,32.830973],[-116.908338,32.831261],[-116.908755,32.831426],[-116.909111,32.831548],[-116.909395,32.831579],[-116.909649,32.831572],[-116.910111,32.831467],[-116.910156,32.831457],[-116.910393,32.831431],[-116.910657,32.831474],[-116.910873,32.83161],[-116.910916,32.831569],[-116.910998,32.831494],[-116.910999,32.831491],[-116.911316,32.831811],[-116.911317,32.831811],[-116.911367,32.831763],[-116.912788,32.833372],[-116.914469,32.834851],[-116.914471,32.834852],[-116.917009,32.832773],[-116.918533,32.831524],[-116.919005,32.831139],[-116.919015,32.831153],[-116.919049,32.831187],[-116.919089,32.831229],[-116.91919,32.831332],[-116.919238,32.831381],[-116.919463,32.83119],[-116.920141,32.830624],[-116.920367,32.830437],[-116.920353,32.830784],[-116.920369,32.830851],[-116.920395,32.830901],[-116.920432,32.830946],[-116.920478,32.830985],[-116.92055,32.831022],[-116.920683,32.831072],[-116.920803,32.831118],[-116.920912,32.831141],[-116.920959,32.830669],[-116.921339,32.830359],[-116.922296,32.831125],[-116.922791,32.830391],[-116.921999,32.829061],[-116.922166,32.828921],[-116.922366,32.828753],[-116.922439,32.828691],[-116.92266,32.828507],[-116.922845,32.828809],[-116.923602,32.828609],[-116.924821,32.829489],[-116.926211,32.828315],[-116.927622,32.827121],[-116.928411,32.826454],[-116.930286,32.825982],[-116.93019,32.825844],[-116.931133,32.825829],[-116.931155,32.826518],[-116.931388,32.826521],[-116.931603,32.826525],[-116.931705,32.826518],[-116.932012,32.826498],[-116.932113,32.826526],[-116.932115,32.826526],[-116.932115,32.826492],[-116.932392,32.826486],[-116.933226,32.82647],[-116.933504,32.826465],[-116.933502,32.826349],[-116.933499,32.826005],[-116.933499,32.825891],[-116.933497,32.825581],[-116.933491,32.824655],[-116.93349,32.824347],[-116.933843,32.824348],[-116.934905,32.824353],[-116.935259,32.824355],[-116.935258,32.824295],[-116.935256,32.824168],[-116.935821,32.824157],[-116.935837,32.824353],[-116.936282,32.824353],[-116.936538,32.824353],[-116.936851,32.824332],[-116.937794,32.824271],[-116.938108,32.824251],[-116.938079,32.824994],[-116.938509,32.825423],[-116.938835,32.825749],[-116.938939,32.826755],[-116.939121,32.827007],[-116.939473,32.827346],[-116.939838,32.827783],[-116.939994,32.828133],[-116.940046,32.828472],[-116.940242,32.828789],[-116.940328,32.828867],[-116.94058,32.829096],[-116.940971,32.829457],[-116.941224,32.829865],[-116.9414,32.830066],[-116.941448,32.83019],[-116.941463,32.830229],[-116.941378,32.830359],[-116.941079,32.830472],[-116.941478,32.831027],[-116.941712,32.831353],[-116.941798,32.831452],[-116.942047,32.831739],[-116.942036,32.831749],[-116.941944,32.831843],[-116.942064,32.831987],[-116.942196,32.832147],[-116.942953,32.833064],[-116.943151,32.833304],[-116.943222,32.833255],[-116.943334,32.833181],[-116.943345,32.833175],[-116.943645,32.833426],[-116.943749,32.833513],[-116.944015,32.8339],[-116.944083,32.833998],[-116.944715,32.834726],[-116.944807,32.835039],[-116.944863,32.835225],[-116.945075,32.835402],[-116.945104,32.835715],[-116.945191,32.836657],[-116.94522,32.836971],[-116.945216,32.83793],[-116.945206,32.840809],[-116.945204,32.84177],[-116.945198,32.841957],[-116.945198,32.841985],[-116.945182,32.842633],[-116.945177,32.842849],[-116.945165,32.842968],[-116.94513,32.843328],[-116.945119,32.843449],[-116.945129,32.843684],[-116.945159,32.844392],[-116.945169,32.844629],[-116.945157,32.846352],[-116.945133,32.849988],[-116.945123,32.851523],[-116.945112,32.853247],[-116.945106,32.85343],[-116.947759,32.853415],[-116.947783,32.853413],[-116.947856,32.85341],[-116.94788,32.85341],[-116.948594,32.853403],[-116.948715,32.853305],[-116.950442,32.851889],[-116.950442,32.85189],[-116.948964,32.853311],[-116.948838,32.85341],[-116.94783,32.854202],[-116.947645,32.854309],[-116.947615,32.854329],[-116.947324,32.854481],[-116.947071,32.854597],[-116.947024,32.854619],[-116.946875,32.854681],[-116.946902,32.854734],[-116.946986,32.854892],[-116.947014,32.854946],[-116.94737,32.854888],[-116.947867,32.854809],[-116.948084,32.854752],[-116.948429,32.854661],[-116.948432,32.854662],[-116.948779,32.854571],[-116.948967,32.854531],[-116.949269,32.854469],[-116.94945,32.854267],[-116.94958,32.854124],[-116.949669,32.853959],[-116.949917,32.853504],[-116.949946,32.853471],[-116.950023,32.853388],[-116.95028,32.853385],[-116.952716,32.853367],[-116.953592,32.853386],[-116.953719,32.853389],[-116.953717,32.853782],[-116.953718,32.855891],[-116.953719,32.856769],[-116.953714,32.856984],[-116.954973,32.857327],[-116.955713,32.857529],[-116.955963,32.857702],[-116.956693,32.858203],[-116.957031,32.857872],[-116.957258,32.85794],[-116.957939,32.858145],[-116.958167,32.858214],[-116.958432,32.858283],[-116.95923,32.858496],[-116.959496,32.858567],[-116.959544,32.858579],[-116.959688,32.858618],[-116.959737,32.858631],[-116.959737,32.85866],[-116.959737,32.85875],[-116.959738,32.858782],[-116.959899,32.858781],[-116.960384,32.85878],[-116.960546,32.85878],[-116.96077,32.858779],[-116.961442,32.858779],[-116.961667,32.858779],[-116.961715,32.858753],[-116.961859,32.858683],[-116.961908,32.85866],[-116.961897,32.858683],[-116.961868,32.858755],[-116.961858,32.858779],[-116.962035,32.858779],[-116.962566,32.858779],[-116.962744,32.858779],[-116.962745,32.858921],[-116.962748,32.859319],[-116.962619,32.859327],[-116.962346,32.859326],[-116.962346,32.859494],[-116.96236,32.86078],[-116.962513,32.860779],[-116.962522,32.861765],[-116.962373,32.861764],[-116.962365,32.863514],[-116.962364,32.863807],[-116.962364,32.86469],[-116.962364,32.864984],[-116.962348,32.866576],[-116.962346,32.866812],[-116.962283,32.871355],[-116.962261,32.872948],[-116.962321,32.878197],[-116.962343,32.880118],[-116.962361,32.881648],[-116.962371,32.882128],[-116.962411,32.884009],[-116.962409,32.88714],[-116.962404,32.893168],[-116.962412,32.895841],[-116.962399,32.899211],[-116.962398,32.899252],[-116.962398,32.89938],[-116.962399,32.899424],[-116.962401,32.901728],[-116.962396,32.903372],[-116.951474,32.905315],[-116.945003,32.906392],[-116.945173,32.906469],[-116.945251,32.906584],[-116.945229,32.906927],[-116.945205,32.907294],[-116.94531,32.907541],[-116.945466,32.907635],[-116.945656,32.907743],[-116.946066,32.907976],[-116.946692,32.908196],[-116.947005,32.908234],[-116.947246,32.908305],[-116.947715,32.908305],[-116.948269,32.908459],[-116.948593,32.908626],[-116.948706,32.908685],[-116.949091,32.908877],[-116.949487,32.909148],[-116.949951,32.909466],[-116.95016,32.909641],[-116.950251,32.909762],[-116.950361,32.909953],[-116.950388,32.909999],[-116.950649,32.910345],[-116.950897,32.910835],[-116.950956,32.911049],[-116.951047,32.911203],[-116.951373,32.911505],[-116.95166,32.911698],[-116.951914,32.911808],[-116.952149,32.911857],[-116.95241,32.911962],[-116.95254,32.912083],[-116.952625,32.912198],[-116.95275,32.912447],[-116.952938,32.91282],[-116.953179,32.9131],[-116.953296,32.913259],[-116.953316,32.913314],[-116.953463,32.913389],[-116.953454,32.913439],[-116.953441,32.913452],[-116.953303,32.913612],[-116.953257,32.913665],[-116.953339,32.913728],[-116.953587,32.913922],[-116.95367,32.913987],[-116.953406,32.914335],[-116.953251,32.914589],[-116.95299,32.914892],[-116.952733,32.915169],[-116.952392,32.915539],[-116.952254,32.915771],[-116.952084,32.916137],[-116.951967,32.916332],[-116.951946,32.916366],[-116.951623,32.916744],[-116.95144,32.917059],[-116.951338,32.917272],[-116.95119,32.917582],[-116.951143,32.917716],[-116.951126,32.917758],[-116.951113,32.917802],[-116.951037,32.918018],[-116.950379,32.918879],[-116.95032,32.918964],[-116.950221,32.919111],[-116.950174,32.9193],[-116.950064,32.919491],[-116.95001,32.919547],[-116.949896,32.919665],[-116.94979,32.919855],[-116.949694,32.920092],[-116.949712,32.920295],[-116.949498,32.921157],[-116.94948,32.921177],[-116.94947,32.921191],[-116.949456,32.9212],[-116.949431,32.921215],[-116.949384,32.921226],[-116.949336,32.921223],[-116.949305,32.921213],[-116.949267,32.921187],[-116.949242,32.921152],[-116.94894,32.920286],[-116.948899,32.920227],[-116.948843,32.920177],[-116.948764,32.920126],[-116.948723,32.920084],[-116.948693,32.920035],[-116.948678,32.919981],[-116.948676,32.919927],[-116.94869,32.919873],[-116.948703,32.919848],[-116.948715,32.919821],[-116.948736,32.9198],[-116.948757,32.919778],[-116.948925,32.919613],[-116.948977,32.91958],[-116.949014,32.919535],[-116.949031,32.919497],[-116.949038,32.919456],[-116.949029,32.919401],[-116.949001,32.919352],[-116.948958,32.919311],[-116.948901,32.919284],[-116.948713,32.919188],[-116.948695,32.919168],[-116.948664,32.919133],[-116.948628,32.919071],[-116.948608,32.919005],[-116.948603,32.918936],[-116.948866,32.918332]]]}},{"type":"Feature","properties":{"ZCTA5CE10":"91942","GEOID10":"91942"},"geometry":{"type":"Polygon","coordinates":[[[-117.035074,32.759153],[-117.035249,32.759036],[-117.035777,32.758685],[-117.035953,32.75857],[-117.035973,32.758556],[-117.036033,32.758516],[-117.036054,32.758503],[-117.036276,32.758355],[-117.036946,32.757914],[-117.037169,32.757768],[-117.037185,32.757756],[-117.037236,32.757723],[-117.037253,32.757712],[-117.0372,32.757648],[-117.037044,32.757455],[-117.036993,32.757392],[-117.037501,32.757051],[-117.03758,32.756993],[-117.039085,32.7559],[-117.0393,32.755739],[-117.039488,32.7556],[-117.039524,32.755555],[-117.039541,32.755495],[-117.03956,32.755473],[-117.039588,32.755465],[-117.039613,32.75547],[-117.039878,32.75553],[-117.039896,32.755593],[-117.039908,32.755609],[-117.040064,32.755814],[-117.040116,32.755883],[-117.040117,32.755882],[-117.04012,32.755879],[-117.040122,32.75588],[-117.040262,32.75583],[-117.040268,32.755828],[-117.040538,32.755746],[-117.040717,32.755702],[-117.040869,32.755667],[-117.041299,32.755563],[-117.042589,32.755255],[-117.04302,32.755152],[-117.043055,32.755013],[-117.043163,32.754596],[-117.043199,32.754458],[-117.043927,32.754356],[-117.045506,32.754136],[-117.04562,32.754132],[-117.045748,32.75414],[-117.045873,32.754164],[-117.046106,32.754235],[-117.04681,32.754452],[-117.046988,32.754534],[-117.047466,32.754758],[-117.047522,32.754783],[-117.047567,32.754804],[-117.047714,32.754817],[-117.047815,32.754844],[-117.047848,32.754848],[-117.047945,32.754853],[-117.047996,32.754848],[-117.048608,32.7548],[-117.048852,32.754779],[-117.049039,32.754764],[-117.049138,32.754755],[-117.049136,32.754841],[-117.049132,32.7551],[-117.049132,32.755187],[-117.049207,32.755181],[-117.049434,32.75517],[-117.04951,32.755167],[-117.049588,32.755162],[-117.049824,32.75515],[-117.049903,32.755146],[-117.049916,32.755198],[-117.049956,32.755358],[-117.04997,32.755412],[-117.049979,32.755446],[-117.050006,32.755552],[-117.050015,32.755588],[-117.050094,32.755558],[-117.050443,32.755574],[-117.05079,32.755603],[-117.053019,32.755789],[-117.053481,32.755827],[-117.053762,32.755851],[-117.053736,32.756131],[-117.05366,32.756973],[-117.053635,32.757254],[-117.05363,32.757301],[-117.053615,32.757444],[-117.053611,32.757492],[-117.053625,32.757849],[-117.053669,32.758927],[-117.053684,32.759287],[-117.053632,32.759363],[-117.053475,32.759594],[-117.053424,32.759672],[-117.053454,32.759869],[-117.053545,32.76046],[-117.053576,32.760658],[-117.053506,32.760779],[-117.053506,32.760782],[-117.053453,32.760912],[-117.053421,32.761032],[-117.053403,32.761155],[-117.053401,32.761186],[-117.053397,32.761327],[-117.053388,32.761715],[-117.053361,32.762878],[-117.053353,32.763268],[-117.053139,32.763264],[-117.052497,32.763258],[-117.052283,32.763258],[-117.052058,32.763256],[-117.051384,32.76325],[-117.05116,32.763249],[-117.051154,32.763544],[-117.051143,32.764214],[-117.051142,32.764432],[-117.051141,32.764728],[-117.05114,32.764896],[-117.051136,32.765403],[-117.051136,32.765574],[-117.051135,32.765662],[-117.051133,32.765925],[-117.051133,32.766014],[-117.050051,32.766012],[-117.04843,32.76601],[-117.046784,32.766004],[-117.046564,32.766005],[-117.046189,32.766008],[-117.045904,32.766005],[-117.045685,32.766005],[-117.045664,32.766005],[-117.045604,32.766005],[-117.045584,32.766006],[-117.045584,32.766075],[-117.045586,32.766334],[-117.045598,32.767318],[-117.045601,32.767563],[-117.045602,32.767647],[-117.045446,32.76765],[-117.044979,32.767659],[-117.044824,32.767663],[-117.044725,32.767664],[-117.044428,32.767668],[-117.04433,32.767671],[-117.044148,32.767674],[-117.043604,32.767684],[-117.043423,32.767688],[-117.043262,32.767691],[-117.042779,32.767702],[-117.042619,32.767707],[-117.042364,32.76771],[-117.041601,32.767721],[-117.041347,32.767726],[-117.041157,32.767729],[-117.040587,32.767739],[-117.040398,32.767743],[-117.040402,32.767958],[-117.040409,32.76829],[-117.040417,32.768608],[-117.040424,32.768826],[-117.040323,32.768828],[-117.040129,32.76883],[-117.039247,32.768844],[-117.038953,32.768849],[-117.038957,32.768999],[-117.038971,32.769449],[-117.038976,32.7696],[-117.038976,32.769609],[-117.038976,32.769638],[-117.038977,32.769649],[-117.038982,32.769916],[-117.038992,32.770355],[-117.039642,32.770355],[-117.039664,32.770903],[-117.039803,32.770903],[-117.039901,32.770903],[-117.039904,32.771176],[-117.039906,32.771361],[-117.039909,32.77138],[-117.040257,32.771375],[-117.040357,32.771374],[-117.040377,32.770953],[-117.040475,32.770953],[-117.040599,32.770952],[-117.040975,32.770949],[-117.0411,32.770949],[-117.042238,32.770902],[-117.042693,32.7709],[-117.043134,32.770893],[-117.04446,32.770876],[-117.044902,32.77087],[-117.045326,32.770864],[-117.046598,32.770847],[-117.047023,32.770842],[-117.047014,32.770923],[-117.046975,32.771258],[-117.046834,32.772509],[-117.046828,32.772566],[-117.046788,32.772769],[-117.046746,32.772919],[-117.046724,32.772973],[-117.04666,32.773139],[-117.04665,32.773167],[-117.046638,32.773195],[-117.046607,32.773252],[-117.046515,32.773429],[-117.046485,32.773488],[-117.046703,32.773559],[-117.04736,32.773773],[-117.047579,32.773845],[-117.047783,32.773927],[-117.048397,32.774174],[-117.048602,32.774257],[-117.048606,32.774355],[-117.048621,32.774651],[-117.048626,32.77475],[-117.048646,32.77485],[-117.048676,32.774993],[-117.048708,32.775153],[-117.048719,32.775206],[-117.048729,32.775254],[-117.048747,32.775303],[-117.048801,32.77545],[-117.04882,32.7755],[-117.048818,32.775532],[-117.048816,32.775629],[-117.048816,32.775662],[-117.048815,32.775695],[-117.048812,32.775793],[-117.048812,32.775828],[-117.048784,32.77604],[-117.048702,32.776679],[-117.048675,32.776892],[-117.04867,32.77698],[-117.048657,32.777245],[-117.048653,32.777335],[-117.04923,32.77727],[-117.049593,32.777229],[-117.051151,32.777841],[-117.051259,32.777883],[-117.051318,32.777907],[-117.051377,32.777936],[-117.051283,32.777983],[-117.051002,32.778129],[-117.050909,32.77818],[-117.05079,32.778267],[-117.049738,32.778798],[-117.048666,32.779525],[-117.048653,32.780221],[-117.048565,32.78025],[-117.048233,32.780428],[-117.048147,32.780282],[-117.047809,32.78044],[-117.047816,32.78037],[-117.047682,32.780414],[-117.047585,32.78025],[-117.047452,32.780182],[-117.047298,32.780234],[-117.047196,32.780276],[-117.046959,32.779759],[-117.046584,32.779856],[-117.045689,32.779964],[-117.045603,32.77995],[-117.045261,32.779892],[-117.045264,32.77988],[-117.045268,32.779823],[-117.045273,32.779777],[-117.045265,32.779668],[-117.045253,32.779618],[-117.045238,32.779553],[-117.04504,32.779617],[-117.045031,32.77962],[-117.044836,32.779702],[-117.044656,32.779796],[-117.044487,32.779903],[-117.044457,32.779925],[-117.044329,32.780022],[-117.044286,32.780058],[-117.043703,32.779454],[-117.043703,32.779213],[-117.043704,32.778524],[-117.044127,32.777909],[-117.043684,32.777216],[-117.043601,32.777323],[-117.043355,32.777645],[-117.043273,32.777753],[-117.042976,32.77814],[-117.042765,32.778417],[-117.042625,32.778569],[-117.042482,32.7787],[-117.042327,32.778821],[-117.042161,32.778932],[-117.041959,32.779043],[-117.041876,32.77908],[-117.04177,32.779129],[-117.041576,32.7792],[-117.041418,32.779246],[-117.041361,32.779262],[-117.041248,32.779285],[-117.041139,32.779308],[-117.040733,32.779359],[-117.040561,32.779382],[-117.040458,32.779392],[-117.040149,32.779423],[-117.040047,32.779434],[-117.040027,32.779435],[-117.039969,32.779441],[-117.03995,32.779444],[-117.039951,32.779474],[-117.039954,32.779564],[-117.039955,32.779594],[-117.039961,32.779814],[-117.039979,32.780473],[-117.039985,32.780695],[-117.039989,32.780851],[-117.040002,32.78132],[-117.040003,32.781377],[-117.040007,32.781477],[-117.040124,32.781467],[-117.040204,32.781475],[-117.040353,32.78152],[-117.040368,32.78152],[-117.041466,32.781653],[-117.041833,32.781698],[-117.041633,32.781776],[-117.041035,32.78201],[-117.040836,32.782089],[-117.040851,32.782424],[-117.040864,32.782695],[-117.040862,32.782694],[-117.040705,32.783359],[-117.040089,32.78286],[-117.039168,32.783358],[-117.038646,32.784157],[-117.041859,32.78465],[-117.040164,32.786353],[-117.039448,32.786652],[-117.038232,32.788001],[-117.035663,32.787948],[-117.035614,32.787888],[-117.035662,32.787961],[-117.035666,32.787967],[-117.035747,32.788085],[-117.035812,32.788179],[-117.035862,32.788253],[-117.03595,32.788382],[-117.035958,32.788394],[-117.036028,32.788495],[-117.036158,32.788717],[-117.036173,32.788745],[-117.036514,32.788761],[-117.037488,32.788787],[-117.037845,32.789255],[-117.03809,32.789562],[-117.03809,32.790366],[-117.037668,32.790703],[-117.037345,32.790963],[-117.037399,32.791476],[-117.0371,32.791466],[-117.036526,32.791462],[-117.032967,32.791443],[-117.029838,32.791426],[-117.028882,32.791421],[-117.028823,32.79142],[-117.024503,32.791386],[-117.020112,32.791453],[-117.019663,32.791463],[-117.018317,32.791494],[-117.017869,32.791505],[-117.016457,32.791471],[-117.012221,32.79137],[-117.010809,32.791338],[-117.010737,32.7913],[-117.010521,32.791189],[-117.01045,32.791153],[-117.010102,32.791188],[-117.009058,32.791293],[-117.008711,32.791329],[-117.008418,32.791327],[-117.007543,32.791323],[-117.007251,32.791322],[-117.007229,32.791322],[-117.007164,32.791322],[-117.007143,32.791322],[-117.006532,32.79132],[-117.00649,32.79132],[-117.006192,32.79132],[-117.00601,32.79132],[-117.005997,32.792466],[-117.00598,32.794016],[-117.00588,32.794306],[-117.005825,32.794314],[-117.005665,32.794344],[-117.00566,32.794345],[-117.005608,32.794364],[-117.005499,32.794373],[-117.005303,32.79439],[-117.005174,32.794387],[-117.005066,32.794386],[-117.004969,32.794378],[-117.004888,32.794381],[-117.004885,32.794381],[-117.004792,32.794397],[-117.004709,32.794424],[-117.004369,32.794548],[-117.004199,32.794611],[-117.004112,32.794629],[-117.003851,32.794683],[-117.003765,32.794703],[-117.003407,32.794705],[-117.003251,32.794707],[-117.003095,32.794792],[-117.00291,32.795077],[-117.002629,32.795247],[-117.002557,32.795256],[-117.002203,32.795303],[-117.001228,32.795381],[-117.000833,32.795413],[-116.999263,32.796543],[-116.999239,32.795941],[-116.999201,32.794966],[-116.999123,32.79497],[-116.998891,32.794981],[-116.998814,32.794987],[-116.998645,32.794989],[-116.998139,32.794997],[-116.997971,32.795001],[-116.997489,32.795013],[-116.997503,32.79525],[-116.997134,32.795222],[-116.997122,32.794989],[-116.994735,32.79501],[-116.993675,32.795031],[-116.99204,32.795066],[-116.991187,32.795154],[-116.990973,32.795235],[-116.990909,32.795234],[-116.990568,32.795234],[-116.990271,32.795341],[-116.990208,32.795367],[-116.989986,32.795463],[-116.989764,32.795563],[-116.989398,32.795737],[-116.9891,32.795879],[-116.98817,32.795924],[-116.988132,32.795278],[-116.988094,32.795274],[-116.987739,32.795248],[-116.987699,32.795538],[-116.987462,32.795483],[-116.98748,32.795437],[-116.987635,32.795069],[-116.987207,32.79486],[-116.986945,32.794732],[-116.98666,32.794353],[-116.986775,32.794229],[-116.987289,32.793626],[-116.988352,32.792382],[-116.987958,32.790896],[-116.986825,32.790946],[-116.986311,32.79097],[-116.986026,32.790895],[-116.985739,32.790865],[-116.985757,32.790528],[-116.985688,32.790512],[-116.985645,32.790143],[-116.985961,32.790056],[-116.987857,32.789547],[-116.987743,32.789217],[-116.987504,32.788522],[-116.987491,32.788489],[-116.98732,32.787953],[-116.986529,32.788176],[-116.984823,32.788658],[-116.98436,32.787952],[-116.9856,32.787045],[-116.985616,32.787035],[-116.985582,32.786478],[-116.986335,32.786583],[-116.986347,32.786537],[-116.986326,32.786206],[-116.986234,32.785814],[-116.986205,32.785687],[-116.985016,32.785663],[-116.984441,32.785652],[-116.986092,32.78465],[-116.987557,32.78394],[-116.987056,32.782875],[-116.987847,32.78257],[-116.988738,32.782228],[-116.989563,32.781502],[-116.989714,32.781367],[-116.99017,32.780962],[-116.990322,32.780828],[-116.990032,32.78063],[-116.98934,32.780156],[-116.989142,32.780081],[-116.988815,32.779958],[-116.988693,32.779922],[-116.98833,32.779818],[-116.98821,32.779783],[-116.98822,32.779735],[-116.988249,32.779592],[-116.98826,32.779545],[-116.988225,32.779459],[-116.988123,32.779203],[-116.988089,32.779118],[-116.988144,32.779119],[-116.988556,32.779138],[-116.989107,32.779165],[-116.989957,32.779192],[-116.990425,32.779207],[-116.991365,32.779209],[-116.993506,32.779216],[-116.994186,32.779269],[-116.994262,32.779277],[-116.994952,32.779317],[-116.995125,32.779335],[-116.995537,32.779341],[-116.996613,32.779357],[-116.996776,32.779359],[-116.997189,32.779365],[-116.998036,32.779375],[-116.998437,32.77938],[-116.998788,32.779371],[-116.999138,32.779349],[-116.999513,32.77931],[-116.999884,32.779255],[-117.000177,32.779201],[-117.000491,32.779131],[-117.000558,32.779111],[-117.000838,32.779037],[-117.001191,32.778924],[-117.001367,32.778858],[-117.001434,32.778832],[-117.001512,32.778804],[-117.001635,32.778751],[-117.001702,32.778723],[-117.001986,32.778592],[-117.00209,32.778545],[-117.002482,32.77834],[-117.00357,32.777764],[-117.003588,32.777755],[-117.003646,32.777728],[-117.003665,32.777719],[-117.003705,32.777699],[-117.003828,32.777642],[-117.003869,32.777625],[-117.003882,32.777617],[-117.003924,32.7776],[-117.003938,32.777595],[-117.004092,32.777532],[-117.004238,32.777473],[-117.004562,32.777357],[-117.004598,32.777345],[-117.004722,32.777306],[-117.004698,32.777273],[-117.004655,32.777214],[-117.004626,32.777174],[-117.004603,32.777142],[-117.004575,32.777104],[-117.004509,32.777014],[-117.004495,32.776991],[-117.004473,32.776951],[-117.004462,32.776932],[-117.00443,32.776876],[-117.00442,32.776858],[-117.004342,32.776728],[-117.004319,32.776687],[-117.004315,32.776677],[-117.004249,32.776533],[-117.004199,32.776385],[-117.004164,32.776234],[-117.004143,32.776081],[-117.004143,32.77608],[-117.004138,32.775906],[-117.004143,32.775874],[-117.004138,32.775818],[-117.004145,32.775711],[-117.004148,32.775676],[-117.004175,32.775546],[-117.004218,32.775422],[-117.004301,32.775252],[-117.004374,32.775107],[-117.00446,32.774947],[-117.00454,32.77478],[-117.004589,32.77468],[-117.004937,32.773839],[-117.00497,32.773771],[-117.005038,32.773636],[-117.00515,32.773453],[-117.00523,32.773345],[-117.005246,32.773325],[-117.005305,32.773255],[-117.005571,32.772973],[-117.005682,32.772859],[-117.005723,32.772815],[-117.00585,32.772686],[-117.005892,32.772643],[-117.005891,32.772312],[-117.005891,32.771783],[-117.006713,32.770937],[-117.006858,32.770806],[-117.007017,32.770688],[-117.007174,32.770591],[-117.007327,32.770513],[-117.007911,32.770217],[-117.009481,32.769425],[-117.009324,32.769163],[-117.009211,32.768975],[-117.009182,32.768928],[-117.009097,32.768789],[-117.009069,32.768743],[-117.009002,32.76863],[-117.00894,32.768526],[-117.008806,32.768289],[-117.008742,32.768176],[-117.008771,32.768161],[-117.008861,32.76812],[-117.008891,32.768106],[-117.009285,32.767924],[-117.009636,32.767763],[-117.009765,32.767708],[-117.009915,32.767656],[-117.010086,32.767611],[-117.01052,32.767533],[-117.010665,32.767507],[-117.010948,32.767459],[-117.01116,32.767422],[-117.011305,32.767408],[-117.011377,32.769334],[-117.011583,32.769267],[-117.011984,32.769137],[-117.012216,32.769061],[-117.012912,32.768834],[-117.013145,32.768759],[-117.013289,32.768715],[-117.01335,32.768697],[-117.013557,32.768641],[-117.013728,32.768597],[-117.013876,32.768562],[-117.013865,32.768327],[-117.013833,32.767625],[-117.013823,32.767391],[-117.013979,32.76739],[-117.014048,32.767396],[-117.014057,32.767398],[-117.01411,32.767413],[-117.01418,32.767448],[-117.014258,32.767509],[-117.014317,32.767541],[-117.014393,32.767564],[-117.014474,32.767571],[-117.014554,32.76756],[-117.014605,32.767543],[-117.014668,32.767509],[-117.014698,32.767484],[-117.01487,32.767342],[-117.01488,32.767335],[-117.014899,32.767316],[-117.01499,32.767219],[-117.015005,32.767197],[-117.015049,32.767137],[-117.015166,32.766886],[-117.015197,32.766805],[-117.015231,32.766691],[-117.015286,32.766514],[-117.015351,32.76628],[-117.015475,32.765845],[-117.015807,32.765821],[-117.016134,32.765687],[-117.016643,32.765483],[-117.017729,32.765039],[-117.01877,32.764615],[-117.018884,32.764814],[-117.018978,32.764979],[-117.01919,32.764893],[-117.019828,32.764637],[-117.020041,32.764552],[-117.020076,32.764536],[-117.020106,32.764525],[-117.020183,32.764491],[-117.020219,32.764477],[-117.020255,32.764462],[-117.020364,32.764418],[-117.020401,32.764404],[-117.020306,32.764238],[-117.020196,32.764045],[-117.020724,32.763827],[-117.021217,32.763624],[-117.02229,32.76318],[-117.022403,32.763382],[-117.022498,32.76355],[-117.022842,32.76341],[-117.022939,32.763378],[-117.022984,32.763368],[-117.02305,32.763357],[-117.023147,32.763352],[-117.023884,32.76339],[-117.024045,32.763411],[-117.024196,32.763446],[-117.024337,32.763494],[-117.024466,32.763552],[-117.02451,32.763576],[-117.024963,32.763834],[-117.025062,32.763706],[-117.025362,32.763326],[-117.025462,32.763199],[-117.025477,32.763178],[-117.025523,32.763117],[-117.025539,32.763097],[-117.025547,32.763131],[-117.025564,32.763204],[-117.025576,32.763233],[-117.02559,32.763268],[-117.025606,32.763308],[-117.025665,32.763406],[-117.025728,32.763486],[-117.025806,32.763563],[-117.025871,32.763613],[-117.025889,32.763628],[-117.025991,32.763688],[-117.026094,32.76373],[-117.026201,32.763761],[-117.026313,32.763781],[-117.026442,32.763789],[-117.026572,32.763781],[-117.026699,32.763757],[-117.026815,32.763721],[-117.026929,32.763669],[-117.027021,32.763612],[-117.027114,32.763535],[-117.027122,32.763525],[-117.027149,32.763496],[-117.027171,32.763444],[-117.027174,32.763391],[-117.027149,32.763089],[-117.027533,32.762864],[-117.028686,32.762195],[-117.029071,32.761972],[-117.029171,32.762093],[-117.029473,32.762462],[-117.029574,32.762585],[-117.029686,32.762518],[-117.030025,32.762324],[-117.030138,32.76226],[-117.030185,32.762231],[-117.030329,32.762146],[-117.030377,32.762118],[-117.030698,32.76193],[-117.031665,32.761369],[-117.031807,32.761287],[-117.031985,32.761179],[-117.032244,32.761014],[-117.032635,32.760765],[-117.033016,32.760512],[-117.033273,32.760343],[-117.033633,32.760104],[-117.034713,32.759391],[-117.035074,32.759153]]]}},{"type":"Feature","properties":{"ZCTA5CE10":"91941","GEOID10":"91941"},"geometry":{"type":"Polygon","coordinates":[[[-117.049183,32.751113],[-117.04918,32.75128],[-117.049173,32.751784],[-117.049171,32.751952],[-117.049164,32.752512],[-117.049144,32.754194],[-117.049138,32.754755],[-117.049039,32.754764],[-117.048852,32.754779],[-117.048608,32.7548],[-117.047996,32.754848],[-117.047945,32.754853],[-117.047848,32.754848],[-117.047815,32.754844],[-117.047714,32.754817],[-117.047567,32.754804],[-117.047522,32.754783],[-117.047466,32.754758],[-117.046988,32.754534],[-117.04681,32.754452],[-117.046106,32.754235],[-117.045873,32.754164],[-117.045748,32.75414],[-117.04562,32.754132],[-117.045506,32.754136],[-117.043927,32.754356],[-117.043199,32.754458],[-117.043163,32.754596],[-117.043055,32.755013],[-117.04302,32.755152],[-117.042589,32.755255],[-117.041299,32.755563],[-117.040869,32.755667],[-117.040717,32.755702],[-117.040538,32.755746],[-117.040268,32.755828],[-117.040262,32.75583],[-117.040122,32.75588],[-117.04012,32.755879],[-117.040117,32.755882],[-117.040116,32.755883],[-117.040064,32.755814],[-117.039908,32.755609],[-117.039896,32.755593],[-117.039878,32.75553],[-117.039613,32.75547],[-117.039588,32.755465],[-117.03956,32.755473],[-117.039541,32.755495],[-117.039524,32.755555],[-117.039488,32.7556],[-117.0393,32.755739],[-117.039085,32.7559],[-117.03758,32.756993],[-117.037501,32.757051],[-117.036993,32.757392],[-117.037044,32.757455],[-117.0372,32.757648],[-117.037253,32.757712],[-117.037236,32.757723],[-117.037185,32.757756],[-117.037169,32.757768],[-117.036946,32.757914],[-117.036276,32.758355],[-117.036054,32.758503],[-117.036033,32.758516],[-117.035973,32.758556],[-117.035953,32.75857],[-117.035777,32.758685],[-117.035249,32.759036],[-117.035074,32.759153],[-117.034713,32.759391],[-117.033633,32.760104],[-117.033273,32.760343],[-117.033016,32.760512],[-117.032635,32.760765],[-117.032244,32.761014],[-117.031985,32.761179],[-117.031807,32.761287],[-117.031665,32.761369],[-117.030698,32.76193],[-117.030377,32.762118],[-117.030329,32.762146],[-117.030185,32.762231],[-117.030138,32.76226],[-117.030025,32.762324],[-117.029686,32.762518],[-117.029574,32.762585],[-117.029473,32.762462],[-117.029171,32.762093],[-117.029071,32.761972],[-117.028686,32.762195],[-117.027533,32.762864],[-117.027149,32.763089],[-117.027174,32.763391],[-117.027171,32.763444],[-117.027149,32.763496],[-117.027122,32.763525],[-117.027114,32.763535],[-117.027021,32.763612],[-117.026929,32.763669],[-117.026815,32.763721],[-117.026699,32.763757],[-117.026572,32.763781],[-117.026442,32.763789],[-117.026313,32.763781],[-117.026201,32.763761],[-117.026094,32.76373],[-117.025991,32.763688],[-117.025889,32.763628],[-117.025871,32.763613],[-117.025806,32.763563],[-117.025728,32.763486],[-117.025665,32.763406],[-117.025606,32.763308],[-117.02559,32.763268],[-117.025576,32.763233],[-117.025564,32.763204],[-117.025547,32.763131],[-117.025539,32.763097],[-117.025523,32.763117],[-117.025477,32.763178],[-117.025462,32.763199],[-117.025362,32.763326],[-117.025062,32.763706],[-117.024963,32.763834],[-117.02451,32.763576],[-117.024466,32.763552],[-117.024337,32.763494],[-117.024196,32.763446],[-117.024045,32.763411],[-117.023884,32.76339],[-117.023147,32.763352],[-117.02305,32.763357],[-117.022984,32.763368],[-117.022939,32.763378],[-117.022842,32.76341],[-117.022498,32.76355],[-117.022403,32.763382],[-117.02229,32.76318],[-117.021217,32.763624],[-117.020724,32.763827],[-117.020196,32.764045],[-117.020306,32.764238],[-117.020401,32.764404],[-117.020364,32.764418],[-117.020255,32.764462],[-117.020219,32.764477],[-117.020183,32.764491],[-117.020106,32.764525],[-117.020076,32.764536],[-117.020041,32.764552],[-117.019828,32.764637],[-117.01919,32.764893],[-117.018978,32.764979],[-117.018884,32.764814],[-117.01877,32.764615],[-117.017729,32.765039],[-117.016643,32.765483],[-117.016134,32.765687],[-117.015807,32.765821],[-117.015475,32.765845],[-117.015351,32.76628],[-117.015286,32.766514],[-117.015231,32.766691],[-117.015197,32.766805],[-117.015166,32.766886],[-117.015049,32.767137],[-117.015005,32.767197],[-117.01499,32.767219],[-117.014899,32.767316],[-117.01488,32.767335],[-117.01487,32.767342],[-117.014698,32.767484],[-117.014668,32.767509],[-117.014605,32.767543],[-117.014554,32.76756],[-117.014474,32.767571],[-117.014393,32.767564],[-117.014317,32.767541],[-117.014258,32.767509],[-117.01418,32.767448],[-117.01411,32.767413],[-117.014057,32.767398],[-117.014048,32.767396],[-117.013979,32.76739],[-117.013823,32.767391],[-117.013833,32.767625],[-117.013865,32.768327],[-117.013876,32.768562],[-117.013728,32.768597],[-117.013557,32.768641],[-117.01335,32.768697],[-117.013289,32.768715],[-117.013145,32.768759],[-117.012912,32.768834],[-117.012216,32.769061],[-117.011984,32.769137],[-117.011583,32.769267],[-117.011377,32.769334],[-117.011305,32.767408],[-117.01116,32.767422],[-117.010948,32.767459],[-117.010665,32.767507],[-117.01052,32.767533],[-117.010086,32.767611],[-117.009915,32.767656],[-117.009765,32.767708],[-117.009636,32.767763],[-117.009285,32.767924],[-117.008891,32.768106],[-117.008861,32.76812],[-117.008771,32.768161],[-117.008742,32.768176],[-117.008806,32.768289],[-117.00894,32.768526],[-117.009002,32.76863],[-117.009069,32.768743],[-117.009097,32.768789],[-117.009182,32.768928],[-117.009211,32.768975],[-117.009324,32.769163],[-117.009481,32.769425],[-117.007911,32.770217],[-117.007327,32.770513],[-117.007174,32.770591],[-117.007017,32.770688],[-117.006858,32.770806],[-117.006713,32.770937],[-117.005891,32.771783],[-117.005891,32.772312],[-117.005892,32.772643],[-117.00585,32.772686],[-117.005723,32.772815],[-117.005682,32.772859],[-117.005571,32.772973],[-117.005305,32.773255],[-117.005246,32.773325],[-117.00523,32.773345],[-117.00515,32.773453],[-117.005038,32.773636],[-117.00497,32.773771],[-117.004937,32.773839],[-117.004589,32.77468],[-117.00454,32.77478],[-117.00446,32.774947],[-117.004374,32.775107],[-117.004301,32.775252],[-117.004218,32.775422],[-117.004175,32.775546],[-117.004148,32.775676],[-117.004145,32.775711],[-117.004138,32.775818],[-117.004143,32.775874],[-117.004138,32.775906],[-117.004143,32.77608],[-117.004143,32.776081],[-117.004164,32.776234],[-117.004199,32.776385],[-117.004249,32.776533],[-117.004315,32.776677],[-117.004319,32.776687],[-117.004342,32.776728],[-117.00442,32.776858],[-117.00443,32.776876],[-117.004462,32.776932],[-117.004473,32.776951],[-117.004495,32.776991],[-117.004509,32.777014],[-117.004575,32.777104],[-117.004603,32.777142],[-117.004626,32.777174],[-117.004655,32.777214],[-117.004698,32.777273],[-117.004722,32.777306],[-117.004598,32.777345],[-117.004562,32.777357],[-117.004238,32.777473],[-117.004092,32.777532],[-117.003938,32.777595],[-117.003924,32.7776],[-117.003882,32.777617],[-117.003869,32.777625],[-117.003828,32.777642],[-117.003705,32.777699],[-117.003665,32.777719],[-117.003646,32.777728],[-117.003588,32.777755],[-117.00357,32.777764],[-117.002482,32.77834],[-117.00209,32.778545],[-117.001986,32.778592],[-117.001702,32.778723],[-117.001635,32.778751],[-117.001512,32.778804],[-117.001434,32.778832],[-117.001367,32.778858],[-117.001191,32.778924],[-117.000838,32.779037],[-117.000558,32.779111],[-117.000491,32.779131],[-117.000177,32.779201],[-116.999884,32.779255],[-116.999513,32.77931],[-116.999138,32.779349],[-116.998788,32.779371],[-116.998437,32.77938],[-116.998036,32.779375],[-116.997189,32.779365],[-116.996776,32.779359],[-116.996613,32.779357],[-116.995537,32.779341],[-116.995125,32.779335],[-116.994952,32.779317],[-116.994262,32.779277],[-116.994186,32.779269],[-116.993506,32.779216],[-116.991365,32.779209],[-116.990425,32.779207],[-116.989957,32.779192],[-116.989107,32.779165],[-116.988556,32.779138],[-116.988144,32.779119],[-116.988089,32.779118],[-116.986459,32.779086],[-116.986081,32.779079],[-116.98565,32.779105],[-116.985456,32.779129],[-116.985169,32.779178],[-116.985033,32.779208],[-116.984903,32.779047],[-116.984834,32.778993],[-116.984805,32.778906],[-116.984773,32.778922],[-116.984535,32.778956],[-116.984492,32.778965],[-116.984423,32.778968],[-116.984357,32.778968],[-116.984297,32.77896],[-116.984137,32.778921],[-116.984088,32.778912],[-116.984045,32.77891],[-116.984001,32.778917],[-116.983946,32.778944],[-116.983828,32.779021],[-116.98376,32.779044],[-116.983702,32.779052],[-116.983664,32.779055],[-116.983604,32.779054],[-116.983536,32.779046],[-116.983466,32.779027],[-116.983392,32.779002],[-116.983331,32.778968],[-116.983298,32.778948],[-116.983269,32.778903],[-116.983235,32.778874],[-116.983217,32.77884],[-116.983198,32.7788],[-116.98319,32.778765],[-116.983175,32.77874],[-116.983151,32.77871],[-116.983112,32.778693],[-116.98303,32.778672],[-116.983047,32.77862],[-116.983064,32.778596],[-116.98297,32.778566],[-116.982929,32.77856],[-116.982889,32.778557],[-116.982682,32.778554],[-116.982674,32.778588],[-116.982584,32.778883],[-116.982607,32.778889],[-116.982631,32.778911],[-116.982724,32.778979],[-116.982765,32.779035],[-116.982557,32.779023],[-116.98253,32.779041],[-116.98234,32.779173],[-116.982234,32.779027],[-116.982085,32.779008],[-116.98174,32.77896],[-116.9817,32.779425],[-116.981669,32.779425],[-116.98166,32.779078],[-116.981118,32.77908],[-116.981364,32.778379],[-116.981391,32.778303],[-116.981522,32.778098],[-116.981511,32.778092],[-116.981133,32.777884],[-116.981114,32.777863],[-116.980885,32.777971],[-116.980791,32.778248],[-116.980508,32.778135],[-116.980421,32.778101],[-116.979631,32.778011],[-116.978566,32.778261],[-116.97745,32.778226],[-116.977598,32.777826],[-116.977448,32.777768],[-116.977215,32.777677],[-116.977088,32.777575],[-116.977003,32.777522],[-116.976957,32.777404],[-116.976826,32.777242],[-116.976627,32.776795],[-116.976569,32.77675],[-116.976485,32.776723],[-116.9764,32.776729],[-116.976311,32.77674],[-116.976188,32.77673],[-116.976088,32.776687],[-116.976003,32.776622],[-116.975975,32.776556],[-116.97594,32.776485],[-116.975897,32.776312],[-116.975855,32.77627],[-116.975812,32.776246],[-116.975762,32.776235],[-116.975706,32.776235],[-116.975493,32.776288],[-116.975443,32.776306],[-116.975365,32.776306],[-116.975266,32.7763],[-116.975181,32.776258],[-116.975032,32.776157],[-116.974926,32.776115],[-116.97477,32.776056],[-116.974798,32.775966],[-116.974628,32.775835],[-116.974317,32.775764],[-116.97426,32.775728],[-116.974227,32.7757],[-116.974132,32.775597],[-116.974111,32.775561],[-116.974092,32.775508],[-116.974076,32.7754],[-116.974076,32.775192],[-116.974139,32.775168],[-116.975204,32.7742],[-116.975429,32.773994],[-116.975476,32.773863],[-116.97566,32.773246],[-116.975048,32.773239],[-116.974314,32.773226],[-116.974317,32.773286],[-116.97432,32.773334],[-116.974338,32.773379],[-116.974183,32.773379],[-116.974183,32.773695],[-116.973852,32.773698],[-116.973664,32.773701],[-116.973381,32.773695],[-116.973369,32.773344],[-116.973372,32.773173],[-116.971843,32.773183],[-116.969327,32.773199],[-116.968759,32.773202],[-116.968754,32.773447],[-116.968741,32.773213],[-116.967738,32.773193],[-116.965693,32.773174],[-116.963978,32.773158],[-116.963978,32.773182],[-116.963981,32.773414],[-116.963936,32.773384],[-116.963633,32.773296],[-116.963367,32.77336],[-116.963131,32.773652],[-116.963053,32.773818],[-116.962966,32.773903],[-116.962834,32.77395],[-116.962445,32.774095],[-116.9623,32.774207],[-116.962298,32.774352],[-116.962299,32.774395],[-116.962137,32.774583],[-116.96211,32.774614],[-116.962069,32.774653],[-116.962022,32.774687],[-116.961976,32.774716],[-116.961919,32.774741],[-116.961863,32.774764],[-116.961806,32.774778],[-116.961747,32.774787],[-116.961694,32.774792],[-116.961629,32.774792],[-116.961577,32.774787],[-116.961515,32.774775],[-116.961476,32.774764],[-116.961408,32.774739],[-116.961271,32.774669],[-116.960851,32.774606],[-116.960277,32.775162],[-116.960254,32.775169],[-116.960217,32.775175],[-116.960188,32.775177],[-116.960154,32.775188],[-116.960115,32.775203],[-116.960075,32.775224],[-116.960034,32.77525],[-116.959998,32.77528],[-116.95997,32.775307],[-116.95994,32.775343],[-116.959925,32.775373],[-116.959875,32.775373],[-116.959831,32.775374],[-116.95971,32.775664],[-116.959517,32.775686],[-116.959465,32.775694],[-116.959376,32.775597],[-116.959338,32.775579],[-116.959293,32.775574],[-116.959288,32.775575],[-116.95925,32.775585],[-116.959241,32.775589],[-116.959114,32.775656],[-116.959037,32.775682],[-116.959032,32.775684],[-116.958948,32.7757],[-116.958917,32.775705],[-116.958827,32.775722],[-116.958797,32.775728],[-116.958895,32.775568],[-116.95897,32.775416],[-116.959038,32.775233],[-116.959055,32.775162],[-116.959082,32.775058],[-116.959109,32.774867],[-116.959114,32.774675],[-116.959098,32.774497],[-116.959068,32.774334],[-116.959054,32.774282],[-116.959006,32.774122],[-116.958948,32.773985],[-116.958633,32.773394],[-116.95852,32.773182],[-116.958482,32.773097],[-116.958423,32.772955],[-116.958406,32.772807],[-116.958382,32.772823],[-116.958387,32.772802],[-116.958489,32.772754],[-116.958521,32.772734],[-116.958633,32.772668],[-116.958702,32.772632],[-116.958748,32.77262],[-116.958765,32.772617],[-116.958846,32.772614],[-116.958854,32.77258],[-116.959644,32.772578],[-116.959685,32.772579],[-116.959691,32.772217],[-116.959499,32.772218],[-116.958936,32.772219],[-116.958908,32.772219],[-116.958431,32.772222],[-116.958361,32.771206],[-116.958674,32.771204],[-116.958724,32.771202],[-116.958803,32.7712],[-116.959695,32.771199],[-116.959847,32.771198],[-116.961726,32.771187],[-116.96173,32.770582],[-116.961784,32.77053],[-116.961777,32.769947],[-116.96226,32.769798],[-116.962237,32.768717],[-116.962228,32.768212],[-116.962224,32.768035],[-116.961893,32.768034],[-116.961301,32.768031],[-116.961258,32.767967],[-116.96124,32.767977],[-116.961187,32.768008],[-116.96117,32.768019],[-116.961105,32.768056],[-116.961077,32.768074],[-116.96096,32.768123],[-116.960899,32.768138],[-116.960852,32.768151],[-116.960827,32.768156],[-116.960679,32.76817],[-116.960655,32.768169],[-116.960519,32.768168],[-116.960358,32.768148],[-116.960247,32.768124],[-116.960151,32.768084],[-116.959993,32.768018],[-116.959736,32.767915],[-116.958969,32.767609],[-116.958713,32.767508],[-116.95875,32.767437],[-116.958855,32.767224],[-116.958894,32.767149],[-116.958969,32.767011],[-116.959092,32.766818],[-116.95923,32.766631],[-116.959393,32.766442],[-116.959632,32.766202],[-116.959917,32.765918],[-116.959439,32.765925],[-116.958912,32.765934],[-116.958735,32.765956],[-116.958595,32.76599],[-116.95846,32.766038],[-116.958399,32.766065],[-116.958062,32.766226],[-116.957631,32.766432],[-116.95707,32.766119],[-116.957036,32.7661],[-116.956565,32.765544],[-116.956525,32.765469],[-116.956508,32.765402],[-116.956507,32.765333],[-116.95664,32.764464],[-116.956656,32.764412],[-116.956719,32.764219],[-116.956886,32.76394],[-116.956966,32.76386],[-116.957013,32.763812],[-116.957083,32.763744],[-116.957086,32.763638],[-116.957088,32.763571],[-116.95709,32.763502],[-116.956911,32.76345],[-116.956177,32.763236],[-116.95606,32.763203],[-116.956062,32.763071],[-116.955997,32.763049],[-116.955911,32.763021],[-116.95581,32.762974],[-116.955768,32.762956],[-116.955749,32.762947],[-116.955756,32.762553],[-116.955748,32.76246],[-116.955689,32.762232],[-116.955688,32.76215],[-116.955701,32.762082],[-116.955732,32.762009],[-116.955776,32.761954],[-116.955806,32.761888],[-116.955817,32.761834],[-116.955816,32.761766],[-116.955797,32.761699],[-116.955766,32.761645],[-116.955761,32.761637],[-116.955725,32.761597],[-116.955499,32.761387],[-116.955423,32.761335],[-116.955347,32.761264],[-116.955288,32.761182],[-116.955251,32.761106],[-116.955228,32.761026],[-116.95522,32.76093],[-116.955225,32.760687],[-116.955207,32.760595],[-116.955174,32.760518],[-116.955065,32.760326],[-116.955039,32.760247],[-116.95503,32.760165],[-116.955039,32.760083],[-116.955066,32.760004],[-116.95507,32.759994],[-116.955108,32.759934],[-116.955162,32.759883],[-116.955215,32.759851],[-116.95529,32.759825],[-116.95537,32.759815],[-116.955451,32.759822],[-116.955487,32.759831],[-116.956518,32.760234],[-116.95661,32.760291],[-116.956701,32.760369],[-116.956777,32.760459],[-116.956828,32.760545],[-116.95687,32.76063],[-116.956877,32.760644],[-116.956927,32.760715],[-116.957011,32.760799],[-116.957112,32.760868],[-116.957187,32.760904],[-116.95807,32.761182],[-116.957991,32.761153],[-116.957935,32.761124],[-116.957896,32.7611],[-116.957825,32.761043],[-116.957758,32.760965],[-116.957715,32.760891],[-116.957714,32.760889],[-116.957687,32.760812],[-116.957675,32.760731],[-116.957678,32.760648],[-116.957702,32.760554],[-116.95775,32.760463],[-116.957753,32.760415],[-116.957802,32.760364],[-116.957835,32.760304],[-116.95784,32.760286],[-116.95786,32.760234],[-116.957887,32.7602],[-116.957947,32.760155],[-116.958,32.760103],[-116.958035,32.760041],[-116.95805,32.759988],[-116.958051,32.759919],[-116.957659,32.75968],[-116.956738,32.75972],[-116.956738,32.758608],[-116.957895,32.758608],[-116.957966,32.757973],[-116.959689,32.757973],[-116.959683,32.757824],[-116.959306,32.757823],[-116.957826,32.75782],[-116.956968,32.757815],[-116.95655,32.757814],[-116.956422,32.7578],[-116.956296,32.757771],[-116.956198,32.757738],[-116.956084,32.757686],[-116.956049,32.757665],[-116.955624,32.75741],[-116.955483,32.757327],[-116.955354,32.75725],[-116.954968,32.757019],[-116.954857,32.756954],[-116.954839,32.756946],[-116.954709,32.75689],[-116.954693,32.756884],[-116.95457,32.756851],[-116.954432,32.75683],[-116.954296,32.756825],[-116.954227,32.75683],[-116.954071,32.756843],[-116.953782,32.756864],[-116.953661,32.756875],[-116.953531,32.756871],[-116.95358,32.758595],[-116.950934,32.758596],[-116.949759,32.758595],[-116.949343,32.758595],[-116.949317,32.758857],[-116.945667,32.758631],[-116.945652,32.757182],[-116.945055,32.757161],[-116.945056,32.757057],[-116.945055,32.756988],[-116.945052,32.75595],[-116.945049,32.754971],[-116.944945,32.751277],[-116.945668,32.75128],[-116.945867,32.75128],[-116.946466,32.751283],[-116.946666,32.751284],[-116.947746,32.749854],[-116.951247,32.748846],[-116.9509,32.748289],[-116.951531,32.746698],[-116.951404,32.745584],[-116.950048,32.743992],[-116.948534,32.743195],[-116.946957,32.743488],[-116.945038,32.742849],[-116.944869,32.739567],[-116.947667,32.73925],[-116.947991,32.739226],[-116.948332,32.739217],[-116.94869,32.739226],[-116.94903,32.739252],[-116.949336,32.73929],[-116.949639,32.739342],[-116.949805,32.739376],[-116.949953,32.73941],[-116.950263,32.739494],[-116.950678,32.739612],[-116.951075,32.739735],[-116.951496,32.739881],[-116.951726,32.73998],[-116.952023,32.740121],[-116.952746,32.740502],[-116.95296,32.740627],[-116.953031,32.740675],[-116.953176,32.740773],[-116.953963,32.741384],[-116.954089,32.741491],[-116.954225,32.741628],[-116.954348,32.741773],[-116.955162,32.742921],[-116.956042,32.744163],[-116.9562,32.744354],[-116.956364,32.744525],[-116.956408,32.744565],[-116.95653,32.744676],[-116.956706,32.744818],[-116.956963,32.74502],[-116.957234,32.745216],[-116.957516,32.745401],[-116.957811,32.745574],[-116.957901,32.745622],[-116.957982,32.745657],[-116.958121,32.745707],[-116.958295,32.745754],[-116.958473,32.745785],[-116.958619,32.745797],[-116.958653,32.7458],[-116.958805,32.7458],[-116.959981,32.745705],[-116.96115,32.74561],[-116.961994,32.745543],[-116.962081,32.745517],[-116.962344,32.745441],[-116.962432,32.745417],[-116.962812,32.745322],[-116.963953,32.745041],[-116.964334,32.744947],[-116.964308,32.744999],[-116.964231,32.745156],[-116.964206,32.745209],[-116.964136,32.745351],[-116.964061,32.745508],[-116.963976,32.745641],[-116.963889,32.745753],[-116.96387,32.745779],[-116.963785,32.745873],[-116.963666,32.745986],[-116.963526,32.7461],[-116.963349,32.746221],[-116.962712,32.746662],[-116.962582,32.746774],[-116.962476,32.746883],[-116.963128,32.748945],[-116.966547,32.750208],[-116.967528,32.749889],[-116.970521,32.752508],[-116.971625,32.752541],[-116.971993,32.751415],[-116.972807,32.751433],[-116.973721,32.751444],[-116.974964,32.75152],[-116.975202,32.751518],[-116.975207,32.752277],[-116.975817,32.752298],[-116.977107,32.751578],[-116.979156,32.7517],[-116.979616,32.753083],[-116.979688,32.755015],[-116.980834,32.7554],[-116.983893,32.755488],[-116.984356,32.755627],[-116.984379,32.75565],[-116.984415,32.755707],[-116.984434,32.755769],[-116.984433,32.755816],[-116.984428,32.756453],[-116.984427,32.756667],[-116.984544,32.756667],[-116.984865,32.75667],[-116.984897,32.756677],[-116.984912,32.756681],[-116.984954,32.756702],[-116.984996,32.75674],[-116.98513,32.756476],[-116.985726,32.756494],[-116.986073,32.756489],[-116.986513,32.756484],[-116.986535,32.756481],[-116.986561,32.756465],[-116.986571,32.756439],[-116.986572,32.756162],[-116.986591,32.756118],[-116.986624,32.756087],[-116.986761,32.756022],[-116.987077,32.755876],[-116.987123,32.755965],[-116.987148,32.756014],[-116.987213,32.756183],[-116.98723,32.756248],[-116.987257,32.756347],[-116.987272,32.756462],[-116.987279,32.756511],[-116.987279,32.756537],[-116.987281,32.756676],[-116.987267,32.756811],[-116.987267,32.756816],[-116.987246,32.756927],[-116.987236,32.756957],[-116.987207,32.75705],[-116.987198,32.757082],[-116.987148,32.757202],[-116.98714,32.757224],[-116.987065,32.757362],[-116.986975,32.757492],[-116.986938,32.757534],[-116.986873,32.757611],[-116.986851,32.757633],[-116.986719,32.757755],[-116.98658,32.757863],[-116.98645,32.757945],[-116.986357,32.757993],[-116.986298,32.758025],[-116.986108,32.758104],[-116.985987,32.758144],[-116.985539,32.758276],[-116.985416,32.758314],[-116.985298,32.758364],[-116.98519,32.758422],[-116.985076,32.7585],[-116.984985,32.758578],[-116.98475,32.75882],[-116.984709,32.758862],[-116.988532,32.758749],[-116.988715,32.758742],[-116.988754,32.758785],[-116.988812,32.758827],[-116.988868,32.758851],[-116.98888,32.758853],[-116.988934,32.758864],[-116.989257,32.758865],[-116.989598,32.758867],[-116.989566,32.757787],[-116.99088,32.757823],[-116.990782,32.757368],[-116.991058,32.757292],[-116.991089,32.75728],[-116.991143,32.75725],[-116.991186,32.757209],[-116.991216,32.75716],[-116.991217,32.757154],[-116.991232,32.757107],[-116.991229,32.756832],[-116.991233,32.756642],[-116.991247,32.756079],[-116.99125,32.755974],[-116.991238,32.755892],[-116.991166,32.755585],[-116.991052,32.755094],[-116.991045,32.755026],[-116.991053,32.754971],[-116.991078,32.754906],[-116.99112,32.754848],[-116.991176,32.754798],[-116.992631,32.754846],[-116.992629,32.754374],[-116.993104,32.751795],[-116.99555,32.751435],[-116.996253,32.752024],[-116.996039,32.752209],[-116.995939,32.753434],[-116.996827,32.753448],[-116.99704,32.755279],[-116.998973,32.755333],[-116.998972,32.755438],[-117.000647,32.755662],[-117.000667,32.755581],[-117.000713,32.755472],[-117.000773,32.755374],[-117.001082,32.755005],[-117.001167,32.754894],[-117.001247,32.754759],[-117.001303,32.75463],[-117.001345,32.754483],[-117.001365,32.754346],[-117.001366,32.754306],[-117.001396,32.753302],[-117.0014,32.753121],[-117.001415,32.75258],[-117.001421,32.7524],[-117.001421,32.752394],[-117.00224,32.752416],[-117.002269,32.752323],[-117.003449,32.752613],[-117.003636,32.751958],[-117.003865,32.752015],[-117.003961,32.75204],[-117.004145,32.752094],[-117.004541,32.752236],[-117.004764,32.752317],[-117.004803,32.752331],[-117.004955,32.752381],[-117.00509,32.752427],[-117.005368,32.752504],[-117.005538,32.752541],[-117.005736,32.752585],[-117.00586,32.752608],[-117.006001,32.752635],[-117.006235,32.752664],[-117.006361,32.752681],[-117.006473,32.752692],[-117.006668,32.752705],[-117.006765,32.752712],[-117.00709,32.752721],[-117.007591,32.752712],[-117.0079,32.752707],[-117.007926,32.752563],[-117.007932,32.752534],[-117.007967,32.752399],[-117.008017,32.752269],[-117.008079,32.752156],[-117.008151,32.752029],[-117.008197,32.751942],[-117.008209,32.751911],[-117.008246,32.751825],[-117.008286,32.751683],[-117.008306,32.751542],[-117.008306,32.751534],[-117.008308,32.751404],[-117.008314,32.751325],[-117.00832,32.75126],[-117.008313,32.751178],[-117.008289,32.751098],[-117.008286,32.751092],[-117.00825,32.751023],[-117.008459,32.750899],[-117.007848,32.749329],[-117.008013,32.748635],[-117.008975,32.748091],[-117.01055,32.748099],[-117.010623,32.747745],[-117.010515,32.747611],[-117.010531,32.747363],[-117.010845,32.747302],[-117.011042,32.747261],[-117.011297,32.74721],[-117.011427,32.747183],[-117.011528,32.747156],[-117.011628,32.747114],[-117.01163,32.747114],[-117.011725,32.747061],[-117.011799,32.747007],[-117.011802,32.746991],[-117.011809,32.746968],[-117.011819,32.746938],[-117.011848,32.746889],[-117.011867,32.746867],[-117.011895,32.746839],[-117.011284,32.74671],[-117.011249,32.746703],[-117.011071,32.746666],[-117.01101,32.746648],[-117.010941,32.746612],[-117.010886,32.746562],[-117.010847,32.746501],[-117.010828,32.746435],[-117.010828,32.74638],[-117.010846,32.746313],[-117.010884,32.746252],[-117.010939,32.746202],[-117.011004,32.746166],[-117.011169,32.746116],[-117.011718,32.745952],[-117.011892,32.745844],[-117.012424,32.745519],[-117.012492,32.745478],[-117.01274,32.745237],[-117.013195,32.744797],[-117.013574,32.744278],[-117.013825,32.743936],[-117.013761,32.743827],[-117.013598,32.743588],[-117.013037,32.742764],[-117.013007,32.742705],[-117.012988,32.742638],[-117.012985,32.742556],[-117.012992,32.742525],[-117.013004,32.742475],[-117.013035,32.742412],[-117.013148,32.742266],[-117.013214,32.74218],[-117.013202,32.742172],[-117.012976,32.742037],[-117.012893,32.741994],[-117.011905,32.741487],[-117.011636,32.741349],[-117.011587,32.741303],[-117.011468,32.741351],[-117.011192,32.741461],[-117.011008,32.741536],[-117.01093,32.741554],[-117.010833,32.741562],[-117.010727,32.741553],[-117.010655,32.74154],[-117.011813,32.739922],[-117.012029,32.739966],[-117.012308,32.74024],[-117.014791,32.741673],[-117.014966,32.741517],[-117.015002,32.741557],[-117.015158,32.741699],[-117.016696,32.742921],[-117.016927,32.743105],[-117.016928,32.743106],[-117.017686,32.743707],[-117.017716,32.743731],[-117.018588,32.744502],[-117.018259,32.744723],[-117.018259,32.744724],[-117.01792,32.744949],[-117.017692,32.745102],[-117.017578,32.745176],[-117.017269,32.745382],[-117.016941,32.745605],[-117.014506,32.747984],[-117.014452,32.749696],[-117.014394,32.749748],[-117.014102,32.750006],[-117.013785,32.75029],[-117.013028,32.750925],[-117.012853,32.751073],[-117.012689,32.751185],[-117.012652,32.751207],[-117.012563,32.751254],[-117.012503,32.751286],[-117.012329,32.751361],[-117.012277,32.751378],[-117.012148,32.751422],[-117.011421,32.751631],[-117.011274,32.751688],[-117.01112,32.751766],[-117.011106,32.751773],[-117.010978,32.751858],[-117.010861,32.751953],[-117.010779,32.752024],[-117.010701,32.75209],[-117.010468,32.752291],[-117.010391,32.752359],[-117.010458,32.752412],[-117.010659,32.752578],[-117.010726,32.752635],[-117.01079,32.752688],[-117.010985,32.752848],[-117.01105,32.752902],[-117.011065,32.752913],[-117.01111,32.752952],[-117.011125,32.752965],[-117.0112,32.753027],[-117.011426,32.753213],[-117.011502,32.753276],[-117.01155,32.753315],[-117.011695,32.753431],[-117.011742,32.753471],[-117.011903,32.753332],[-117.012164,32.753106],[-117.012382,32.752918],[-117.012542,32.75278],[-117.012817,32.752541],[-117.013311,32.752113],[-117.013642,32.751824],[-117.013918,32.751586],[-117.014171,32.751365],[-117.014222,32.751322],[-117.014948,32.750725],[-117.015208,32.750512],[-117.015257,32.750472],[-117.01548,32.750289],[-117.015711,32.750101],[-117.017926,32.748289],[-117.018109,32.748146],[-117.018189,32.748094],[-117.01849,32.747912],[-117.018532,32.747888],[-117.018834,32.747728],[-117.018845,32.747722],[-117.019133,32.747588],[-117.019425,32.747468],[-117.019709,32.747364],[-117.019833,32.747324],[-117.020044,32.747259],[-117.020173,32.747223],[-117.020486,32.747133],[-117.020768,32.747065],[-117.021085,32.747004],[-117.02139,32.746961],[-117.021404,32.746958],[-117.021577,32.746944],[-117.021713,32.746932],[-117.022005,32.746918],[-117.02233,32.746919],[-117.022639,32.746934],[-117.024122,32.747046],[-117.02518,32.747124],[-117.026438,32.74722],[-117.026555,32.747216],[-117.026638,32.747214],[-117.026908,32.747191],[-117.027024,32.747178],[-117.027721,32.747102],[-117.028045,32.747068],[-117.028524,32.747],[-117.029019,32.746916],[-117.029541,32.746814],[-117.029794,32.746755],[-117.030091,32.746689],[-117.030475,32.74659],[-117.03049,32.746585],[-117.030535,32.746574],[-117.030551,32.746571],[-117.030635,32.746549],[-117.030672,32.746536],[-117.031036,32.746432],[-117.031143,32.746402],[-117.031158,32.746397],[-117.031342,32.746342],[-117.031896,32.746181],[-117.032081,32.746128],[-117.032241,32.74608],[-117.032723,32.745939],[-117.032884,32.745894],[-117.033198,32.745801],[-117.034142,32.745527],[-117.034457,32.745436],[-117.034926,32.745321],[-117.03499,32.745306],[-117.03543,32.745213],[-117.035923,32.745122],[-117.036418,32.745046],[-117.036611,32.745021],[-117.036965,32.744978],[-117.037,32.744975],[-117.037156,32.744952],[-117.037341,32.744923],[-117.037384,32.744918],[-117.037803,32.744871],[-117.037901,32.744863],[-117.038089,32.74485],[-117.038241,32.744839],[-117.038327,32.744836],[-117.038679,32.744824],[-117.039043,32.744824],[-117.039102,32.744825],[-117.039282,32.744832],[-117.039524,32.744842],[-117.039623,32.744848],[-117.039789,32.74485],[-117.040654,32.744869],[-117.041311,32.744884],[-117.041819,32.744896],[-117.042022,32.7449],[-117.042633,32.744912],[-117.042837,32.744918],[-117.043681,32.744929],[-117.045231,32.744953],[-117.045507,32.744946],[-117.045799,32.744925],[-117.046153,32.744881],[-117.046208,32.74487],[-117.046471,32.744823],[-117.046596,32.744796],[-117.046737,32.744762],[-117.04703,32.744679],[-117.047257,32.744557],[-117.047505,32.744411],[-117.047561,32.744379],[-117.04814,32.743999],[-117.048845,32.743474],[-117.049283,32.74315],[-117.04948,32.743006],[-117.049581,32.742933],[-117.050482,32.742292],[-117.050783,32.74208],[-117.050793,32.742071],[-117.050826,32.742047],[-117.050837,32.742041],[-117.050885,32.742086],[-117.051029,32.742222],[-117.051077,32.742268],[-117.051111,32.7423],[-117.051118,32.742306],[-117.051242,32.742421],[-117.051251,32.742431],[-117.051277,32.742462],[-117.051178,32.742519],[-117.050861,32.742694],[-117.050756,32.742753],[-117.050694,32.742787],[-117.05051,32.742888],[-117.050449,32.742923],[-117.050277,32.743018],[-117.049763,32.743309],[-117.049593,32.743406],[-117.04953,32.74344],[-117.049343,32.743546],[-117.049281,32.743582],[-117.049279,32.743676],[-117.049273,32.74396],[-117.049272,32.744055],[-117.049271,32.744078],[-117.049269,32.744148],[-117.049269,32.744172],[-117.049268,32.744205],[-117.049265,32.744304],[-117.049265,32.744338],[-117.049263,32.744419],[-117.049259,32.744669],[-117.049259,32.744753],[-117.049256,32.744889],[-117.049247,32.745302],[-117.049245,32.74544],[-117.049242,32.745579],[-117.049234,32.746],[-117.049232,32.746141],[-117.049231,32.746147],[-117.049229,32.746169],[-117.049229,32.746177],[-117.049222,32.746992],[-117.049204,32.749437],[-117.049198,32.750253],[-117.049195,32.750425],[-117.049185,32.75094],[-117.049183,32.751113]]]}},{"type":"Feature","properties":{"ZCTA5CE10":"92021","GEOID10":"92021"},"geometry":{"type":"Polygon","coordinates":[[[-116.80233,32.856959],[-116.802535,32.856527],[-116.802704,32.856076],[-116.802763,32.855839],[-116.802763,32.855674],[-116.802737,32.855559],[-116.802665,32.855361],[-116.802672,32.8553],[-116.802731,32.855229],[-116.802835,32.855141],[-116.802985,32.855097],[-116.803317,32.855124],[-116.803578,32.855091],[-116.803806,32.85502],[-116.803903,32.854954],[-116.803949,32.854827],[-116.803949,32.854761],[-116.803936,32.854684],[-116.803838,32.854541],[-116.803838,32.854355],[-116.803851,32.854245],[-116.803962,32.854085],[-116.80436,32.853728],[-116.804555,32.853502],[-116.804666,32.85331],[-116.804731,32.85315],[-116.804707,32.852947],[-116.804705,32.852925],[-116.804672,32.852793],[-116.804692,32.852655],[-116.80479,32.852397],[-116.805031,32.851968],[-116.805213,32.851413],[-116.805213,32.85122],[-116.805168,32.85111],[-116.805114,32.851049],[-116.805037,32.850962],[-116.804712,32.850676],[-116.804646,32.850593],[-116.80462,32.850445],[-116.804679,32.85028],[-116.804861,32.850093],[-116.804972,32.849944],[-116.805057,32.849702],[-116.805077,32.849521],[-116.805135,32.849373],[-116.805239,32.849235],[-116.805262,32.849183],[-116.805271,32.849154],[-116.805286,32.849127],[-116.805337,32.84901],[-116.805457,32.848878],[-116.805559,32.848768],[-116.805761,32.84863],[-116.805937,32.848438],[-116.805317,32.8484],[-116.805387,32.848355],[-116.805427,32.848334],[-116.805527,32.848284],[-116.805781,32.84818],[-116.805901,32.848134],[-116.806084,32.848271],[-116.806532,32.848605],[-116.807086,32.849019],[-116.807362,32.849252],[-116.807612,32.849487],[-116.807837,32.849722],[-116.80804,32.849955],[-116.808229,32.850195],[-116.808247,32.85022],[-116.808712,32.850859],[-116.808834,32.851027],[-116.809202,32.851531],[-116.809325,32.8517],[-116.810141,32.852821],[-116.810862,32.853811],[-116.811106,32.854112],[-116.811381,32.854419],[-116.811652,32.854693],[-116.811915,32.854937],[-116.812225,32.8552],[-116.812574,32.855469],[-116.812843,32.855656],[-116.81303,32.855773],[-116.81309,32.855813],[-116.813373,32.855976],[-116.813655,32.856123],[-116.813978,32.856273],[-116.81427,32.856394],[-116.81532,32.856628],[-116.816478,32.856887],[-116.81656,32.856906],[-116.818179,32.856957],[-116.818515,32.856899],[-116.819577,32.856718],[-116.819582,32.856641],[-116.819598,32.856412],[-116.819604,32.856336],[-116.819629,32.856173],[-116.819645,32.856134],[-116.819673,32.8561],[-116.819709,32.856073],[-116.819766,32.856051],[-116.819817,32.856046],[-116.819914,32.856054],[-116.821426,32.856189],[-116.821931,32.856235],[-116.821902,32.856185],[-116.821889,32.856132],[-116.82189,32.856091],[-116.821907,32.856038],[-116.821959,32.855963],[-116.822171,32.855674],[-116.822222,32.855573],[-116.822249,32.85548],[-116.822255,32.855442],[-116.822255,32.855441],[-116.822315,32.855373],[-116.822422,32.855256],[-116.82247,32.855207],[-116.822613,32.855068],[-116.822806,32.8549],[-116.822883,32.854834],[-116.822918,32.854793],[-116.822947,32.854745],[-116.822973,32.854721],[-116.823431,32.854483],[-116.823463,32.854452],[-116.823476,32.854427],[-116.823557,32.854098],[-116.823562,32.854064],[-116.823606,32.852963],[-116.82364,32.852156],[-116.823662,32.852062],[-116.823695,32.851975],[-116.823396,32.851597],[-116.823246,32.851393],[-116.823225,32.851364],[-116.823156,32.85126],[-116.82309,32.851142],[-116.822825,32.850735],[-116.822785,32.850645],[-116.822757,32.850538],[-116.822686,32.850157],[-116.82262,32.849738],[-116.82262,32.849619],[-116.822638,32.849497],[-116.822675,32.849356],[-116.822675,32.849345],[-116.822682,32.849246],[-116.82267,32.849072],[-116.822568,32.848666],[-116.822553,32.848627],[-116.822527,32.848571],[-116.822523,32.848562],[-116.822514,32.848495],[-116.822519,32.848448],[-116.82253,32.848396],[-116.822544,32.848338],[-116.822654,32.848267],[-116.822793,32.848177],[-116.82288,32.847916],[-116.822989,32.847747],[-116.82299,32.847746],[-116.823103,32.847411],[-116.823053,32.846715],[-116.823025,32.846619],[-116.823289,32.846361],[-116.823555,32.846063],[-116.823561,32.845664],[-116.823572,32.845046],[-116.823708,32.844975],[-116.823803,32.844918],[-116.824315,32.844691],[-116.824523,32.84456],[-116.824659,32.844475],[-116.825021,32.844011],[-116.825497,32.843751],[-116.82653,32.843373],[-116.826873,32.843269],[-116.827253,32.843158],[-116.827706,32.842901],[-116.827906,32.842723],[-116.827986,32.8424],[-116.827915,32.842256],[-116.827741,32.842211],[-116.827536,32.842204],[-116.827582,32.842039],[-116.827666,32.84193],[-116.827901,32.841814],[-116.827964,32.841784],[-116.828363,32.841733],[-116.829755,32.84148],[-116.831324,32.840837],[-116.832424,32.840407],[-116.832738,32.840176],[-116.833307,32.839759],[-116.833707,32.839467],[-116.834113,32.839148],[-116.834698,32.838791],[-116.834861,32.838691],[-116.836453,32.837725],[-116.837039,32.83737],[-116.833885,32.837353],[-116.824425,32.837308],[-116.824317,32.837309],[-116.824427,32.830067],[-116.824483,32.826415],[-116.828382,32.826684],[-116.828423,32.824865],[-116.832345,32.824968],[-116.832382,32.824316],[-116.83241,32.823817],[-116.832645,32.823838],[-116.832964,32.824336],[-116.833819,32.825668],[-116.833919,32.825814],[-116.833928,32.825826],[-116.834048,32.825973],[-116.834192,32.826122],[-116.834339,32.826251],[-116.834459,32.826343],[-116.836124,32.82746],[-116.836196,32.827493],[-116.836274,32.827512],[-116.836355,32.827519],[-116.83645,32.827509],[-116.836522,32.827488],[-116.836572,32.827463],[-116.836598,32.82745],[-116.836658,32.827405],[-116.836707,32.827349],[-116.836731,32.827303],[-116.83674,32.82729],[-116.836763,32.827214],[-116.836777,32.826935],[-116.836785,32.826876],[-116.836811,32.826796],[-116.836855,32.826723],[-116.836914,32.826658],[-116.836987,32.826603],[-116.837071,32.826561],[-116.837163,32.826533],[-116.837259,32.826521],[-116.837357,32.826524],[-116.837452,32.826543],[-116.838008,32.826753],[-116.838309,32.826856],[-116.838632,32.826951],[-116.838956,32.82703],[-116.839262,32.82709],[-116.839582,32.82714],[-116.839921,32.827177],[-116.840535,32.827216],[-116.840684,32.819682],[-116.840763,32.815662],[-116.84295,32.815662],[-116.843332,32.8161],[-116.843528,32.816287],[-116.843879,32.816419],[-116.844023,32.816567],[-116.844264,32.816754],[-116.844622,32.816886],[-116.844759,32.816875],[-116.845013,32.816826],[-116.845175,32.816743],[-116.845403,32.816727],[-116.845612,32.816754],[-116.846054,32.816902],[-116.847025,32.8171],[-116.847149,32.81711],[-116.847637,32.817155],[-116.847956,32.817144],[-116.848855,32.817044],[-116.849096,32.817077],[-116.8492,32.817077],[-116.849235,32.816136],[-116.849252,32.815664],[-116.849342,32.813316],[-116.849379,32.812377],[-116.849422,32.809959],[-116.849553,32.802712],[-116.849597,32.800296],[-116.849625,32.798743],[-116.849658,32.796886],[-116.849716,32.793682],[-116.856734,32.793564],[-116.858848,32.793529],[-116.858849,32.793529],[-116.858809,32.792236],[-116.858879,32.786173],[-116.859616,32.786248],[-116.874799,32.787796],[-116.875795,32.787898],[-116.87632,32.787899],[-116.87615,32.785068],[-116.876091,32.782354],[-116.876185,32.782423],[-116.876364,32.782542],[-116.876671,32.782727],[-116.876735,32.782763],[-116.877025,32.782914],[-116.877442,32.783105],[-116.877961,32.783346],[-116.878282,32.783481],[-116.879262,32.783896],[-116.88149,32.784838],[-116.882042,32.785055],[-116.882344,32.785183],[-116.882633,32.785317],[-116.882932,32.785467],[-116.883148,32.785584],[-116.884387,32.786266],[-116.884894,32.786547],[-116.885285,32.786764],[-116.885493,32.786894],[-116.885727,32.787056],[-116.885927,32.787212],[-116.886313,32.787543],[-116.886753,32.787923],[-116.88458,32.787917],[-116.88467,32.79365],[-116.88467,32.794359],[-116.888668,32.794645],[-116.893041,32.794956],[-116.893038,32.799546],[-116.889806,32.801792],[-116.88986,32.801822],[-116.889901,32.801864],[-116.890035,32.802105],[-116.890054,32.802132],[-116.890155,32.802215],[-116.890201,32.802272],[-116.890291,32.802442],[-116.890367,32.802502],[-116.890436,32.802537],[-116.890528,32.802566],[-116.890806,32.802602],[-116.891037,32.802633],[-116.891167,32.802629],[-116.891279,32.802611],[-116.89188,32.802442],[-116.891963,32.802428],[-116.892062,32.802428],[-116.892139,32.802441],[-116.892142,32.802442],[-116.892232,32.802472],[-116.8923,32.80251],[-116.892519,32.802683],[-116.892663,32.802795],[-116.892706,32.802828],[-116.892762,32.802883],[-116.892825,32.802963],[-116.892881,32.803062],[-116.892914,32.803154],[-116.892932,32.803257],[-116.89294,32.803299],[-116.89297,32.803362],[-116.893006,32.803408],[-116.893016,32.803416],[-116.892519,32.804332],[-116.892586,32.804665],[-116.893403,32.808731],[-116.89346,32.809014],[-116.893538,32.809405],[-116.893676,32.810087],[-116.893823,32.810071],[-116.894031,32.810036],[-116.894147,32.810007],[-116.894243,32.809984],[-116.894413,32.80993],[-116.895494,32.809511],[-116.8958,32.809394],[-116.895898,32.80936],[-116.895943,32.809344],[-116.896637,32.809493],[-116.89671,32.809523],[-116.896762,32.809556],[-116.896816,32.809607],[-116.896856,32.809666],[-116.89688,32.809732],[-116.896879,32.809779],[-116.896894,32.80986],[-116.896926,32.809938],[-116.896967,32.809998],[-116.897029,32.810061],[-116.897105,32.810112],[-116.897166,32.810139],[-116.897192,32.810151],[-116.897264,32.810168],[-116.897357,32.810193],[-116.897442,32.810232],[-116.897506,32.810275],[-116.897561,32.810326],[-116.897613,32.810395],[-116.897654,32.810485],[-116.897669,32.810566],[-116.897667,32.810635],[-116.897648,32.810716],[-116.897612,32.810792],[-116.89753,32.8109],[-116.897488,32.81099],[-116.897468,32.81107],[-116.897464,32.811766],[-116.897482,32.81185],[-116.897518,32.811927],[-116.897569,32.811997],[-116.897635,32.812057],[-116.897713,32.812107],[-116.897786,32.812138],[-116.898014,32.812191],[-116.898041,32.812202],[-116.898109,32.812239],[-116.898166,32.812288],[-116.898209,32.812346],[-116.898238,32.81241],[-116.898249,32.812478],[-116.898244,32.812547],[-116.898221,32.812613],[-116.898183,32.812673],[-116.897964,32.81289],[-116.897925,32.812939],[-116.897893,32.813002],[-116.897876,32.813069],[-116.897876,32.813188],[-116.89786,32.813337],[-116.897836,32.813445],[-116.897793,32.813563],[-116.897551,32.81396],[-116.897465,32.814102],[-116.897426,32.81414],[-116.897379,32.814177],[-116.897322,32.814204],[-116.897245,32.814224],[-116.89718,32.814228],[-116.897116,32.814221],[-116.897054,32.814203],[-116.896675,32.814106],[-116.896594,32.814101],[-116.896514,32.814111],[-116.896438,32.814134],[-116.896369,32.814171],[-116.896178,32.814364],[-116.896308,32.814289],[-116.8964,32.814262],[-116.896496,32.814246],[-116.896609,32.814243],[-116.896722,32.814257],[-116.89677,32.814268],[-116.897186,32.814406],[-116.897282,32.814418],[-116.897363,32.814415],[-116.897438,32.814401],[-116.897576,32.814342],[-116.898287,32.814043],[-116.89838,32.814019],[-116.898494,32.81401],[-116.898591,32.814018],[-116.898666,32.814035],[-116.898741,32.814061],[-116.898836,32.814078],[-116.898934,32.81408],[-116.89903,32.814067],[-116.899076,32.814055],[-116.900107,32.813577],[-116.900268,32.813444],[-116.900269,32.813444],[-116.900318,32.813395],[-116.900524,32.813192],[-116.900582,32.813109],[-116.90063,32.813007],[-116.900657,32.812914],[-116.900668,32.812804],[-116.900658,32.812695],[-116.900647,32.812648],[-116.900434,32.812162],[-116.900333,32.811929],[-116.901196,32.811084],[-116.901521,32.81125],[-116.901722,32.81134],[-116.901732,32.811343],[-116.901935,32.81142],[-116.902161,32.811487],[-116.902412,32.811544],[-116.902641,32.811579],[-116.902884,32.8116],[-116.903112,32.811606],[-116.903355,32.811597],[-116.903486,32.811584],[-116.903598,32.811573],[-116.903837,32.811533],[-116.904072,32.811478],[-116.904208,32.811428],[-116.904491,32.811329],[-116.904617,32.811283],[-116.904754,32.811235],[-116.905022,32.811134],[-116.905829,32.810834],[-116.906098,32.810736],[-116.90645,32.810679],[-116.906602,32.810656],[-116.906666,32.810642],[-116.906713,32.810626],[-116.906781,32.810603],[-116.906893,32.810547],[-116.906981,32.810486],[-116.907068,32.810405],[-116.907123,32.810337],[-116.907269,32.810084],[-116.907448,32.809775],[-116.907204,32.809957],[-116.907035,32.81008],[-116.907008,32.810102],[-116.906977,32.810109],[-116.906945,32.810106],[-116.906916,32.810093],[-116.906895,32.810073],[-116.906885,32.810047],[-116.906887,32.810019],[-116.907051,32.80962],[-116.907059,32.809565],[-116.90705,32.809497],[-116.90702,32.809433],[-116.906972,32.809378],[-116.906531,32.808926],[-116.906412,32.808805],[-116.906307,32.808548],[-116.906285,32.808528],[-116.906255,32.808518],[-116.906251,32.808517],[-116.906262,32.808501],[-116.906298,32.808456],[-116.906311,32.808443],[-116.906499,32.808354],[-116.906912,32.80816],[-116.907063,32.80809],[-116.907252,32.808002],[-116.907284,32.808062],[-116.907368,32.808218],[-116.907383,32.808244],[-116.907417,32.808305],[-116.908062,32.80794],[-116.908258,32.807829],[-116.908291,32.807812],[-116.90832,32.807779],[-116.908334,32.80774],[-116.908333,32.807699],[-116.908316,32.80766],[-116.908098,32.807397],[-116.907963,32.807234],[-116.907959,32.807216],[-116.907963,32.807189],[-116.907982,32.807167],[-116.908198,32.807036],[-116.90898,32.806564],[-116.909615,32.806182],[-116.909814,32.806372],[-116.910234,32.806771],[-116.910414,32.806942],[-116.910614,32.807133],[-116.910791,32.807302],[-116.910893,32.807401],[-116.911046,32.807538],[-116.911225,32.807678],[-116.911362,32.807769],[-116.911567,32.807906],[-116.911582,32.807915],[-116.911629,32.807944],[-116.911645,32.807956],[-116.911823,32.808071],[-116.91222,32.808329],[-116.912344,32.808435],[-116.912506,32.808574],[-116.912683,32.808774],[-116.912845,32.808957],[-116.912953,32.809059],[-116.91314,32.809204],[-116.913278,32.809306],[-116.913493,32.809468],[-116.91386,32.809341],[-116.913866,32.809339],[-116.914077,32.809308],[-116.914224,32.809294],[-116.914331,32.809337],[-116.914548,32.809547],[-116.914563,32.809562],[-116.914712,32.809714],[-116.914738,32.809741],[-116.914815,32.809818],[-116.915089,32.810094],[-116.915375,32.810362],[-116.915719,32.810652],[-116.915629,32.810738],[-116.915361,32.810996],[-116.915272,32.811083],[-116.915384,32.81114],[-116.915417,32.811154],[-116.915571,32.811223],[-116.91587,32.811332],[-116.916023,32.811389],[-116.916123,32.811422],[-116.916203,32.811451],[-116.916422,32.811529],[-116.916786,32.811661],[-116.916799,32.811665],[-116.916843,32.81168],[-116.917014,32.81174],[-116.917071,32.81176],[-116.917122,32.811777],[-116.917276,32.811833],[-116.917328,32.811852],[-116.917737,32.811182],[-116.918966,32.809173],[-116.919376,32.808504],[-116.919466,32.808343],[-116.919739,32.807862],[-116.919842,32.807708],[-116.920045,32.807394],[-116.920279,32.807065],[-116.920394,32.806916],[-116.920511,32.806766],[-116.920757,32.806475],[-116.921046,32.80616],[-116.921362,32.805846],[-116.921649,32.805584],[-116.921937,32.80534],[-116.922246,32.805097],[-116.922483,32.804924],[-116.922574,32.804859],[-116.922911,32.804633],[-116.923279,32.804407],[-116.923293,32.804399],[-116.923532,32.804256],[-116.923834,32.804094],[-116.923961,32.804032],[-116.924146,32.803945],[-116.924466,32.80381],[-116.924794,32.80369],[-116.925114,32.803588],[-116.925459,32.803495],[-116.925801,32.80342],[-116.92612,32.803363],[-116.926139,32.803359],[-116.926441,32.803319],[-116.926797,32.803286],[-116.926897,32.80328],[-116.926897,32.803236],[-116.9269,32.803106],[-116.926901,32.803063],[-116.926904,32.803004],[-116.926915,32.802829],[-116.926918,32.802773],[-116.926919,32.802771],[-116.9269,32.802383],[-116.926903,32.802149],[-116.926904,32.802073],[-116.926908,32.801693],[-116.926911,32.801437],[-116.929509,32.801113],[-116.930109,32.800545],[-116.930511,32.800165],[-116.930835,32.799858],[-116.931808,32.79894],[-116.932133,32.798634],[-116.932331,32.798445],[-116.932928,32.797882],[-116.933128,32.797694],[-116.933392,32.797443],[-116.934187,32.796694],[-116.934452,32.796444],[-116.934304,32.796444],[-116.933861,32.796446],[-116.933714,32.796448],[-116.933623,32.796447],[-116.933558,32.796447],[-116.933091,32.796449],[-116.932936,32.79645],[-116.932935,32.7963],[-116.932935,32.796291],[-116.932942,32.796209],[-116.932963,32.796129],[-116.933001,32.796046],[-116.933029,32.795967],[-116.933044,32.795885],[-116.933044,32.795867],[-116.933044,32.795718],[-116.933042,32.795571],[-116.933039,32.79513],[-116.933038,32.794984],[-116.933126,32.794984],[-116.933392,32.794984],[-116.93346,32.794984],[-116.933618,32.794481],[-116.933806,32.79448],[-116.933871,32.794479],[-116.934172,32.794474],[-116.935733,32.795341],[-116.935733,32.795494],[-116.935853,32.795435],[-116.936032,32.795354],[-116.936097,32.795325],[-116.936364,32.795223],[-116.936622,32.79514],[-116.936733,32.79511],[-116.936976,32.795053],[-116.937047,32.795037],[-116.937301,32.794991],[-116.937297,32.794803],[-116.937286,32.79426],[-116.940742,32.79426],[-116.940943,32.794241],[-116.94136,32.794257],[-116.941361,32.79475],[-116.941362,32.794918],[-116.941527,32.794918],[-116.942022,32.794918],[-116.942188,32.794919],[-116.942667,32.794918],[-116.944107,32.794916],[-116.944587,32.794917],[-116.94531,32.794916],[-116.947478,32.794916],[-116.948202,32.794918],[-116.948247,32.794918],[-116.948384,32.794919],[-116.94843,32.79492],[-116.948611,32.794919],[-116.949155,32.794919],[-116.949337,32.794919],[-116.949661,32.794919],[-116.950278,32.79492],[-116.950636,32.794921],[-116.950961,32.794922],[-116.950961,32.795059],[-116.950962,32.795471],[-116.950963,32.795609],[-116.951112,32.795613],[-116.951562,32.795628],[-116.951712,32.795633],[-116.951724,32.795546],[-116.951978,32.79557],[-116.952006,32.795345],[-116.95256,32.795384],[-116.952742,32.795397],[-116.953165,32.795428],[-116.953179,32.797501],[-116.952483,32.797483],[-116.951823,32.797466],[-116.951696,32.797395],[-116.951701,32.797076],[-116.951554,32.79712],[-116.951113,32.797258],[-116.950967,32.797305],[-116.950967,32.797475],[-116.95097,32.797989],[-116.950971,32.79816],[-116.950971,32.798347],[-116.950971,32.798634],[-116.952745,32.798592],[-116.952691,32.800552],[-116.952588,32.800553],[-116.952496,32.800543],[-116.952751,32.801036],[-116.952772,32.801921],[-116.952055,32.802747],[-116.951933,32.802742],[-116.950978,32.802697],[-116.950978,32.802749],[-116.950979,32.802908],[-116.95098,32.802961],[-116.950979,32.802999],[-116.950978,32.803119],[-116.950978,32.803159],[-116.950981,32.803159],[-116.95296,32.80315],[-116.953292,32.803147],[-116.955962,32.803133],[-116.956596,32.803128],[-116.956807,32.803127],[-116.957069,32.803123],[-116.957855,32.803119],[-116.958118,32.803118],[-116.958974,32.803117],[-116.961544,32.803117],[-116.962254,32.803117],[-116.962401,32.803113],[-116.962401,32.803142],[-116.962401,32.80323],[-116.962402,32.803261],[-116.962402,32.803375],[-116.962403,32.803717],[-116.962404,32.803832],[-116.962404,32.804001],[-116.962405,32.804091],[-116.962416,32.804427],[-116.962418,32.804473],[-116.962421,32.80451],[-116.96244,32.804679],[-116.962369,32.804793],[-116.96227,32.804985],[-116.962186,32.805179],[-116.962167,32.805231],[-116.962112,32.80539],[-116.962057,32.805591],[-116.962014,32.805807],[-116.961988,32.806012],[-116.961955,32.807063],[-116.961937,32.807681],[-116.961924,32.808259],[-116.961899,32.809426],[-116.961877,32.809804],[-116.961866,32.809995],[-116.961833,32.810573],[-116.961823,32.810741],[-116.961792,32.811247],[-116.961783,32.811416],[-116.961776,32.811535],[-116.961771,32.811597],[-116.961732,32.812147],[-116.96172,32.81233],[-116.96171,32.81243],[-116.9617,32.812528],[-116.961642,32.813125],[-116.961624,32.813325],[-116.961581,32.81364],[-116.961572,32.813707],[-116.961503,32.814073],[-116.961414,32.814451],[-116.961378,32.814572],[-116.96131,32.814811],[-116.961288,32.814877],[-116.961117,32.815341],[-116.961002,32.815694],[-116.960971,32.815791],[-116.960847,32.816233],[-116.96075,32.816636],[-116.960669,32.817029],[-116.96059,32.817505],[-116.960533,32.81797],[-116.960509,32.818243],[-116.960496,32.818409],[-116.960476,32.818876],[-116.960473,32.819109],[-116.960481,32.819563],[-116.960482,32.819592],[-116.960508,32.820043],[-116.960555,32.820522],[-116.960598,32.820843],[-116.960616,32.821038],[-116.960662,32.821521],[-116.960666,32.82154],[-116.960681,32.821599],[-116.960686,32.821619],[-116.960855,32.822319],[-116.961202,32.82375],[-116.961329,32.824275],[-116.961358,32.824421],[-116.961436,32.824804],[-116.96146,32.824954],[-116.96149,32.82513],[-116.961515,32.825285],[-116.961533,32.825428],[-116.96158,32.82579],[-116.961628,32.826324],[-116.961628,32.826327],[-116.961644,32.826628],[-116.961646,32.826679],[-116.961654,32.826832],[-116.961654,32.826833],[-116.961656,32.826886],[-116.961676,32.827712],[-116.961717,32.82941],[-116.961513,32.829414],[-116.961199,32.829421],[-116.960225,32.829423],[-116.960224,32.829564],[-116.96022,32.829621],[-116.959872,32.829626],[-116.959811,32.829677],[-116.959621,32.829687],[-116.958575,32.829752],[-116.958365,32.829751],[-116.957738,32.829748],[-116.957529,32.829748],[-116.957309,32.829745],[-116.956652,32.829738],[-116.956433,32.829737],[-116.956243,32.829741],[-116.955673,32.829755],[-116.955484,32.82976],[-116.955183,32.829749],[-116.954281,32.82972],[-116.953981,32.829711],[-116.95364,32.8297],[-116.952617,32.829667],[-116.952277,32.829658],[-116.95182,32.829658],[-116.951145,32.829659],[-116.950453,32.829661],[-116.949997,32.829662],[-116.94929,32.829666],[-116.949146,32.829668],[-116.947722,32.829668],[-116.947721,32.829666],[-116.947625,32.829468],[-116.947573,32.829144],[-116.947573,32.829141],[-116.947636,32.828442],[-116.947601,32.828315],[-116.947514,32.827994],[-116.947497,32.827934],[-116.947463,32.827808],[-116.947368,32.827522],[-116.947253,32.827438],[-116.94618,32.826655],[-116.945823,32.826395],[-116.945678,32.826423],[-116.945246,32.826506],[-116.945102,32.826535],[-116.945104,32.826193],[-116.944909,32.826062],[-116.943474,32.825099],[-116.943258,32.824954],[-116.943451,32.824705],[-116.943524,32.824609],[-116.943707,32.824374],[-116.943745,32.824323],[-116.943819,32.824228],[-116.943449,32.824224],[-116.942339,32.824212],[-116.941969,32.824209],[-116.941196,32.824216],[-116.939602,32.824233],[-116.93888,32.824242],[-116.938208,32.824249],[-116.938108,32.824251],[-116.937794,32.824271],[-116.936851,32.824332],[-116.936538,32.824353],[-116.936282,32.824353],[-116.935837,32.824353],[-116.935821,32.824157],[-116.935256,32.824168],[-116.935258,32.824295],[-116.935259,32.824355],[-116.934905,32.824353],[-116.933843,32.824348],[-116.93349,32.824347],[-116.933491,32.824655],[-116.933497,32.825581],[-116.933499,32.825891],[-116.933499,32.826005],[-116.933502,32.826349],[-116.933504,32.826465],[-116.933226,32.82647],[-116.932392,32.826486],[-116.932115,32.826492],[-116.932115,32.826526],[-116.932113,32.826526],[-116.932012,32.826498],[-116.931705,32.826518],[-116.931603,32.826525],[-116.931388,32.826521],[-116.931155,32.826518],[-116.931133,32.825829],[-116.93019,32.825844],[-116.930286,32.825982],[-116.928411,32.826454],[-116.927622,32.827121],[-116.926211,32.828315],[-116.924821,32.829489],[-116.923602,32.828609],[-116.922845,32.828809],[-116.92266,32.828507],[-116.922439,32.828691],[-116.922366,32.828753],[-116.922166,32.828921],[-116.921999,32.829061],[-116.922791,32.830391],[-116.922296,32.831125],[-116.921339,32.830359],[-116.920959,32.830669],[-116.920912,32.831141],[-116.920803,32.831118],[-116.920683,32.831072],[-116.92055,32.831022],[-116.920478,32.830985],[-116.920432,32.830946],[-116.920395,32.830901],[-116.920369,32.830851],[-116.920353,32.830784],[-116.920367,32.830437],[-116.920141,32.830624],[-116.919463,32.83119],[-116.919238,32.831381],[-116.91919,32.831332],[-116.919089,32.831229],[-116.919049,32.831187],[-116.919015,32.831153],[-116.919005,32.831139],[-116.918533,32.831524],[-116.917009,32.832773],[-116.914471,32.834852],[-116.914469,32.834851],[-116.912788,32.833372],[-116.911367,32.831763],[-116.911317,32.831811],[-116.911316,32.831811],[-116.910999,32.831491],[-116.910998,32.831494],[-116.910916,32.831569],[-116.910873,32.83161],[-116.910657,32.831474],[-116.910393,32.831431],[-116.910156,32.831457],[-116.910111,32.831467],[-116.909649,32.831572],[-116.909395,32.831579],[-116.909111,32.831548],[-116.908755,32.831426],[-116.908338,32.831261],[-116.90783,32.830973],[-116.907128,32.830577],[-116.907038,32.830674],[-116.906768,32.830965],[-116.906679,32.831063],[-116.906441,32.831319],[-116.905728,32.83209],[-116.905491,32.832348],[-116.905278,32.832584],[-116.905221,32.832648],[-116.905187,32.832684],[-116.904276,32.833699],[-116.904125,32.833868],[-116.904023,32.833973],[-116.903967,32.834032],[-116.903725,32.834274],[-116.903644,32.834345],[-116.903469,32.834505],[-116.9032,32.834724],[-116.902918,32.834932],[-116.902624,32.835127],[-116.902569,32.835158],[-116.902331,32.835302],[-116.90218,32.835386],[-116.902032,32.835462],[-116.901875,32.835545],[-116.901583,32.835678],[-116.901546,32.835696],[-116.90143,32.835744],[-116.901253,32.835814],[-116.900723,32.836025],[-116.900547,32.836096],[-116.900212,32.836229],[-116.900067,32.836287],[-116.89934,32.836577],[-116.899211,32.836632],[-116.899109,32.836677],[-116.898885,32.836783],[-116.898685,32.836891],[-116.898129,32.837195],[-116.898087,32.837218],[-116.897917,32.837322],[-116.897893,32.837338],[-116.897628,32.837533],[-116.896832,32.838122],[-116.896568,32.838319],[-116.896482,32.838382],[-116.896226,32.838572],[-116.896141,32.838636],[-116.89602,32.838724],[-116.895656,32.838994],[-116.895536,32.839085],[-116.895281,32.839272],[-116.895045,32.839447],[-116.894764,32.839634],[-116.894491,32.839796],[-116.894458,32.839817],[-116.894214,32.839949],[-116.89394,32.840082],[-116.893876,32.840114],[-116.893542,32.840257],[-116.893275,32.840359],[-116.893094,32.84042],[-116.892973,32.840462],[-116.892805,32.840514],[-116.892942,32.840612],[-116.893018,32.840667],[-116.893311,32.84096],[-116.893431,32.84108],[-116.893423,32.841355],[-116.893399,32.842185],[-116.893392,32.842462],[-116.893165,32.842494],[-116.892713,32.842559],[-116.892485,32.842561],[-116.892257,32.842565],[-116.892251,32.842404],[-116.891681,32.842137],[-116.891512,32.84279],[-116.892362,32.843476],[-116.892888,32.843457],[-116.89246,32.84534],[-116.891936,32.845632],[-116.891605,32.84593],[-116.891484,32.845989],[-116.891435,32.846016],[-116.891717,32.846423],[-116.891387,32.847856],[-116.889392,32.848032],[-116.888667,32.848575],[-116.888428,32.848463],[-116.888269,32.848391],[-116.888033,32.848297],[-116.887775,32.848213],[-116.887729,32.848201],[-116.887495,32.848141],[-116.887273,32.848098],[-116.887032,32.848064],[-116.886881,32.848053],[-116.886677,32.848045],[-116.886654,32.848046],[-116.886426,32.848053],[-116.885615,32.84812],[-116.885473,32.848132],[-116.885261,32.848142],[-116.885224,32.848141],[-116.88516,32.848141],[-116.885115,32.84814],[-116.885079,32.84814],[-116.884972,32.848133],[-116.884925,32.848126],[-116.884762,32.848109],[-116.88454,32.848067],[-116.88447,32.848048],[-116.884419,32.848035],[-116.884322,32.848009],[-116.884181,32.847961],[-116.884178,32.84796],[-116.883962,32.847871],[-116.883766,32.847769],[-116.883676,32.847724],[-116.883633,32.847699],[-116.883572,32.847664],[-116.883538,32.847641],[-116.883432,32.84757],[-116.883315,32.847475],[-116.883277,32.847437],[-116.883198,32.847361],[-116.88318,32.847342],[-116.883088,32.847233],[-116.883086,32.84723],[-116.883005,32.847111],[-116.88284,32.846795],[-116.882763,32.846646],[-116.882726,32.846573],[-116.882615,32.846359],[-116.882578,32.846289],[-116.882506,32.846148],[-116.88229,32.845732],[-116.882218,32.845593],[-116.882166,32.845494],[-116.882011,32.845197],[-116.88196,32.845099],[-116.881921,32.845025],[-116.881915,32.845014],[-116.88178,32.844766],[-116.881736,32.844683],[-116.881336,32.844809],[-116.880966,32.844901],[-116.88015,32.845106],[-116.878636,32.845477],[-116.878493,32.845513],[-116.877862,32.845678],[-116.877264,32.845863],[-116.876865,32.846003],[-116.876394,32.84617],[-116.875242,32.846706],[-116.875104,32.846779],[-116.874821,32.846941],[-116.874521,32.84713],[-116.874258,32.847314],[-116.874086,32.847445],[-116.873969,32.847536],[-116.873728,32.847741],[-116.873301,32.848139],[-116.873332,32.848204],[-116.873426,32.848399],[-116.873458,32.848465],[-116.874158,32.847845],[-116.874574,32.847478],[-116.875675,32.850917],[-116.876179,32.853744],[-116.878883,32.855119],[-116.878865,32.855155],[-116.878797,32.855248],[-116.878725,32.855323],[-116.878644,32.85539],[-116.878525,32.855463],[-116.87841,32.855514],[-116.878287,32.855551],[-116.878056,32.855603],[-116.877879,32.855625],[-116.87771,32.855629],[-116.87764,32.855626],[-116.876926,32.855621],[-116.876894,32.855622],[-116.87668,32.855637],[-116.876477,32.855665],[-116.87627,32.855711],[-116.876071,32.855771],[-116.875945,32.855819],[-116.875979,32.855939],[-116.876002,32.856061],[-116.876011,32.856212],[-116.876004,32.856349],[-116.875974,32.856512],[-116.875927,32.856658],[-116.875869,32.856786],[-116.875796,32.856909],[-116.875709,32.857026],[-116.875599,32.857145],[-116.875412,32.857309],[-116.875375,32.857346],[-116.875321,32.857406],[-116.875233,32.857521],[-116.875158,32.857643],[-116.875092,32.857788],[-116.875051,32.857916],[-116.87476,32.859211],[-116.874728,32.859347],[-116.874677,32.859476],[-116.874607,32.8596],[-116.87453,32.859705],[-116.874439,32.859802],[-116.874368,32.85987],[-116.874303,32.859933],[-116.874205,32.860025],[-116.874108,32.860136],[-116.874025,32.860254],[-116.873956,32.860378],[-116.873902,32.860508],[-116.873862,32.860655],[-116.873619,32.862161],[-116.873525,32.862746],[-116.873457,32.862929],[-116.873371,32.863108],[-116.873268,32.863279],[-116.873148,32.863443],[-116.873002,32.863608],[-116.872902,32.863705],[-116.872913,32.863712],[-116.873288,32.863771],[-116.87351,32.863732],[-116.873803,32.863644],[-116.873956,32.863571],[-116.874029,32.863534],[-116.874044,32.863528],[-116.874565,32.863226],[-116.875072,32.862907],[-116.876979,32.864033],[-116.878821,32.864275],[-116.879255,32.863821],[-116.881531,32.865156],[-116.882759,32.867826],[-116.884024,32.867917],[-116.884638,32.867007],[-116.885396,32.867553],[-116.886191,32.867037],[-116.886347,32.867027],[-116.887034,32.866982],[-116.887012,32.867013],[-116.886577,32.867622],[-116.886106,32.86797],[-116.885172,32.86813],[-116.884555,32.868704],[-116.884007,32.869215],[-116.88256,32.87011],[-116.881322,32.870583],[-116.88016,32.872022],[-116.878713,32.87162],[-116.878465,32.871552],[-116.876779,32.871543],[-116.876352,32.871481],[-116.87597,32.871426],[-116.875932,32.871285],[-116.874703,32.871334],[-116.873684,32.870604],[-116.872563,32.871688],[-116.872122,32.872116],[-116.871531,32.872355],[-116.871465,32.872382],[-116.869446,32.874127],[-116.867912,32.874152],[-116.867808,32.874154],[-116.866199,32.873191],[-116.865409,32.872718],[-116.864563,32.872943],[-116.864266,32.873022],[-116.864258,32.87388],[-116.864256,32.874096],[-116.863377,32.8743],[-116.861542,32.874725],[-116.860733,32.874608],[-116.859523,32.874116],[-116.858762,32.873817],[-116.858688,32.873517],[-116.858571,32.873038],[-116.858363,32.872955],[-116.857962,32.872794],[-116.857837,32.872928],[-116.857628,32.873151],[-116.857714,32.874354],[-116.857695,32.874375],[-116.857514,32.874581],[-116.857318,32.874803],[-116.857104,32.875047],[-116.856686,32.875847],[-116.856019,32.877123],[-116.855519,32.877329],[-116.854809,32.877621],[-116.854228,32.877148],[-116.854133,32.877071],[-116.853638,32.878062],[-116.853771,32.879119],[-116.853051,32.879909],[-116.852629,32.880372],[-116.852503,32.880648],[-116.852245,32.881214],[-116.851991,32.881764],[-116.852248,32.882118],[-116.852448,32.883175],[-116.852352,32.883446],[-116.852291,32.883572],[-116.852143,32.883863],[-116.851698,32.883971],[-116.851533,32.884011],[-116.851013,32.883989],[-116.85055,32.88373],[-116.85017,32.883595],[-116.849505,32.883325],[-116.848724,32.883708],[-116.848115,32.884385],[-116.847001,32.88489],[-116.846515,32.884876],[-116.845858,32.886974],[-116.842734,32.887731],[-116.841171,32.887301],[-116.8402,32.88699],[-116.839705,32.887037],[-116.838686,32.888119],[-116.837515,32.887979],[-116.836991,32.887481],[-116.836887,32.887608],[-116.836867,32.887635],[-116.836732,32.887525],[-116.836477,32.887317],[-116.836391,32.887356],[-116.836181,32.887456],[-116.835162,32.886556],[-116.835077,32.885939],[-116.834981,32.885244],[-116.834743,32.885217],[-116.833353,32.885417],[-116.83327,32.885396],[-116.832523,32.885204],[-116.832965,32.887427],[-116.832737,32.887414],[-116.832623,32.887414],[-116.832568,32.887416],[-116.830405,32.887481],[-116.830373,32.887481],[-116.830211,32.88747],[-116.830051,32.887444],[-116.82991,32.887409],[-116.82976,32.887357],[-116.829625,32.887296],[-116.829482,32.887214],[-116.829338,32.887107],[-116.828429,32.886341],[-116.828201,32.886149],[-116.827994,32.885993],[-116.827751,32.885832],[-116.827496,32.885683],[-116.827217,32.885542],[-116.826961,32.88543],[-116.826485,32.885252],[-116.82641,32.885238],[-116.825838,32.885146],[-116.825746,32.885118],[-116.82526,32.884939],[-116.82515,32.884914],[-116.825053,32.884904],[-116.824291,32.884889],[-116.824176,32.884874],[-116.823743,32.884799],[-116.823709,32.885159],[-116.823665,32.88514],[-116.82339,32.88501],[-116.823215,32.884922],[-116.823024,32.884827],[-116.822459,32.884572],[-116.821971,32.884411],[-116.821654,32.884332],[-116.821361,32.884262],[-116.820827,32.884156],[-116.820384,32.884144],[-116.81982,32.884018],[-116.819504,32.883962],[-116.819423,32.883952],[-116.818589,32.883934],[-116.817924,32.883953],[-116.817088,32.884008],[-116.816501,32.884072],[-116.815856,32.884001],[-116.815471,32.883959],[-116.814907,32.88388],[-116.814293,32.883921],[-116.813694,32.883897],[-116.813025,32.883954],[-116.812479,32.884153],[-116.812056,32.884302],[-116.811703,32.884491],[-116.811692,32.8845],[-116.811429,32.884349],[-116.81064,32.883899],[-116.810377,32.88375],[-116.810298,32.883753],[-116.810061,32.883764],[-116.809988,32.883745],[-116.809976,32.883756],[-116.809115,32.885586],[-116.80883,32.885192],[-116.808537,32.885002],[-116.808037,32.884739],[-116.807245,32.883879],[-116.806677,32.88355],[-116.805883,32.88309],[-116.804089,32.88233],[-116.802982,32.881941],[-116.801868,32.881892],[-116.800753,32.881961],[-116.8,32.882289],[-116.797502,32.882942],[-116.797323,32.88299],[-116.794318,32.883445],[-116.793618,32.882772],[-116.793258,32.881701],[-116.793231,32.88162],[-116.792984,32.879715],[-116.792988,32.878116],[-116.793166,32.876583],[-116.793299,32.875442],[-116.793345,32.875051],[-116.793689,32.874422],[-116.794018,32.873726],[-116.794115,32.873531],[-116.795072,32.872408],[-116.795237,32.872216],[-116.795139,32.871174],[-116.794874,32.868348],[-116.795127,32.868214],[-116.79521,32.868171],[-116.795822,32.86785],[-116.795984,32.867642],[-116.796115,32.867473],[-116.796246,32.867304],[-116.796617,32.867067],[-116.796767,32.866935],[-116.796852,32.866836],[-116.797328,32.866287],[-116.797451,32.86605],[-116.797491,32.865803],[-116.797973,32.86533],[-116.798045,32.865225],[-116.798045,32.865082],[-116.798033,32.864958],[-116.797986,32.864428],[-116.798006,32.864346],[-116.798084,32.864214],[-116.798103,32.864076],[-116.798175,32.863878],[-116.798355,32.863553],[-116.798358,32.863548],[-116.798512,32.863155],[-116.798605,32.862916],[-116.798866,32.862465],[-116.798925,32.862251],[-116.79897,32.861695],[-116.798966,32.861514],[-116.798964,32.861393],[-116.798886,32.860799],[-116.798912,32.860546],[-116.799003,32.860392],[-116.799057,32.860331],[-116.799296,32.860062],[-116.799531,32.859666],[-116.799903,32.859259],[-116.800038,32.859152],[-116.800261,32.858979],[-116.80045,32.858844],[-116.800639,32.858709],[-116.800971,32.858495],[-116.801095,32.858336],[-116.801382,32.858],[-116.801714,32.857802],[-116.801851,32.857681],[-116.801965,32.857511],[-116.802307,32.85701],[-116.80233,32.856959]]]}},{"type":"Feature","properties":{"ZCTA5CE10":"92019","GEOID10":"92019"},"geometry":{"type":"Polygon","coordinates":[[[-116.849597,32.800296],[-116.849553,32.802712],[-116.849422,32.809959],[-116.849379,32.812377],[-116.849342,32.813316],[-116.849252,32.815664],[-116.849235,32.816136],[-116.8492,32.817077],[-116.849096,32.817077],[-116.848855,32.817044],[-116.847956,32.817144],[-116.847637,32.817155],[-116.847149,32.81711],[-116.847025,32.8171],[-116.846054,32.816902],[-116.845612,32.816754],[-116.845403,32.816727],[-116.845175,32.816743],[-116.845013,32.816826],[-116.844759,32.816875],[-116.844622,32.816886],[-116.844264,32.816754],[-116.844023,32.816567],[-116.843879,32.816419],[-116.843528,32.816287],[-116.843332,32.8161],[-116.84295,32.815662],[-116.840763,32.815662],[-116.840684,32.819682],[-116.840535,32.827216],[-116.839921,32.827177],[-116.839582,32.82714],[-116.839262,32.82709],[-116.838956,32.82703],[-116.838632,32.826951],[-116.838309,32.826856],[-116.838008,32.826753],[-116.837452,32.826543],[-116.837357,32.826524],[-116.837259,32.826521],[-116.837163,32.826533],[-116.837071,32.826561],[-116.836987,32.826603],[-116.836914,32.826658],[-116.836855,32.826723],[-116.836811,32.826796],[-116.836785,32.826876],[-116.836777,32.826935],[-116.836763,32.827214],[-116.83674,32.82729],[-116.836731,32.827303],[-116.836707,32.827349],[-116.836658,32.827405],[-116.836598,32.82745],[-116.836572,32.827463],[-116.836522,32.827488],[-116.83645,32.827509],[-116.836355,32.827519],[-116.836274,32.827512],[-116.836196,32.827493],[-116.836124,32.82746],[-116.834459,32.826343],[-116.834339,32.826251],[-116.834192,32.826122],[-116.834048,32.825973],[-116.833928,32.825826],[-116.833919,32.825814],[-116.833819,32.825668],[-116.832964,32.824336],[-116.832645,32.823838],[-116.83241,32.823817],[-116.832382,32.824316],[-116.832345,32.824968],[-116.828423,32.824865],[-116.828382,32.826684],[-116.824483,32.826415],[-116.824191,32.826599],[-116.823874,32.82678],[-116.823512,32.826966],[-116.823357,32.827036],[-116.823187,32.827115],[-116.822891,32.827238],[-116.822473,32.827394],[-116.822514,32.827294],[-116.822905,32.827036],[-116.823229,32.82687],[-116.823393,32.826788],[-116.824044,32.826497],[-116.824102,32.826414],[-116.824191,32.822755],[-116.814857,32.822684],[-116.814857,32.815011],[-116.813003,32.814978],[-116.812627,32.814864],[-116.812543,32.814855],[-116.812501,32.814857],[-116.812421,32.814874],[-116.812348,32.814908],[-116.812317,32.814929],[-116.812281,32.814964],[-116.809266,32.814909],[-116.809011,32.814848],[-116.806942,32.814356],[-116.806207,32.810467],[-116.806058,32.809675],[-116.79366,32.809724],[-116.788855,32.809723],[-116.788857,32.808695],[-116.788864,32.80595],[-116.788839,32.805266],[-116.788825,32.804885],[-116.788801,32.804219],[-116.788748,32.802717],[-116.792656,32.802522],[-116.796836,32.802312],[-116.804857,32.801912],[-116.810338,32.801636],[-116.814229,32.801443],[-116.814415,32.787985],[-116.814637,32.788069],[-116.814832,32.788141],[-116.815255,32.788096],[-116.815676,32.787976],[-116.81589,32.787855],[-116.816089,32.787487],[-116.816263,32.786869],[-116.816503,32.786573],[-116.816967,32.786242],[-116.817852,32.785791],[-116.818248,32.785741],[-116.818629,32.785815],[-116.819085,32.785826],[-116.819326,32.785909],[-116.819376,32.785913],[-116.819515,32.785925],[-116.819795,32.785942],[-116.820218,32.785909],[-116.820543,32.785914],[-116.821292,32.786079],[-116.821546,32.786112],[-116.821656,32.786107],[-116.82221,32.785997],[-116.822457,32.785958],[-116.822653,32.785964],[-116.822787,32.78599],[-116.822952,32.786024],[-116.823271,32.786063],[-116.823395,32.786057],[-116.823844,32.785914],[-116.823909,32.785914],[-116.823919,32.783278],[-116.82393,32.780493],[-116.824029,32.779394],[-116.814907,32.779473],[-116.815004,32.776533],[-116.804658,32.776859],[-116.804416,32.784373],[-116.80087,32.784373],[-116.796607,32.784439],[-116.794224,32.784478],[-116.79386,32.784484],[-116.792305,32.784509],[-116.792784,32.7843],[-116.793539,32.783644],[-116.7938,32.783302],[-116.793904,32.783167],[-116.793981,32.7827],[-116.793881,32.782446],[-116.793693,32.782053],[-116.793502,32.781905],[-116.793345,32.781575],[-116.793105,32.781289],[-116.792955,32.781008],[-116.792805,32.780629],[-116.792649,32.780321],[-116.792558,32.780227],[-116.792246,32.779991],[-116.791829,32.779881],[-116.791712,32.779771],[-116.791662,32.77968],[-116.791601,32.779573],[-116.791562,32.779402],[-116.791556,32.779138],[-116.791471,32.778803],[-116.791471,32.778643],[-116.791511,32.778511],[-116.791576,32.778429],[-116.791901,32.778181],[-116.792214,32.777703],[-116.792604,32.77723],[-116.792669,32.777098],[-116.792722,32.776851],[-116.79278,32.776708],[-116.7928,32.776279],[-116.793171,32.775421],[-116.793249,32.77513],[-116.793262,32.774756],[-116.79351,32.774277],[-116.793627,32.774129],[-116.793666,32.774074],[-116.793764,32.773975],[-116.793887,32.773893],[-116.794284,32.773772],[-116.794668,32.773618],[-116.794844,32.773579],[-116.795124,32.77348],[-116.795189,32.773451],[-116.796127,32.773041],[-116.796217,32.77301],[-116.796361,32.772964],[-116.797337,32.772804],[-116.798014,32.772777],[-116.798281,32.772716],[-116.798535,32.772557],[-116.798607,32.772469],[-116.798665,32.772232],[-116.79873,32.772134],[-116.798835,32.772013],[-116.799095,32.771996],[-116.799303,32.771947],[-116.799674,32.771903],[-116.800019,32.771925],[-116.80052,32.772117],[-116.800917,32.772337],[-116.801445,32.772574],[-116.801505,32.77259],[-116.801581,32.772612],[-116.802082,32.772645],[-116.802252,32.772695],[-116.802681,32.77286],[-116.802955,32.772876],[-116.803169,32.772931],[-116.803313,32.773019],[-116.803384,32.773113],[-116.803423,32.773223],[-116.803423,32.773349],[-116.803378,32.773443],[-116.80326,32.773509],[-116.803085,32.773817],[-116.803065,32.774026],[-116.803117,32.774146],[-116.803221,32.774218],[-116.803371,32.774224],[-116.803742,32.77413],[-116.803859,32.77413],[-116.804224,32.774279],[-116.80436,32.774306],[-116.804517,32.774306],[-116.804718,32.774284],[-116.804862,32.77429],[-116.805018,32.774389],[-116.805259,32.774482],[-116.805584,32.774521],[-116.806033,32.774499],[-116.8063,32.774504],[-116.80658,32.774482],[-116.806782,32.774427],[-116.80684,32.774367],[-116.806873,32.774268],[-116.80688,32.77391],[-116.806925,32.773701],[-116.806938,32.773487],[-116.806938,32.773388],[-116.806873,32.773179],[-116.806854,32.773019],[-116.806863,32.772964],[-116.806893,32.772794],[-116.806977,32.772634],[-116.807081,32.772508],[-116.807348,32.772382],[-116.807544,32.772338],[-116.807862,32.772365],[-116.808058,32.772415],[-116.808339,32.772503],[-116.808598,32.772585],[-116.808741,32.772596],[-116.808923,32.77258],[-116.809307,32.772569],[-116.809321,32.772567],[-116.809522,32.772536],[-116.809711,32.772481],[-116.809726,32.772471],[-116.810551,32.771958],[-116.810766,32.771771],[-116.811,32.771568],[-116.811094,32.771513],[-116.810651,32.771281],[-116.810865,32.771065],[-116.810896,32.771036],[-116.811688,32.770685],[-116.811886,32.770599],[-116.811958,32.770649],[-116.811965,32.770659],[-116.812154,32.771004],[-116.812334,32.770941],[-116.812653,32.770891],[-116.813024,32.770737],[-116.814261,32.77038],[-116.814476,32.770358],[-116.814658,32.770381],[-116.814801,32.770402],[-116.815113,32.770402],[-116.815901,32.770254],[-116.816181,32.770275],[-116.816331,32.770308],[-116.816767,32.770512],[-116.817711,32.771155],[-116.817945,32.771342],[-116.818218,32.77143],[-116.818466,32.771524],[-116.818817,32.771754],[-116.81898,32.771793],[-116.819494,32.771804],[-116.819976,32.771903],[-116.820457,32.77193],[-116.821037,32.772018],[-116.822015,32.772081],[-116.822228,32.772095],[-116.822827,32.772172],[-116.823087,32.772189],[-116.82366,32.772145],[-116.824161,32.772194],[-116.824428,32.772271],[-116.824594,32.772309],[-116.824773,32.772349],[-116.824864,32.77237],[-116.825281,32.772441],[-116.825317,32.772444],[-116.8255,32.772468],[-116.825542,32.772472],[-116.8256,32.77248],[-116.825668,32.7725],[-116.82571,32.772513],[-116.827746,32.772473],[-116.828524,32.772459],[-116.828587,32.772403],[-116.828978,32.772128],[-116.829401,32.77177],[-116.829557,32.771682],[-116.830117,32.771193],[-116.830696,32.770896],[-116.831327,32.77051],[-116.831445,32.770454],[-116.831607,32.770378],[-116.831809,32.770175],[-116.831991,32.769955],[-116.832023,32.769768],[-116.83201,32.769614],[-116.831594,32.769125],[-116.831366,32.768586],[-116.831354,32.768229],[-116.831353,32.768206],[-116.831255,32.767854],[-116.831235,32.767645],[-116.831294,32.767349],[-116.831405,32.767162],[-116.8316,32.766898],[-116.832042,32.766227],[-116.832205,32.766056],[-116.832569,32.765803],[-116.833812,32.765181],[-116.834183,32.765176],[-116.834457,32.76511],[-116.834971,32.765049],[-116.835433,32.765044],[-116.836318,32.765142],[-116.83691,32.765197],[-116.837262,32.765291],[-116.837462,32.76531],[-116.837633,32.765329],[-116.838427,32.765329],[-116.838778,32.765378],[-116.83954,32.76545],[-116.839982,32.765565],[-116.840269,32.765604],[-116.840438,32.765582],[-116.840809,32.765455],[-116.840961,32.765388],[-116.840862,32.765358],[-116.840565,32.765275],[-116.840467,32.765247],[-116.8404,32.765294],[-116.840332,32.76533],[-116.840256,32.76535],[-116.840162,32.765355],[-116.840065,32.765352],[-116.840039,32.765347],[-116.839037,32.765191],[-116.838769,32.765121],[-116.838702,32.765091],[-116.838534,32.765018],[-116.838345,32.764964],[-116.838271,32.764959],[-116.837863,32.764625],[-116.837595,32.764426],[-116.83727,32.764172],[-116.838314,32.764181],[-116.838394,32.764176],[-116.838457,32.764161],[-116.838512,32.764138],[-116.838579,32.764094],[-116.838629,32.76404],[-116.838762,32.763813],[-116.838778,32.7638],[-116.83887,32.763745],[-116.838986,32.763695],[-116.839095,32.763666],[-116.839198,32.763664],[-116.839293,32.763648],[-116.839384,32.763618],[-116.839481,32.763568],[-116.839483,32.763565],[-116.839548,32.763535],[-116.839682,32.763486],[-116.839853,32.763442],[-116.840014,32.763419],[-116.84016,32.763378],[-116.840304,32.763355],[-116.84045,32.763348],[-116.840596,32.763357],[-116.840634,32.763367],[-116.840712,32.763385],[-116.840793,32.763389],[-116.840874,32.763379],[-116.84095,32.763355],[-116.841019,32.763319],[-116.841078,32.763272],[-116.841124,32.763215],[-116.841155,32.763152],[-116.84122,32.762831],[-116.841155,32.762348],[-116.841202,32.761929],[-116.841204,32.761919],[-116.841214,32.7619],[-116.84128,32.761801],[-116.841374,32.761694],[-116.841476,32.761605],[-116.841591,32.761529],[-116.841661,32.761496],[-116.841769,32.761464],[-116.841865,32.76145],[-116.842314,32.761436],[-116.842455,32.76142],[-116.842565,32.761379],[-116.842651,32.76132],[-116.843124,32.760608],[-116.843215,32.76005],[-116.843213,32.759875],[-116.843177,32.759774],[-116.843113,32.759666],[-116.842913,32.759491],[-116.84284,32.759379],[-116.842778,32.759197],[-116.8428,32.758956],[-116.843157,32.758502],[-116.843267,32.758439],[-116.8434,32.758434],[-116.843462,32.758457],[-116.843517,32.758504],[-116.843566,32.758579],[-116.843559,32.758633],[-116.843585,32.758743],[-116.843658,32.758852],[-116.843816,32.758959],[-116.843994,32.758991],[-116.84408,32.758986],[-116.844166,32.75896],[-116.844408,32.758956],[-116.844572,32.758982],[-116.844728,32.75903],[-116.844877,32.759102],[-116.845226,32.759484],[-116.845792,32.759697],[-116.846196,32.75985],[-116.846337,32.759836],[-116.846392,32.759811],[-116.846479,32.759729],[-116.846504,32.759665],[-116.846484,32.759534],[-116.846404,32.759452],[-116.845536,32.758958],[-116.845373,32.75881],[-116.845293,32.758664],[-116.845267,32.75856],[-116.844941,32.757455],[-116.848295,32.757398],[-116.8502,32.757366],[-116.850475,32.757361],[-116.859571,32.757208],[-116.859658,32.757206],[-116.859672,32.757206],[-116.859671,32.757204],[-116.859684,32.757205],[-116.877218,32.757884],[-116.877278,32.759564],[-116.877194,32.762391],[-116.884721,32.762122],[-116.885278,32.76197],[-116.885958,32.761806],[-116.886362,32.761712],[-116.887017,32.761562],[-116.887179,32.761457],[-116.88763,32.761163],[-116.887813,32.760901],[-116.887978,32.760663],[-116.888356,32.760565],[-116.889994,32.76015],[-116.890277,32.760148],[-116.890503,32.759964],[-116.891399,32.759239],[-116.891811,32.758904],[-116.892686,32.758195],[-116.893021,32.757869],[-116.893057,32.757836],[-116.893385,32.758126],[-116.893388,32.75817],[-116.894326,32.7573],[-116.895231,32.756743],[-116.89578,32.75618],[-116.89627,32.755799],[-116.896576,32.755629],[-116.897239,32.755266],[-116.897561,32.755018],[-116.897931,32.754735],[-116.898609,32.754658],[-116.89982,32.754214],[-116.900432,32.754116],[-116.901228,32.753967],[-116.901494,32.753814],[-116.902053,32.753082],[-116.902476,32.75253],[-116.902952,32.752108],[-116.903646,32.751233],[-116.903756,32.751094],[-116.906926,32.751106],[-116.906988,32.748557],[-116.907062,32.74548],[-116.907259,32.745167],[-116.907717,32.744701],[-116.908346,32.744067],[-116.909092,32.743309],[-116.909551,32.742845],[-116.909688,32.742717],[-116.909744,32.742667],[-116.909899,32.74253],[-116.910031,32.742421],[-116.910118,32.742354],[-116.910267,32.74224],[-116.910315,32.742195],[-116.910463,32.74206],[-116.910512,32.742016],[-116.910557,32.741975],[-116.91059,32.74194],[-116.91082,32.741709],[-116.910897,32.741633],[-116.910393,32.740762],[-116.910379,32.740738],[-116.910417,32.736362],[-116.910439,32.733756],[-116.910445,32.733078],[-116.910452,32.732296],[-116.910357,32.732246],[-116.910271,32.732182],[-116.910199,32.732108],[-116.910146,32.732031],[-116.910524,32.731949],[-116.910849,32.731928],[-116.91099,32.731959],[-116.911261,32.732019],[-116.912381,32.732303],[-116.913499,32.732511],[-116.913565,32.732524],[-116.914351,32.732612],[-116.914635,32.73011],[-116.916561,32.730013],[-116.917715,32.729956],[-116.919104,32.729888],[-116.91959,32.732659],[-116.920027,32.732783],[-116.922892,32.72975],[-116.924794,32.727737],[-116.925472,32.727019],[-116.927427,32.72495],[-116.931887,32.723531],[-116.931955,32.723608],[-116.932035,32.723676],[-116.933226,32.724444],[-116.933293,32.724504],[-116.933358,32.724583],[-116.933706,32.725068],[-116.933806,32.725176],[-116.933909,32.725264],[-116.934393,32.725591],[-116.93443,32.725626],[-116.934557,32.725764],[-116.935799,32.727066],[-116.935888,32.727136],[-116.935989,32.727195],[-116.936105,32.727243],[-116.936214,32.727272],[-116.936543,32.727341],[-116.936629,32.727367],[-116.936699,32.727401],[-116.93712,32.727648],[-116.937276,32.727722],[-116.937425,32.727777],[-116.937592,32.727825],[-116.937721,32.727851],[-116.938108,32.727921],[-116.938247,32.727959],[-116.938338,32.727992],[-116.938381,32.72801],[-116.938801,32.728211],[-116.938867,32.72825],[-116.938961,32.728282],[-116.939005,32.728289],[-116.93926,32.728351],[-116.939318,32.728376],[-116.939861,32.728744],[-116.939924,32.728806],[-116.939972,32.728878],[-116.940001,32.728944],[-116.940017,32.729013],[-116.940018,32.729106],[-116.94,32.729186],[-116.939965,32.729263],[-116.939913,32.729333],[-116.939882,32.729365],[-116.938842,32.730314],[-116.938951,32.730485],[-116.939087,32.730513],[-116.939187,32.730606],[-116.939334,32.730744],[-116.93951,32.730777],[-116.939933,32.730744],[-116.940226,32.730777],[-116.940549,32.730871],[-116.940727,32.730925],[-116.940994,32.731047],[-116.940833,32.731364],[-116.940816,32.731399],[-116.94066,32.731642],[-116.940498,32.731802],[-116.940292,32.731916],[-116.940028,32.732008],[-116.940019,32.732012],[-116.939682,32.732094],[-116.939871,32.732345],[-116.94044,32.733099],[-116.940492,32.733168],[-116.940528,32.733237],[-116.940591,32.733375],[-116.940618,32.733434],[-116.940645,32.733492],[-116.940691,32.733615],[-116.940714,32.733678],[-116.940718,32.733688],[-116.940767,32.733851],[-116.940779,32.733887],[-116.940842,32.734156],[-116.940874,32.73436],[-116.940876,32.734383],[-116.940894,32.734564],[-116.940897,32.734693],[-116.9409,32.73477],[-116.940889,32.735044],[-116.940885,32.73508],[-116.940871,32.735209],[-116.940866,32.735249],[-116.940879,32.735541],[-116.940908,32.735806],[-116.940954,32.73607],[-116.940978,32.736173],[-116.941016,32.73633],[-116.941088,32.736569],[-116.941139,32.736699],[-116.9422,32.738816],[-116.942286,32.738987],[-116.942302,32.739027],[-116.942322,32.739064],[-116.94237,32.739151],[-116.942456,32.739268],[-116.94256,32.739374],[-116.942678,32.739468],[-116.94281,32.739548],[-116.942833,32.73956],[-116.942962,32.739618],[-116.943114,32.739667],[-116.943256,32.739696],[-116.943401,32.739712],[-116.943565,32.739712],[-116.944243,32.739636],[-116.944542,32.739603],[-116.944869,32.739567],[-116.945038,32.742849],[-116.946957,32.743488],[-116.948534,32.743195],[-116.950048,32.743992],[-116.951404,32.745584],[-116.951531,32.746698],[-116.9509,32.748289],[-116.951247,32.748846],[-116.947746,32.749854],[-116.946666,32.751284],[-116.946466,32.751283],[-116.945867,32.75128],[-116.945668,32.75128],[-116.944945,32.751277],[-116.945049,32.754971],[-116.945052,32.75595],[-116.945055,32.756988],[-116.945056,32.757057],[-116.945055,32.757161],[-116.945053,32.758088],[-116.945052,32.758592],[-116.942046,32.758555],[-116.941019,32.758519],[-116.938646,32.758442],[-116.938492,32.758322],[-116.938408,32.758466],[-116.938378,32.758544],[-116.938365,32.758625],[-116.938369,32.758708],[-116.938371,32.758802],[-116.938393,32.759829],[-116.938345,32.75994],[-116.9383,32.760046],[-116.938136,32.760179],[-116.938127,32.760213],[-116.938098,32.760331],[-116.937943,32.760331],[-116.937478,32.760333],[-116.937324,32.760335],[-116.937546,32.76046],[-116.937615,32.760495],[-116.937873,32.760612],[-116.93814,32.760713],[-116.938239,32.760742],[-116.941121,32.761629],[-116.942082,32.761925],[-116.942151,32.761946],[-116.94234,32.761999],[-116.942428,32.762024],[-116.942741,32.762099],[-116.936572,32.762006],[-116.936547,32.76333],[-116.936547,32.763649],[-116.936549,32.763989],[-116.93654,32.764254],[-116.936517,32.765048],[-116.93651,32.765315],[-116.936498,32.765411],[-116.936466,32.7657],[-116.936456,32.765796],[-116.936447,32.765797],[-116.936454,32.765891],[-116.936453,32.765988],[-116.932553,32.765608],[-116.929716,32.768901],[-116.930705,32.768922],[-116.930948,32.768937],[-116.930978,32.768939],[-116.931269,32.768971],[-116.931487,32.769009],[-116.931705,32.769054],[-116.931716,32.769193],[-116.931731,32.769401],[-116.931799,32.770307],[-116.931744,32.770307],[-116.931742,32.770387],[-116.931738,32.770736],[-116.93126,32.770727],[-116.930966,32.770722],[-116.929935,32.770705],[-116.92962,32.770699],[-116.929618,32.773084],[-116.929697,32.773086],[-116.931518,32.773082],[-116.931697,32.773064],[-116.932222,32.773681],[-116.932215,32.77445],[-116.930312,32.774426],[-116.930284,32.77449],[-116.93028,32.774518],[-116.930259,32.774699],[-116.93021,32.774696],[-116.930163,32.774706],[-116.929776,32.774884],[-116.929582,32.774973],[-116.92844,32.775499],[-116.9288,32.776817],[-116.932145,32.776767],[-116.932141,32.778216],[-116.932146,32.779008],[-116.932155,32.781035],[-116.932148,32.781083],[-116.932321,32.781083],[-116.932381,32.781084],[-116.933182,32.781084],[-116.933648,32.781088],[-116.934,32.781091],[-116.93456,32.781091],[-116.934557,32.781294],[-116.935671,32.781284],[-116.936405,32.781635],[-116.936431,32.782016],[-116.936525,32.781389],[-116.936536,32.781363],[-116.936815,32.780768],[-116.93698,32.780805],[-116.93724,32.780864],[-116.937302,32.78088],[-116.937389,32.780917],[-116.937459,32.780962],[-116.937467,32.780967],[-116.937521,32.781018],[-116.937573,32.781087],[-116.937579,32.781094],[-116.9376,32.781137],[-116.937648,32.781477],[-116.937668,32.781537],[-116.93771,32.781612],[-116.937767,32.781678],[-116.938035,32.781898],[-116.939139,32.782807],[-116.939217,32.782855],[-116.939306,32.78289],[-116.9394,32.78291],[-116.940323,32.783051],[-116.940481,32.783087],[-116.940602,32.783128],[-116.940616,32.783133],[-116.940731,32.783185],[-116.94147,32.783622],[-116.941694,32.783755],[-116.941787,32.78381],[-116.941874,32.783847],[-116.941982,32.783876],[-116.942095,32.783888],[-116.942255,32.783881],[-116.942358,32.783869],[-116.942449,32.783852],[-116.942517,32.783841],[-116.942703,32.783791],[-116.942733,32.783844],[-116.942774,32.783914],[-116.942833,32.78398],[-116.942844,32.783988],[-116.942893,32.784026],[-116.942872,32.784025],[-116.942809,32.784025],[-116.942789,32.784027],[-116.942894,32.784053],[-116.943211,32.784126],[-116.943814,32.784267],[-116.94406,32.784325],[-116.944113,32.784338],[-116.944225,32.784546],[-116.944304,32.784746],[-116.944424,32.785046],[-116.944544,32.785345],[-116.944625,32.785546],[-116.945139,32.785545],[-116.946237,32.785546],[-116.946237,32.785992],[-116.946238,32.786016],[-116.946238,32.786508],[-116.946007,32.786479],[-116.9455,32.78642],[-116.945374,32.786391],[-116.945336,32.786379],[-116.945322,32.786372],[-116.945219,32.78633],[-116.945163,32.786299],[-116.945115,32.786272],[-116.945096,32.786261],[-116.945049,32.786242],[-116.945049,32.786921],[-116.944752,32.786924],[-116.944433,32.786922],[-116.944436,32.787664],[-116.944601,32.787664],[-116.9446,32.787775],[-116.944599,32.788112],[-116.944599,32.788224],[-116.945786,32.788601],[-116.946537,32.788586],[-116.946538,32.788588],[-116.946576,32.788637],[-116.946621,32.788669],[-116.946666,32.788696],[-116.946709,32.788701],[-116.946726,32.788702],[-116.946835,32.788709],[-116.947377,32.788701],[-116.947418,32.78868],[-116.948197,32.789057],[-116.948197,32.789109],[-116.948197,32.789548],[-116.948196,32.790759],[-116.948196,32.79131],[-116.948022,32.791309],[-116.9475,32.791309],[-116.947327,32.791309],[-116.94678,32.791309],[-116.94514,32.79131],[-116.944594,32.791311],[-116.944593,32.791452],[-116.944593,32.791882],[-116.944593,32.792025],[-116.944592,32.79217],[-116.944592,32.792608],[-116.944592,32.792754],[-116.944591,32.792924],[-116.944589,32.793436],[-116.944589,32.793609],[-116.944588,32.79387],[-116.944587,32.794655],[-116.944587,32.794917],[-116.944107,32.794916],[-116.942667,32.794918],[-116.942188,32.794919],[-116.942022,32.794918],[-116.941527,32.794918],[-116.941362,32.794918],[-116.941361,32.79475],[-116.94136,32.794257],[-116.940943,32.794241],[-116.940742,32.79426],[-116.937286,32.79426],[-116.937297,32.794803],[-116.937301,32.794991],[-116.937047,32.795037],[-116.936976,32.795053],[-116.936733,32.79511],[-116.936622,32.79514],[-116.936364,32.795223],[-116.936097,32.795325],[-116.936032,32.795354],[-116.935853,32.795435],[-116.935733,32.795494],[-116.935733,32.795341],[-116.934172,32.794474],[-116.933871,32.794479],[-116.933806,32.79448],[-116.933618,32.794481],[-116.93346,32.794984],[-116.933392,32.794984],[-116.933126,32.794984],[-116.933038,32.794984],[-116.933039,32.79513],[-116.933042,32.795571],[-116.933044,32.795718],[-116.933044,32.795867],[-116.933044,32.795885],[-116.933029,32.795967],[-116.933001,32.796046],[-116.932963,32.796129],[-116.932942,32.796209],[-116.932935,32.796291],[-116.932935,32.7963],[-116.932936,32.79645],[-116.933091,32.796449],[-116.933558,32.796447],[-116.933623,32.796447],[-116.933714,32.796448],[-116.933861,32.796446],[-116.934304,32.796444],[-116.934452,32.796444],[-116.934187,32.796694],[-116.933392,32.797443],[-116.933128,32.797694],[-116.932928,32.797882],[-116.932331,32.798445],[-116.932133,32.798634],[-116.931808,32.79894],[-116.930835,32.799858],[-116.930511,32.800165],[-116.930109,32.800545],[-116.929509,32.801113],[-116.926911,32.801437],[-116.926908,32.801693],[-116.926904,32.802073],[-116.926903,32.802149],[-116.9269,32.802383],[-116.926919,32.802771],[-116.926918,32.802773],[-116.926915,32.802829],[-116.926904,32.803004],[-116.926901,32.803063],[-116.9269,32.803106],[-116.926897,32.803236],[-116.926897,32.80328],[-116.926797,32.803286],[-116.926441,32.803319],[-116.926139,32.803359],[-116.92612,32.803363],[-116.925801,32.80342],[-116.925459,32.803495],[-116.925114,32.803588],[-116.924794,32.80369],[-116.924466,32.80381],[-116.924146,32.803945],[-116.923961,32.804032],[-116.923834,32.804094],[-116.923532,32.804256],[-116.923293,32.804399],[-116.923279,32.804407],[-116.922911,32.804633],[-116.922574,32.804859],[-116.922483,32.804924],[-116.922246,32.805097],[-116.921937,32.80534],[-116.921649,32.805584],[-116.921362,32.805846],[-116.921046,32.80616],[-116.920757,32.806475],[-116.920511,32.806766],[-116.920394,32.806916],[-116.920279,32.807065],[-116.920045,32.807394],[-116.919842,32.807708],[-116.919739,32.807862],[-116.919466,32.808343],[-116.919376,32.808504],[-116.918966,32.809173],[-116.917737,32.811182],[-116.917328,32.811852],[-116.917276,32.811833],[-116.917122,32.811777],[-116.917071,32.81176],[-116.917014,32.81174],[-116.916843,32.81168],[-116.916799,32.811665],[-116.916786,32.811661],[-116.916422,32.811529],[-116.916203,32.811451],[-116.916123,32.811422],[-116.916023,32.811389],[-116.91587,32.811332],[-116.915571,32.811223],[-116.915417,32.811154],[-116.915384,32.81114],[-116.915272,32.811083],[-116.915361,32.810996],[-116.915629,32.810738],[-116.915719,32.810652],[-116.915375,32.810362],[-116.915089,32.810094],[-116.914815,32.809818],[-116.914738,32.809741],[-116.914712,32.809714],[-116.914563,32.809562],[-116.914548,32.809547],[-116.914331,32.809337],[-116.914224,32.809294],[-116.914077,32.809308],[-116.913866,32.809339],[-116.91386,32.809341],[-116.913493,32.809468],[-116.913278,32.809306],[-116.91314,32.809204],[-116.912953,32.809059],[-116.912845,32.808957],[-116.912683,32.808774],[-116.912506,32.808574],[-116.912344,32.808435],[-116.91222,32.808329],[-116.911823,32.808071],[-116.911645,32.807956],[-116.911629,32.807944],[-116.911582,32.807915],[-116.911567,32.807906],[-116.911362,32.807769],[-116.911225,32.807678],[-116.911046,32.807538],[-116.910893,32.807401],[-116.910791,32.807302],[-116.910614,32.807133],[-116.910414,32.806942],[-116.910234,32.806771],[-116.909814,32.806372],[-116.909615,32.806182],[-116.90898,32.806564],[-116.908198,32.807036],[-116.907982,32.807167],[-116.907963,32.807189],[-116.907959,32.807216],[-116.907963,32.807234],[-116.908098,32.807397],[-116.908316,32.80766],[-116.908333,32.807699],[-116.908334,32.80774],[-116.90832,32.807779],[-116.908291,32.807812],[-116.908258,32.807829],[-116.908062,32.80794],[-116.907417,32.808305],[-116.907383,32.808244],[-116.907368,32.808218],[-116.907284,32.808062],[-116.907252,32.808002],[-116.907063,32.80809],[-116.906912,32.80816],[-116.906499,32.808354],[-116.906311,32.808443],[-116.906298,32.808456],[-116.906262,32.808501],[-116.906251,32.808517],[-116.906255,32.808518],[-116.906285,32.808528],[-116.906307,32.808548],[-116.906412,32.808805],[-116.906531,32.808926],[-116.906972,32.809378],[-116.90702,32.809433],[-116.90705,32.809497],[-116.907059,32.809565],[-116.907051,32.80962],[-116.906887,32.810019],[-116.906885,32.810047],[-116.906895,32.810073],[-116.906916,32.810093],[-116.906945,32.810106],[-116.906977,32.810109],[-116.907008,32.810102],[-116.907035,32.81008],[-116.907204,32.809957],[-116.907448,32.809775],[-116.907269,32.810084],[-116.907123,32.810337],[-116.907068,32.810405],[-116.906981,32.810486],[-116.906893,32.810547],[-116.906781,32.810603],[-116.906713,32.810626],[-116.906666,32.810642],[-116.906602,32.810656],[-116.90645,32.810679],[-116.906098,32.810736],[-116.905829,32.810834],[-116.905022,32.811134],[-116.904754,32.811235],[-116.904617,32.811283],[-116.904491,32.811329],[-116.904208,32.811428],[-116.904072,32.811478],[-116.903837,32.811533],[-116.903598,32.811573],[-116.903486,32.811584],[-116.903355,32.811597],[-116.903112,32.811606],[-116.902884,32.8116],[-116.902641,32.811579],[-116.902412,32.811544],[-116.902161,32.811487],[-116.901935,32.81142],[-116.901732,32.811343],[-116.901722,32.81134],[-116.901521,32.81125],[-116.901196,32.811084],[-116.900333,32.811929],[-116.900434,32.812162],[-116.900647,32.812648],[-116.900658,32.812695],[-116.900668,32.812804],[-116.900657,32.812914],[-116.90063,32.813007],[-116.900582,32.813109],[-116.900524,32.813192],[-116.900318,32.813395],[-116.900269,32.813444],[-116.900268,32.813444],[-116.900107,32.813577],[-116.899076,32.814055],[-116.89903,32.814067],[-116.898934,32.81408],[-116.898836,32.814078],[-116.898741,32.814061],[-116.898666,32.814035],[-116.898591,32.814018],[-116.898494,32.81401],[-116.89838,32.814019],[-116.898287,32.814043],[-116.897576,32.814342],[-116.897438,32.814401],[-116.897363,32.814415],[-116.897282,32.814418],[-116.897186,32.814406],[-116.89677,32.814268],[-116.896722,32.814257],[-116.896609,32.814243],[-116.896496,32.814246],[-116.8964,32.814262],[-116.896308,32.814289],[-116.896178,32.814364],[-116.896369,32.814171],[-116.896438,32.814134],[-116.896514,32.814111],[-116.896594,32.814101],[-116.896675,32.814106],[-116.897054,32.814203],[-116.897116,32.814221],[-116.89718,32.814228],[-116.897245,32.814224],[-116.897322,32.814204],[-116.897379,32.814177],[-116.897426,32.81414],[-116.897465,32.814102],[-116.897551,32.81396],[-116.897793,32.813563],[-116.897836,32.813445],[-116.89786,32.813337],[-116.897876,32.813188],[-116.897876,32.813069],[-116.897893,32.813002],[-116.897925,32.812939],[-116.897964,32.81289],[-116.898183,32.812673],[-116.898221,32.812613],[-116.898244,32.812547],[-116.898249,32.812478],[-116.898238,32.81241],[-116.898209,32.812346],[-116.898166,32.812288],[-116.898109,32.812239],[-116.898041,32.812202],[-116.898014,32.812191],[-116.897786,32.812138],[-116.897713,32.812107],[-116.897635,32.812057],[-116.897569,32.811997],[-116.897518,32.811927],[-116.897482,32.81185],[-116.897464,32.811766],[-116.897468,32.81107],[-116.897488,32.81099],[-116.89753,32.8109],[-116.897612,32.810792],[-116.897648,32.810716],[-116.897667,32.810635],[-116.897669,32.810566],[-116.897654,32.810485],[-116.897613,32.810395],[-116.897561,32.810326],[-116.897506,32.810275],[-116.897442,32.810232],[-116.897357,32.810193],[-116.897264,32.810168],[-116.897192,32.810151],[-116.897166,32.810139],[-116.897105,32.810112],[-116.897029,32.810061],[-116.896967,32.809998],[-116.896926,32.809938],[-116.896894,32.80986],[-116.896879,32.809779],[-116.89688,32.809732],[-116.896856,32.809666],[-116.896816,32.809607],[-116.896762,32.809556],[-116.89671,32.809523],[-116.896637,32.809493],[-116.895943,32.809344],[-116.895898,32.80936],[-116.8958,32.809394],[-116.895494,32.809511],[-116.894413,32.80993],[-116.894243,32.809984],[-116.894147,32.810007],[-116.894031,32.810036],[-116.893823,32.810071],[-116.893676,32.810087],[-116.893538,32.809405],[-116.89346,32.809014],[-116.893403,32.808731],[-116.892586,32.804665],[-116.892519,32.804332],[-116.893016,32.803416],[-116.893006,32.803408],[-116.89297,32.803362],[-116.89294,32.803299],[-116.892932,32.803257],[-116.892914,32.803154],[-116.892881,32.803062],[-116.892825,32.802963],[-116.892762,32.802883],[-116.892706,32.802828],[-116.892663,32.802795],[-116.892519,32.802683],[-116.8923,32.80251],[-116.892232,32.802472],[-116.892142,32.802442],[-116.892139,32.802441],[-116.892062,32.802428],[-116.891963,32.802428],[-116.89188,32.802442],[-116.891279,32.802611],[-116.891167,32.802629],[-116.891037,32.802633],[-116.890806,32.802602],[-116.890528,32.802566],[-116.890436,32.802537],[-116.890367,32.802502],[-116.890291,32.802442],[-116.890201,32.802272],[-116.890155,32.802215],[-116.890054,32.802132],[-116.890035,32.802105],[-116.889901,32.801864],[-116.88986,32.801822],[-116.889806,32.801792],[-116.893038,32.799546],[-116.893041,32.794956],[-116.888668,32.794645],[-116.88467,32.794359],[-116.88467,32.79365],[-116.88458,32.787917],[-116.886753,32.787923],[-116.886313,32.787543],[-116.885927,32.787212],[-116.885727,32.787056],[-116.885493,32.786894],[-116.885285,32.786764],[-116.884894,32.786547],[-116.884387,32.786266],[-116.883148,32.785584],[-116.882932,32.785467],[-116.882633,32.785317],[-116.882344,32.785183],[-116.882042,32.785055],[-116.88149,32.784838],[-116.879262,32.783896],[-116.878282,32.783481],[-116.877961,32.783346],[-116.877442,32.783105],[-116.877025,32.782914],[-116.876735,32.782763],[-116.876671,32.782727],[-116.876364,32.782542],[-116.876185,32.782423],[-116.876091,32.782354],[-116.87615,32.785068],[-116.87632,32.787899],[-116.875795,32.787898],[-116.874799,32.787796],[-116.859616,32.786248],[-116.858879,32.786173],[-116.858809,32.792236],[-116.858849,32.793529],[-116.858848,32.793529],[-116.856734,32.793564],[-116.849716,32.793682],[-116.849658,32.796886],[-116.849625,32.798743],[-116.849597,32.800296]]]}},{"type":"Feature","properties":{"ZCTA5CE10":"91977","GEOID10":"91977"},"geometry":{"type":"Polygon","coordinates":[[[-117.001421,32.752394],[-117.001421,32.7524],[-117.001415,32.75258],[-117.0014,32.753121],[-117.001396,32.753302],[-117.001366,32.754306],[-117.001365,32.754346],[-117.001345,32.754483],[-117.001303,32.75463],[-117.001247,32.754759],[-117.001167,32.754894],[-117.001082,32.755005],[-117.000773,32.755374],[-117.000713,32.755472],[-117.000667,32.755581],[-117.000647,32.755662],[-116.998972,32.755438],[-116.998973,32.755333],[-116.99704,32.755279],[-116.996827,32.753448],[-116.995939,32.753434],[-116.996039,32.752209],[-116.996253,32.752024],[-116.99555,32.751435],[-116.993104,32.751795],[-116.992629,32.754374],[-116.992631,32.754846],[-116.991176,32.754798],[-116.99112,32.754848],[-116.991078,32.754906],[-116.991053,32.754971],[-116.991045,32.755026],[-116.991052,32.755094],[-116.991166,32.755585],[-116.991238,32.755892],[-116.99125,32.755974],[-116.991247,32.756079],[-116.991233,32.756642],[-116.991229,32.756832],[-116.991232,32.757107],[-116.991217,32.757154],[-116.991216,32.75716],[-116.991186,32.757209],[-116.991143,32.75725],[-116.991089,32.75728],[-116.991058,32.757292],[-116.990782,32.757368],[-116.99088,32.757823],[-116.989566,32.757787],[-116.989598,32.758867],[-116.989257,32.758865],[-116.988934,32.758864],[-116.98888,32.758853],[-116.988868,32.758851],[-116.988812,32.758827],[-116.988754,32.758785],[-116.988715,32.758742],[-116.988532,32.758749],[-116.984709,32.758862],[-116.98475,32.75882],[-116.984985,32.758578],[-116.985076,32.7585],[-116.98519,32.758422],[-116.985298,32.758364],[-116.985416,32.758314],[-116.985539,32.758276],[-116.985987,32.758144],[-116.986108,32.758104],[-116.986298,32.758025],[-116.986357,32.757993],[-116.98645,32.757945],[-116.98658,32.757863],[-116.986719,32.757755],[-116.986851,32.757633],[-116.986873,32.757611],[-116.986938,32.757534],[-116.986975,32.757492],[-116.987065,32.757362],[-116.98714,32.757224],[-116.987148,32.757202],[-116.987198,32.757082],[-116.987207,32.75705],[-116.987236,32.756957],[-116.987246,32.756927],[-116.987267,32.756816],[-116.987267,32.756811],[-116.987281,32.756676],[-116.987279,32.756537],[-116.987279,32.756511],[-116.987272,32.756462],[-116.987257,32.756347],[-116.98723,32.756248],[-116.987213,32.756183],[-116.987148,32.756014],[-116.987123,32.755965],[-116.987077,32.755876],[-116.986761,32.756022],[-116.986624,32.756087],[-116.986591,32.756118],[-116.986572,32.756162],[-116.986571,32.756439],[-116.986561,32.756465],[-116.986535,32.756481],[-116.986513,32.756484],[-116.986073,32.756489],[-116.985726,32.756494],[-116.98513,32.756476],[-116.984996,32.75674],[-116.984954,32.756702],[-116.984912,32.756681],[-116.984897,32.756677],[-116.984865,32.75667],[-116.984544,32.756667],[-116.984427,32.756667],[-116.984428,32.756453],[-116.984433,32.755816],[-116.984434,32.755769],[-116.984415,32.755707],[-116.984379,32.75565],[-116.984356,32.755627],[-116.983893,32.755488],[-116.980834,32.7554],[-116.979688,32.755015],[-116.979616,32.753083],[-116.979156,32.7517],[-116.977107,32.751578],[-116.975817,32.752298],[-116.975207,32.752277],[-116.975202,32.751518],[-116.974964,32.75152],[-116.973721,32.751444],[-116.972807,32.751433],[-116.971993,32.751415],[-116.971625,32.752541],[-116.970521,32.752508],[-116.967528,32.749889],[-116.966547,32.750208],[-116.963128,32.748945],[-116.962476,32.746883],[-116.962582,32.746774],[-116.962712,32.746662],[-116.963349,32.746221],[-116.963526,32.7461],[-116.963666,32.745986],[-116.963785,32.745873],[-116.96387,32.745779],[-116.963889,32.745753],[-116.963976,32.745641],[-116.964061,32.745508],[-116.964136,32.745351],[-116.964206,32.745209],[-116.964231,32.745156],[-116.964308,32.744999],[-116.964334,32.744947],[-116.964972,32.744815],[-116.965621,32.744708],[-116.966216,32.744636],[-116.966232,32.744635],[-116.967009,32.744574],[-116.967429,32.744574],[-116.969099,32.744628],[-116.970227,32.744636],[-116.972486,32.744654],[-116.973611,32.744664],[-116.974739,32.744675],[-116.974657,32.744621],[-116.974411,32.744459],[-116.97433,32.744405],[-116.974186,32.744309],[-116.973757,32.744023],[-116.972982,32.743451],[-116.972977,32.74345],[-116.972946,32.743412],[-116.972843,32.743288],[-116.972832,32.743271],[-116.972753,32.743158],[-116.972664,32.742996],[-116.972605,32.742853],[-116.97255,32.74264],[-116.972493,32.742415],[-116.972459,32.742308],[-116.97244,32.742238],[-116.972421,32.742164],[-116.97238,32.741947],[-116.972356,32.741728],[-116.972355,32.741692],[-116.972352,32.741509],[-116.972353,32.741426],[-116.972366,32.741284],[-116.972429,32.740612],[-116.97245,32.740389],[-116.972475,32.740119],[-116.972493,32.739934],[-116.972503,32.739632],[-116.972492,32.73933],[-116.972489,32.73931],[-116.972462,32.739042],[-116.972447,32.738943],[-116.972429,32.738824],[-116.972391,32.73865],[-116.97237,32.738554],[-116.972347,32.738463],[-116.972267,32.738197],[-116.972251,32.738152],[-116.972171,32.737935],[-116.971781,32.737035],[-116.971767,32.736995],[-116.971704,32.73681],[-116.971648,32.736596],[-116.971642,32.736568],[-116.971625,32.736486],[-116.97162,32.736462],[-116.971619,32.73646],[-116.971586,32.73623],[-116.971569,32.735997],[-116.971569,32.735858],[-116.971578,32.734043],[-116.971581,32.73344],[-116.971581,32.733356],[-116.971582,32.733108],[-116.971583,32.733026],[-116.971585,32.732616],[-116.971593,32.731389],[-116.971596,32.730981],[-116.971544,32.73039],[-116.971514,32.730037],[-116.971478,32.72975],[-116.971426,32.729479],[-116.971357,32.72921],[-116.971266,32.728932],[-116.971162,32.728672],[-116.97116,32.728668],[-116.971022,32.728379],[-116.97089,32.728143],[-116.970797,32.727989],[-116.970521,32.727528],[-116.97043,32.727376],[-116.97019,32.726976],[-116.969977,32.726621],[-116.96987,32.726467],[-116.969739,32.726309],[-116.969738,32.726308],[-116.969592,32.726162],[-116.969467,32.726054],[-116.969322,32.725945],[-116.969292,32.725926],[-116.968902,32.725673],[-116.969383,32.725032],[-116.970827,32.723109],[-116.971309,32.722469],[-116.971448,32.722284],[-116.971624,32.72205],[-116.971845,32.721715],[-116.971974,32.721523],[-116.972131,32.721287],[-116.972233,32.721138],[-116.972267,32.721091],[-116.972487,32.720802],[-116.972723,32.720523],[-116.973136,32.72008],[-116.973454,32.719742],[-116.973724,32.719453],[-116.974486,32.718642],[-116.974535,32.718584],[-116.974666,32.718437],[-116.974789,32.718281],[-116.975163,32.717807],[-116.975771,32.717036],[-116.976287,32.716385],[-116.976545,32.71606],[-116.976668,32.715917],[-116.976778,32.715798],[-116.976828,32.715746],[-116.977108,32.715445],[-116.977219,32.715328],[-116.977275,32.715275],[-116.977443,32.71512],[-116.9775,32.715068],[-116.977698,32.7149],[-116.97796,32.714694],[-116.978053,32.714627],[-116.978258,32.714482],[-116.978529,32.714307],[-116.979861,32.713518],[-116.979961,32.713461],[-116.980202,32.713306],[-116.980449,32.713127],[-116.980584,32.713014],[-116.980771,32.712842],[-116.980957,32.71265],[-116.981128,32.71245],[-116.981186,32.712372],[-116.981278,32.712249],[-116.982939,32.710034],[-116.983008,32.709946],[-116.982703,32.70921],[-116.982662,32.70911],[-116.983276,32.70901],[-116.984273,32.70824],[-116.984537,32.708036],[-116.986109,32.707123],[-116.986608,32.706835],[-116.987011,32.706149],[-116.986427,32.705347],[-116.986475,32.704611],[-116.989751,32.704576],[-116.989836,32.703251],[-116.991233,32.702536],[-116.991219,32.70214],[-116.991985,32.702151],[-116.993483,32.701383],[-116.993849,32.701196],[-116.99385,32.701197],[-116.994154,32.700706],[-116.994947,32.700323],[-116.995339,32.700527],[-116.995433,32.700726],[-116.995415,32.701616],[-116.996309,32.701232],[-116.996412,32.701151],[-116.998653,32.69941],[-116.99858,32.699085],[-116.998581,32.699085],[-117.000776,32.697139],[-117.003127,32.698163],[-117.003624,32.697874],[-117.003563,32.697225],[-117.003448,32.69599],[-117.004355,32.695006],[-117.00525,32.694037],[-117.006032,32.694346],[-117.006033,32.694347],[-117.006044,32.694333],[-117.007136,32.692977],[-117.007932,32.692395],[-117.008113,32.692193],[-117.008167,32.692186],[-117.008208,32.692182],[-117.008312,32.692166],[-117.00833,32.69216],[-117.008383,32.692144],[-117.008643,32.692034],[-117.009068,32.691901],[-117.009437,32.691787],[-117.009639,32.691677],[-117.009821,32.691649],[-117.009964,32.691583],[-117.009996,32.691413],[-117.009925,32.691088],[-117.009971,32.691055],[-117.010198,32.691001],[-117.010472,32.690858],[-117.010575,32.690797],[-117.010634,32.690764],[-117.010836,32.690665],[-117.011038,32.690489],[-117.011183,32.690406],[-117.011518,32.691399],[-117.01086,32.691561],[-117.010384,32.691681],[-117.009953,32.691788],[-117.01017,32.692413],[-117.01102,32.694858],[-117.01193,32.694467],[-117.012105,32.694393],[-117.013517,32.693789],[-117.013655,32.693742],[-117.013697,32.693835],[-117.013837,32.694143],[-117.014596,32.69393],[-117.01485,32.693883],[-117.015159,32.693804],[-117.015638,32.693061],[-117.015878,32.692691],[-117.016088,32.692363],[-117.016268,32.692084],[-117.016803,32.691578],[-117.016874,32.69151],[-117.017158,32.691243],[-117.018464,32.690243],[-117.020303,32.688838],[-117.02134,32.688098],[-117.021471,32.688425],[-117.021472,32.688427],[-117.021726,32.689183],[-117.022595,32.691771],[-117.022831,32.692475],[-117.022957,32.69276],[-117.022339,32.692878],[-117.02208,32.6933],[-117.02209,32.693368],[-117.022169,32.693578],[-117.02217,32.693806],[-117.021972,32.69459],[-117.022387,32.6958],[-117.022527,32.695934],[-117.022747,32.69645],[-117.022789,32.69653],[-117.023227,32.696668],[-117.023824,32.69684],[-117.024604,32.697078],[-117.024911,32.697862],[-117.025233,32.69868],[-117.023301,32.699215],[-117.020071,32.700094],[-117.018808,32.700437],[-117.019022,32.700778],[-117.018916,32.700888],[-117.018929,32.700927],[-117.018969,32.701045],[-117.018983,32.701086],[-117.01945,32.700997],[-117.019471,32.700994],[-117.019775,32.700945],[-117.019978,32.701332],[-117.021189,32.703945],[-117.021085,32.704358],[-117.021146,32.704881],[-117.021158,32.704983],[-117.020983,32.705237],[-117.020841,32.705484],[-117.020768,32.705612],[-117.02017,32.705787],[-117.020166,32.705803],[-117.0201,32.70605],[-117.020686,32.707527],[-117.020638,32.70754],[-117.02052,32.707575],[-117.020456,32.707593],[-117.020264,32.707649],[-117.020201,32.707668],[-117.020029,32.707715],[-117.019512,32.707861],[-117.019341,32.70791],[-117.019105,32.707977],[-117.018396,32.708185],[-117.018161,32.708255],[-117.018209,32.708392],[-117.018353,32.708806],[-117.018401,32.708944],[-117.018452,32.709091],[-117.018606,32.709533],[-117.018658,32.709682],[-117.018708,32.709826],[-117.01886,32.710265],[-117.018911,32.710411],[-117.018971,32.710582],[-117.019151,32.711098],[-117.019211,32.71127],[-117.019264,32.711421],[-117.019424,32.711877],[-117.019478,32.712029],[-117.019528,32.712173],[-117.019681,32.712608],[-117.019732,32.712753],[-117.01979,32.712919],[-117.019966,32.713424],[-117.020025,32.713592],[-117.020049,32.713662],[-117.020124,32.713872],[-117.020149,32.713942],[-117.020157,32.713966],[-117.020183,32.714039],[-117.020192,32.714064],[-117.020209,32.714115],[-117.020263,32.714272],[-117.020282,32.714325],[-117.020314,32.714413],[-117.020412,32.71468],[-117.020445,32.714769],[-117.020711,32.714768],[-117.021511,32.714771],[-117.021778,32.714772],[-117.022055,32.71477],[-117.02209,32.71477],[-117.022665,32.714722],[-117.022885,32.714725],[-117.023043,32.714728],[-117.023163,32.71473],[-117.02311,32.714793],[-117.023116,32.714867],[-117.023142,32.715166],[-117.023155,32.715336],[-117.023167,32.715493],[-117.023146,32.715727],[-117.023086,32.71643],[-117.023066,32.716665],[-117.023055,32.716931],[-117.023026,32.717729],[-117.023016,32.717996],[-117.023011,32.718092],[-117.022998,32.71838],[-117.022994,32.718477],[-117.022996,32.718584],[-117.023002,32.718905],[-117.023005,32.719013],[-117.023008,32.719172],[-117.023018,32.719653],[-117.023022,32.719813],[-117.023024,32.719925],[-117.02303,32.720263],[-117.023033,32.720376],[-117.023034,32.720422],[-117.023037,32.720567],[-117.023039,32.720615],[-117.023042,32.72076],[-117.023051,32.721196],[-117.023055,32.721343],[-117.023068,32.721507],[-117.02311,32.722002],[-117.023125,32.722167],[-117.02313,32.722167],[-117.023145,32.722167],[-117.02315,32.722167],[-117.023158,32.723424],[-117.023158,32.723564],[-117.023159,32.723776],[-117.02316,32.723984],[-117.02316,32.724077],[-117.023161,32.724125],[-117.023161,32.724294],[-117.023162,32.724515],[-117.023164,32.724803],[-117.023165,32.724973],[-117.022934,32.724967],[-117.022243,32.724952],[-117.022013,32.724948],[-117.021952,32.724947],[-117.021771,32.724947],[-117.021711,32.724947],[-117.021601,32.724953],[-117.021565,32.724956],[-117.021405,32.724981],[-117.021278,32.725012],[-117.02125,32.725021],[-117.021174,32.725048],[-117.021143,32.725026],[-117.021052,32.724963],[-117.021022,32.724943],[-117.020831,32.724942],[-117.020259,32.724939],[-117.020069,32.724938],[-117.019903,32.724936],[-117.019405,32.724935],[-117.01924,32.724935],[-117.018219,32.724933],[-117.015341,32.724929],[-117.015156,32.724927],[-117.014935,32.724925],[-117.014922,32.724212],[-117.014685,32.724247],[-117.014503,32.724275],[-117.014124,32.724333],[-117.014126,32.724451],[-117.014133,32.724805],[-117.014136,32.724924],[-117.014125,32.725467],[-117.01411,32.726308],[-117.014097,32.726575],[-117.014101,32.726796],[-117.014117,32.727017],[-117.014128,32.727095],[-117.014148,32.727237],[-117.014182,32.727399],[-117.014209,32.727527],[-117.014236,32.727627],[-117.014257,32.727848],[-117.01432,32.728513],[-117.014342,32.728736],[-117.014552,32.728735],[-117.014784,32.728736],[-117.014784,32.728735],[-117.014824,32.729009],[-117.015206,32.729007],[-117.015232,32.729241],[-117.015236,32.729273],[-117.015444,32.730905],[-117.015991,32.734628],[-117.0156,32.734626],[-117.014879,32.73462],[-117.014489,32.734617],[-117.014482,32.735025],[-117.014469,32.735794],[-117.01447,32.736255],[-117.014471,32.736667],[-117.014471,32.737076],[-117.014474,32.738304],[-117.014475,32.738715],[-117.01448,32.73892],[-117.014484,32.739057],[-117.013684,32.739063],[-117.013112,32.739687],[-117.012937,32.739753],[-117.012712,32.739759],[-117.012412,32.739778],[-117.012029,32.739966],[-117.011813,32.739922],[-117.010655,32.74154],[-117.010727,32.741553],[-117.010833,32.741562],[-117.01093,32.741554],[-117.011008,32.741536],[-117.011192,32.741461],[-117.011468,32.741351],[-117.011587,32.741303],[-117.011636,32.741349],[-117.011905,32.741487],[-117.012893,32.741994],[-117.012976,32.742037],[-117.013202,32.742172],[-117.013214,32.74218],[-117.013148,32.742266],[-117.013035,32.742412],[-117.013004,32.742475],[-117.012992,32.742525],[-117.012985,32.742556],[-117.012988,32.742638],[-117.013007,32.742705],[-117.013037,32.742764],[-117.013598,32.743588],[-117.013761,32.743827],[-117.013825,32.743936],[-117.013574,32.744278],[-117.013195,32.744797],[-117.01274,32.745237],[-117.012492,32.745478],[-117.012424,32.745519],[-117.011892,32.745844],[-117.011718,32.745952],[-117.011169,32.746116],[-117.011004,32.746166],[-117.010939,32.746202],[-117.010884,32.746252],[-117.010846,32.746313],[-117.010828,32.74638],[-117.010828,32.746435],[-117.010847,32.746501],[-117.010886,32.746562],[-117.010941,32.746612],[-117.01101,32.746648],[-117.011071,32.746666],[-117.011249,32.746703],[-117.011284,32.74671],[-117.011895,32.746839],[-117.011867,32.746867],[-117.011848,32.746889],[-117.011819,32.746938],[-117.011809,32.746968],[-117.011802,32.746991],[-117.011799,32.747007],[-117.011725,32.747061],[-117.01163,32.747114],[-117.011628,32.747114],[-117.011528,32.747156],[-117.011427,32.747183],[-117.011297,32.74721],[-117.011042,32.747261],[-117.010845,32.747302],[-117.010531,32.747363],[-117.010515,32.747611],[-117.010623,32.747745],[-117.01055,32.748099],[-117.008975,32.748091],[-117.008013,32.748635],[-117.007848,32.749329],[-117.008459,32.750899],[-117.00825,32.751023],[-117.008286,32.751092],[-117.008289,32.751098],[-117.008313,32.751178],[-117.00832,32.75126],[-117.008314,32.751325],[-117.008308,32.751404],[-117.008306,32.751534],[-117.008306,32.751542],[-117.008286,32.751683],[-117.008246,32.751825],[-117.008209,32.751911],[-117.008197,32.751942],[-117.008151,32.752029],[-117.008079,32.752156],[-117.008017,32.752269],[-117.007967,32.752399],[-117.007932,32.752534],[-117.007926,32.752563],[-117.0079,32.752707],[-117.007591,32.752712],[-117.00709,32.752721],[-117.006765,32.752712],[-117.006668,32.752705],[-117.006473,32.752692],[-117.006361,32.752681],[-117.006235,32.752664],[-117.006001,32.752635],[-117.00586,32.752608],[-117.005736,32.752585],[-117.005538,32.752541],[-117.005368,32.752504],[-117.00509,32.752427],[-117.004955,32.752381],[-117.004803,32.752331],[-117.004764,32.752317],[-117.004541,32.752236],[-117.004145,32.752094],[-117.003961,32.75204],[-117.003865,32.752015],[-117.003636,32.751958],[-117.003449,32.752613],[-117.002269,32.752323],[-117.00224,32.752416],[-117.001421,32.752394]]]}},{"type":"Feature","properties":{"ZCTA5CE10":"91945","GEOID10":"91945"},"geometry":{"type":"Polygon","coordinates":[[[-117.059678,32.730465],[-117.059706,32.730469],[-117.059832,32.730495],[-117.059856,32.730502],[-117.059953,32.730535],[-117.060068,32.730586],[-117.060175,32.730648],[-117.06033,32.730766],[-117.060475,32.730877],[-117.060698,32.730728],[-117.060835,32.730635],[-117.061917,32.729913],[-117.061991,32.729864],[-117.062282,32.729678],[-117.062565,32.729525],[-117.06262,32.729494],[-117.064445,32.729469],[-117.063961,32.729672],[-117.063449,32.730069],[-117.06347,32.730074],[-117.063533,32.730089],[-117.063555,32.730094],[-117.063615,32.730106],[-117.063797,32.730144],[-117.063858,32.730157],[-117.063705,32.730226],[-117.062878,32.730775],[-117.06257,32.730981],[-117.06079,32.732255],[-117.060059,32.732815],[-117.059314,32.733388],[-117.059157,32.733543],[-117.058937,32.733759],[-117.058559,32.734144],[-117.058253,32.734454],[-117.058091,32.734621],[-117.058069,32.734644],[-117.056814,32.735995],[-117.05648,32.736356],[-117.056233,32.736613],[-117.056158,32.736691],[-117.05585,32.737031],[-117.054709,32.738295],[-117.054329,32.738717],[-117.054128,32.738936],[-117.053772,32.739326],[-117.053538,32.739604],[-117.053348,32.739834],[-117.053028,32.740139],[-117.052093,32.741038],[-117.052067,32.741058],[-117.051722,32.741335],[-117.051651,32.74139],[-117.051441,32.741557],[-117.051372,32.741614],[-117.051265,32.741698],[-117.050943,32.741954],[-117.050837,32.742041],[-117.050826,32.742047],[-117.050793,32.742071],[-117.050783,32.74208],[-117.050482,32.742292],[-117.049581,32.742933],[-117.04948,32.743006],[-117.049283,32.74315],[-117.048845,32.743474],[-117.04814,32.743999],[-117.047561,32.744379],[-117.047505,32.744411],[-117.047257,32.744557],[-117.04703,32.744679],[-117.046737,32.744762],[-117.046596,32.744796],[-117.046471,32.744823],[-117.046208,32.74487],[-117.046153,32.744881],[-117.045799,32.744925],[-117.045507,32.744946],[-117.045231,32.744953],[-117.043681,32.744929],[-117.042837,32.744918],[-117.042633,32.744912],[-117.042022,32.7449],[-117.041819,32.744896],[-117.041311,32.744884],[-117.040654,32.744869],[-117.039789,32.74485],[-117.039623,32.744848],[-117.039524,32.744842],[-117.039282,32.744832],[-117.039102,32.744825],[-117.039043,32.744824],[-117.038679,32.744824],[-117.038327,32.744836],[-117.038241,32.744839],[-117.038089,32.74485],[-117.037901,32.744863],[-117.037803,32.744871],[-117.037384,32.744918],[-117.037341,32.744923],[-117.037156,32.744952],[-117.037,32.744975],[-117.036965,32.744978],[-117.036611,32.745021],[-117.036418,32.745046],[-117.035923,32.745122],[-117.03543,32.745213],[-117.03499,32.745306],[-117.034926,32.745321],[-117.034457,32.745436],[-117.034142,32.745527],[-117.033198,32.745801],[-117.032884,32.745894],[-117.032723,32.745939],[-117.032241,32.74608],[-117.032081,32.746128],[-117.031896,32.746181],[-117.031342,32.746342],[-117.031158,32.746397],[-117.031143,32.746402],[-117.031036,32.746432],[-117.030672,32.746536],[-117.030635,32.746549],[-117.030551,32.746571],[-117.030535,32.746574],[-117.03049,32.746585],[-117.030475,32.74659],[-117.030091,32.746689],[-117.029794,32.746755],[-117.029541,32.746814],[-117.029019,32.746916],[-117.028524,32.747],[-117.028045,32.747068],[-117.027721,32.747102],[-117.027024,32.747178],[-117.026908,32.747191],[-117.026638,32.747214],[-117.026555,32.747216],[-117.026438,32.74722],[-117.02518,32.747124],[-117.024122,32.747046],[-117.022639,32.746934],[-117.02233,32.746919],[-117.022005,32.746918],[-117.021713,32.746932],[-117.021577,32.746944],[-117.021404,32.746958],[-117.02139,32.746961],[-117.021085,32.747004],[-117.020768,32.747065],[-117.020486,32.747133],[-117.020173,32.747223],[-117.020044,32.747259],[-117.019833,32.747324],[-117.019709,32.747364],[-117.019425,32.747468],[-117.019133,32.747588],[-117.018845,32.747722],[-117.018834,32.747728],[-117.018532,32.747888],[-117.01849,32.747912],[-117.018189,32.748094],[-117.018109,32.748146],[-117.017926,32.748289],[-117.015711,32.750101],[-117.01548,32.750289],[-117.015257,32.750472],[-117.015208,32.750512],[-117.014948,32.750725],[-117.014222,32.751322],[-117.014171,32.751365],[-117.013918,32.751586],[-117.013642,32.751824],[-117.013311,32.752113],[-117.012817,32.752541],[-117.012542,32.75278],[-117.012382,32.752918],[-117.012164,32.753106],[-117.011903,32.753332],[-117.011742,32.753471],[-117.011695,32.753431],[-117.01155,32.753315],[-117.011502,32.753276],[-117.011426,32.753213],[-117.0112,32.753027],[-117.011125,32.752965],[-117.01111,32.752952],[-117.011065,32.752913],[-117.01105,32.752902],[-117.010985,32.752848],[-117.01079,32.752688],[-117.010726,32.752635],[-117.010659,32.752578],[-117.010458,32.752412],[-117.010391,32.752359],[-117.010468,32.752291],[-117.010701,32.75209],[-117.010779,32.752024],[-117.010861,32.751953],[-117.010978,32.751858],[-117.011106,32.751773],[-117.01112,32.751766],[-117.011274,32.751688],[-117.011421,32.751631],[-117.012148,32.751422],[-117.012277,32.751378],[-117.012329,32.751361],[-117.012503,32.751286],[-117.012563,32.751254],[-117.012652,32.751207],[-117.012689,32.751185],[-117.012853,32.751073],[-117.013028,32.750925],[-117.013785,32.75029],[-117.014102,32.750006],[-117.014394,32.749748],[-117.014452,32.749696],[-117.014506,32.747984],[-117.016941,32.745605],[-117.017269,32.745382],[-117.017578,32.745176],[-117.017692,32.745102],[-117.01792,32.744949],[-117.018259,32.744724],[-117.018259,32.744723],[-117.018588,32.744502],[-117.017716,32.743731],[-117.017686,32.743707],[-117.016928,32.743106],[-117.016927,32.743105],[-117.016696,32.742921],[-117.015158,32.741699],[-117.015002,32.741557],[-117.014966,32.741517],[-117.014791,32.741673],[-117.012308,32.74024],[-117.012029,32.739966],[-117.012412,32.739778],[-117.012712,32.739759],[-117.012937,32.739753],[-117.013112,32.739687],[-117.013684,32.739063],[-117.014484,32.739057],[-117.01448,32.73892],[-117.014475,32.738715],[-117.014474,32.738304],[-117.014471,32.737076],[-117.014471,32.736667],[-117.01447,32.736255],[-117.014469,32.735794],[-117.014482,32.735025],[-117.014489,32.734617],[-117.014879,32.73462],[-117.0156,32.734626],[-117.015991,32.734628],[-117.015444,32.730905],[-117.015236,32.729273],[-117.015232,32.729241],[-117.015206,32.729007],[-117.014824,32.729009],[-117.014784,32.728735],[-117.014784,32.728736],[-117.014552,32.728735],[-117.014342,32.728736],[-117.01432,32.728513],[-117.014257,32.727848],[-117.014236,32.727627],[-117.014209,32.727527],[-117.014182,32.727399],[-117.014148,32.727237],[-117.014128,32.727095],[-117.014117,32.727017],[-117.014101,32.726796],[-117.014097,32.726575],[-117.01411,32.726308],[-117.014125,32.725467],[-117.014136,32.724924],[-117.014133,32.724805],[-117.014126,32.724451],[-117.014124,32.724333],[-117.014503,32.724275],[-117.014685,32.724247],[-117.014922,32.724212],[-117.014935,32.724925],[-117.015156,32.724927],[-117.015341,32.724929],[-117.018219,32.724933],[-117.01924,32.724935],[-117.019405,32.724935],[-117.019903,32.724936],[-117.020069,32.724938],[-117.020259,32.724939],[-117.020831,32.724942],[-117.021022,32.724943],[-117.021052,32.724963],[-117.021143,32.725026],[-117.021174,32.725048],[-117.02125,32.725021],[-117.021278,32.725012],[-117.021405,32.724981],[-117.021565,32.724956],[-117.021601,32.724953],[-117.021711,32.724947],[-117.021771,32.724947],[-117.021952,32.724947],[-117.022013,32.724948],[-117.022243,32.724952],[-117.022934,32.724967],[-117.023165,32.724973],[-117.023164,32.724803],[-117.023162,32.724515],[-117.023161,32.724294],[-117.023161,32.724125],[-117.02316,32.724077],[-117.02316,32.723984],[-117.023159,32.723776],[-117.023158,32.723564],[-117.023158,32.723424],[-117.02315,32.722167],[-117.023145,32.722167],[-117.02313,32.722167],[-117.023125,32.722167],[-117.02311,32.722002],[-117.023068,32.721507],[-117.023055,32.721343],[-117.023051,32.721196],[-117.023042,32.72076],[-117.023039,32.720615],[-117.023037,32.720567],[-117.023034,32.720422],[-117.023033,32.720376],[-117.02303,32.720263],[-117.023024,32.719925],[-117.023022,32.719813],[-117.023018,32.719653],[-117.023008,32.719172],[-117.023005,32.719013],[-117.023002,32.718905],[-117.022996,32.718584],[-117.022994,32.718477],[-117.023225,32.71851],[-117.023531,32.718555],[-117.023741,32.718568],[-117.023924,32.718564],[-117.023936,32.718564],[-117.02413,32.718545],[-117.024157,32.71854],[-117.024221,32.718528],[-117.024305,32.718514],[-117.024412,32.718486],[-117.024476,32.718471],[-117.024753,32.718485],[-117.025587,32.718527],[-117.025865,32.718542],[-117.026148,32.718556],[-117.027,32.718604],[-117.027284,32.718621],[-117.027349,32.718624],[-117.027546,32.718634],[-117.027612,32.718638],[-117.028464,32.718681],[-117.028463,32.71932],[-117.028463,32.72106],[-117.028464,32.72118],[-117.02947,32.721186],[-117.029477,32.721784],[-117.02968,32.721781],[-117.029809,32.721782],[-117.029878,32.721783],[-117.030086,32.721786],[-117.030156,32.721788],[-117.030189,32.721654],[-117.030201,32.721608],[-117.030202,32.721239],[-117.030207,32.720256],[-117.030627,32.720273],[-117.031875,32.720324],[-117.031881,32.720292],[-117.031971,32.720328],[-117.031968,32.720137],[-117.031961,32.719566],[-117.031959,32.719376],[-117.031956,32.719206],[-117.031952,32.718821],[-117.03195,32.718702],[-117.031948,32.718536],[-117.031948,32.718376],[-117.031952,32.717903],[-117.031954,32.717745],[-117.031953,32.717605],[-117.031951,32.717188],[-117.031951,32.717049],[-117.03195,32.716898],[-117.031949,32.716465],[-117.031948,32.716451],[-117.031948,32.716302],[-117.031946,32.716137],[-117.031942,32.715643],[-117.031941,32.71548],[-117.032076,32.715443],[-117.032483,32.715336],[-117.032619,32.715302],[-117.032702,32.715362],[-117.032707,32.715366],[-117.032829,32.715454],[-117.032954,32.715544],[-117.033038,32.715605],[-117.033133,32.715673],[-117.033419,32.715879],[-117.033515,32.715948],[-117.03379,32.716146],[-117.034569,32.716708],[-117.034569,32.716768],[-117.034573,32.717109],[-117.034575,32.717395],[-117.03458,32.718025],[-117.034582,32.718254],[-117.034585,32.718541],[-117.034514,32.71854],[-117.034506,32.719139],[-117.034504,32.719155],[-117.034497,32.720331],[-117.034581,32.720331],[-117.034832,32.720331],[-117.034917,32.720331],[-117.034916,32.720297],[-117.034915,32.720198],[-117.034915,32.720165],[-117.035469,32.720246],[-117.035363,32.720552],[-117.035363,32.720683],[-117.035363,32.721196],[-117.035873,32.721193],[-117.035873,32.721083],[-117.036524,32.721046],[-117.036509,32.720593],[-117.036669,32.720287],[-117.037215,32.720266],[-117.037522,32.720397],[-117.037609,32.720617],[-117.037813,32.720665],[-117.038153,32.720484],[-117.038104,32.720422],[-117.038824,32.719564],[-117.039149,32.719765],[-117.039177,32.719732],[-117.03957,32.719957],[-117.039534,32.720011],[-117.039895,32.720207],[-117.040003,32.720083],[-117.040355,32.72028],[-117.04047,32.720144],[-117.040647,32.719926],[-117.041146,32.720237],[-117.041263,32.720303],[-117.041614,32.720503],[-117.041731,32.72057],[-117.041833,32.720447],[-117.042141,32.720083],[-117.042244,32.719962],[-117.042781,32.719324],[-117.044396,32.717413],[-117.044934,32.716777],[-117.04522,32.716437],[-117.046079,32.715421],[-117.046366,32.715082],[-117.046415,32.715092],[-117.046562,32.715122],[-117.046612,32.715133],[-117.046682,32.715136],[-117.046755,32.71514],[-117.046891,32.715145],[-117.046962,32.71515],[-117.047432,32.71515],[-117.048842,32.71515],[-117.049312,32.715151],[-117.04931,32.715291],[-117.049306,32.715718],[-117.049306,32.715861],[-117.049304,32.716379],[-117.049298,32.717933],[-117.049297,32.718452],[-117.049298,32.718753],[-117.049304,32.719659],[-117.049307,32.719961],[-117.04931,32.720275],[-117.049321,32.721218],[-117.049325,32.721533],[-117.049326,32.721648],[-117.049329,32.721994],[-117.04933,32.72211],[-117.049331,32.722291],[-117.049334,32.722833],[-117.049335,32.723015],[-117.049342,32.723118],[-117.04935,32.723198],[-117.049346,32.723716],[-117.049332,32.725824],[-117.04933,32.726131],[-117.049332,32.726266],[-117.049325,32.72631],[-117.049308,32.726348],[-117.049281,32.726382],[-117.049171,32.726454],[-117.049193,32.726483],[-117.049262,32.726571],[-117.049286,32.726602],[-117.049276,32.72704],[-117.049249,32.728353],[-117.049241,32.728792],[-117.049237,32.728966],[-117.049226,32.729491],[-117.049223,32.729667],[-117.049256,32.729666],[-117.049358,32.729663],[-117.049392,32.729663],[-117.049599,32.729658],[-117.050223,32.72965],[-117.050432,32.729648],[-117.050583,32.729644],[-117.05073,32.729643],[-117.050757,32.729642],[-117.050742,32.730406],[-117.049922,32.730406],[-117.049922,32.731469],[-117.049631,32.731463],[-117.049376,32.731459],[-117.049376,32.73154],[-117.049375,32.731625],[-117.049375,32.731711],[-117.049371,32.731879],[-117.04937,32.731966],[-117.050071,32.731956],[-117.050085,32.732294],[-117.050084,32.732306],[-117.049789,32.732306],[-117.04978,32.732641],[-117.049762,32.733346],[-117.049876,32.733348],[-117.051575,32.733356],[-117.051607,32.733953],[-117.051634,32.733938],[-117.051748,32.733885],[-117.051869,32.733845],[-117.05194,32.733829],[-117.051843,32.73296],[-117.052569,32.732395],[-117.052609,32.732282],[-117.053053,32.732151],[-117.05484,32.731605],[-117.055285,32.731292],[-117.055327,32.731263],[-117.056318,32.730565],[-117.057406,32.730045],[-117.057554,32.729921],[-117.058132,32.730328],[-117.058165,32.730733],[-117.058207,32.730685],[-117.058287,32.730612],[-117.058377,32.730554],[-117.058457,32.730518],[-117.058466,32.730514],[-117.058548,32.73049],[-117.058644,32.730474],[-117.058785,32.730469],[-117.058963,32.730463],[-117.05945,32.730452],[-117.059499,32.730452],[-117.059541,32.730454],[-117.059678,32.730465]]]}}]}